customer_id,marca_principal,recency_dias,frecuencia_6m,ticket_promedio_usd,ltv_historico_usd,tiempo_entrega_promedio_min,sensibilidad_promos,quejas_recientes,distancia_local_km,churn_delivery,conversion_salon
1,Kobe Sushi,28,4,20.25,257.6,48.0,0.34,0,30.0,0,0
2,Nubori Experience,22,5,44.0,699.26,39.0,0.14,1,3.5,0,1
3,Noe Sushi Bar,109,5,18.67,225.17,20.0,0.15,0,2.5,1,0
4,Noe Sushi Bar,16,8,26.99,795.29,59.0,0.59,0,19.7,1,0
5,Kobe Sushi,13,5,17.32,285.17,50.0,0.16,1,0.5,1,0
6,Kobe Sushi,100,7,17.08,281.81,36.0,0.37,0,13.0,0,0
7,Kobe Sushi,100,4,12.61,103.54,41.0,0.32,1,0.5,0,1
8,Nubori Experience,62,9,60.89,2117.24,69.0,0.28,0,1.8,0,1
9,Noe Sushi Bar,43,4,44.09,389.45,60.0,0.57,0,15.0,0,1
10,Noe Sushi Bar,87,5,27.79,445.95,49.0,0.42,0,0.5,1,0
11,Kobe Sushi,78,4,23.68,195.76,44.0,0.21,0,2.1,1,0
12,Nubori Experience,32,7,64.77,1513.99,44.0,0.23,0,14.2,1,0
13,Nubori Experience,67,7,53.61,1163.96,21.0,0.12,0,7.7,0,1
14,Kobe Sushi,91,5,18.89,170.59,40.0,0.35,0,2.8,0,1
15,Kobe Sushi,83,5,22.66,200.2,30.0,0.62,0,1.3,0,1
16,Kobe Sushi,86,4,16.88,202.52,58.0,0.1,0,0.5,0,1
17,Kobe Sushi,57,6,19.8,215.11,37.0,0.48,0,1.1,1,1
18,Noe Sushi Bar,65,5,46.84,610.56,49.0,0.55,0,0.5,0,1
19,Noe Sushi Bar,69,5,41.04,569.13,54.0,0.42,0,16.9,0,0
20,Kobe Sushi,49,5,13.68,249.26,55.0,0.52,0,8.9,0,0
21,Noe Sushi Bar,33,4,34.69,213.58,39.0,0.14,0,0.5,0,0
22,Kobe Sushi,115,6,21.66,292.61,45.0,0.77,0,7.1,1,0
23,Kobe Sushi,19,4,14.67,202.33,23.0,0.2,0,0.9,1,0
24,Kobe Sushi,36,5,17.34,339.4,65.0,0.29,0,2.6,0,1
25,Noe Sushi Bar,115,8,53.06,1504.22,56.0,0.55,0,17.0,1,0
26,Chef Choy,70,2,43.51,141.91,49.0,0.22,0,6.7,0,0
27,Kobe Sushi,15,6,18.95,260.16,57.0,0.49,0,0.8,0,0
28,Noe Sushi Bar,100,6,54.16,758.81,39.0,0.2,0,16.9,1,0
29,Noe Sushi Bar,120,7,48.01,764.72,53.0,0.56,0,8.3,1,0
30,Kobe Sushi,97,5,11.46,160.64,65.0,0.28,0,7.4,0,0
31,Noe Sushi Bar,24,4,55.76,834.44,45.0,0.26,0,1.4,1,0
32,Kobe Sushi,27,6,28.17,494.0,22.0,0.27,0,2.6,1,0
33,Kobe Sushi,49,7,11.19,247.64,41.0,0.21,0,3.0,0,1
34,Nubori Experience,75,6,45.57,478.02,63.0,0.12,0,4.2,0,0
35,Nubori Experience,113,4,88.46,785.05,81.0,0.18,0,4.7,1,0
36,Nubori Experience,23,9,73.52,1062.75,46.0,0.41,0,0.9,0,1
37,Kobe Sushi,33,8,17.1,372.96,60.0,0.36,0,2.9,0,0
38,Kobe Sushi,41,7,18.77,499.8,39.0,0.69,0,10.0,0,1
39,Noe Sushi Bar,110,2,55.3,172.9,55.0,0.17,0,2.0,0,1
40,Noe Sushi Bar,111,3,59.8,429.98,37.0,0.1,0,14.6,0,0
41,Kobe Sushi,56,2,19.16,66.0,29.0,0.35,0,1.7,0,0
42,Noe Sushi Bar,29,5,40.82,784.81,53.0,0.72,1,2.9,0,1
43,Kobe Sushi,31,2,24.43,144.77,25.0,0.27,0,1.3,0,0
44,Nubori Experience,65,4,63.21,851.96,56.0,0.14,1,2.7,0,0
45,Kobe Sushi,98,7,10.87,295.54,38.0,0.21,0,9.6,0,1
46,Noe Sushi Bar,18,3,44.06,302.57,50.0,0.22,0,5.7,0,1
47,Kobe Sushi,82,8,19.55,327.44,48.0,0.22,0,1.5,0,0
48,Noe Sushi Bar,6,9,57.51,1725.1,20.0,0.48,1,0.5,1,0
49,Noe Sushi Bar,52,4,71.48,663.03,32.0,0.02,2,2.1,0,1
50,Kobe Sushi,40,8,20.56,392.58,56.0,0.18,1,0.6,0,1
51,Nubori Experience,65,5,66.7,1078.99,20.0,0.18,0,3.8,0,1
52,Chef Choy,111,6,33.58,647.2,25.0,0.29,0,1.7,1,0
53,Nubori Experience,42,11,77.28,2600.41,29.0,0.37,0,11.0,0,0
54,Nubori Experience,94,7,72.88,1518.9,44.0,0.28,0,1.8,1,1
55,Noe Sushi Bar,68,7,48.43,642.35,67.0,0.11,0,3.6,0,1
56,Nubori Experience,32,3,45.27,459.65,33.0,0.64,0,4.3,0,0
57,Kobe Sushi,10,5,10.29,120.14,49.0,0.23,0,10.3,0,0
58,Kobe Sushi,107,10,24.68,507.93,43.0,0.29,0,10.8,1,0
59,Kobe Sushi,69,7,20.31,420.37,64.0,0.32,2,0.5,1,0
60,Kobe Sushi,9,3,22.21,131.1,52.0,0.33,0,1.0,0,1
61,Kobe Sushi,69,6,15.82,296.77,66.0,0.63,0,5.0,0,0
62,Kobe Sushi,61,7,12.57,294.13,34.0,0.21,0,3.1,0,1
63,Nubori Experience,11,5,33.97,520.47,50.0,0.04,0,9.7,0,0
64,Kobe Sushi,99,9,13.78,319.78,44.0,0.36,0,4.6,1,0
65,Kobe Sushi,91,6,14.21,163.63,51.0,0.56,0,8.6,0,1
66,Noe Sushi Bar,68,3,44.85,417.9,64.0,0.59,3,2.4,1,0
67,Kobe Sushi,74,4,15.08,117.58,33.0,0.59,1,13.4,1,0
68,Nubori Experience,103,8,47.34,1127.61,39.0,0.33,0,1.7,0,0
69,Kobe Sushi,97,5,17.15,200.06,51.0,0.35,0,3.0,1,1
70,Nubori Experience,102,6,67.91,1281.04,34.0,0.36,0,5.2,0,0
71,Chef Choy,8,7,25.84,668.26,52.0,0.17,0,4.6,0,1
72,Kobe Sushi,49,12,17.45,540.58,44.0,0.66,0,7.0,0,1
73,Kobe Sushi,24,8,15.57,337.38,66.0,0.3,0,8.0,0,0
74,Nubori Experience,103,8,81.37,1618.27,60.0,0.36,0,1.5,0,1
75,Noe Sushi Bar,33,9,21.48,576.32,77.0,0.22,0,1.3,0,0
76,Noe Sushi Bar,105,6,64.64,1041.8,35.0,0.49,1,0.6,0,1
77,Chef Choy,107,12,16.78,347.76,38.0,0.18,0,4.4,1,0
78,Kobe Sushi,19,8,14.28,186.53,39.0,0.33,0,30.0,1,0
79,Kobe Sushi,2,4,17.36,247.37,49.0,0.53,0,1.4,1,0
80,Kobe Sushi,55,7,21.29,558.18,53.0,0.14,0,7.9,0,1
81,Nubori Experience,11,4,62.55,877.42,78.0,0.39,0,0.7,0,0
82,Noe Sushi Bar,99,5,42.53,384.98,63.0,0.72,0,11.8,1,0
83,Kobe Sushi,17,6,26.84,626.9,49.0,0.22,0,15.5,0,0
84,Kobe Sushi,42,12,14.65,544.13,72.0,0.35,0,17.4,0,0
85,Kobe Sushi,61,6,12.07,146.78,45.0,0.05,0,5.0,0,0
86,Kobe Sushi,3,4,20.88,152.95,30.0,0.2,0,6.6,0,1
87,Noe Sushi Bar,86,6,50.9,1032.93,55.0,0.48,2,3.2,0,0
88,Noe Sushi Bar,35,8,34.55,616.59,33.0,0.33,1,4.5,0,0
89,Nubori Experience,85,10,68.71,2017.28,52.0,0.25,0,7.3,0,1
90,Noe Sushi Bar,89,12,54.63,1391.34,25.0,0.07,0,10.5,1,0
91,Kobe Sushi,103,6,15.27,154.77,21.0,0.19,0,17.6,0,1
92,Noe Sushi Bar,66,8,30.48,616.36,61.0,0.43,0,5.3,1,0
93,Chef Choy,1,4,35.77,477.82,43.0,0.77,0,4.7,0,1
94,Noe Sushi Bar,7,6,33.63,667.8,21.0,0.15,0,5.0,0,0
95,Chef Choy,20,4,33.74,265.7,52.0,0.46,0,0.5,1,0
96,Noe Sushi Bar,43,8,41.8,714.32,42.0,0.14,0,5.3,1,0
97,Noe Sushi Bar,119,8,40.71,837.39,56.0,0.03,0,5.0,1,0
98,Noe Sushi Bar,6,7,49.08,1195.33,62.0,0.32,0,0.5,0,1
99,Kobe Sushi,55,8,15.49,399.47,66.0,0.48,0,1.3,0,0
100,Kobe Sushi,100,5,11.79,195.83,38.0,0.45,0,0.9,1,0
101,Kobe Sushi,115,4,24.38,235.5,27.0,0.54,0,3.5,1,0
102,Noe Sushi Bar,21,7,65.56,1672.37,58.0,0.3,0,6.6,0,0
103,Kobe Sushi,51,2,11.5,82.09,44.0,0.65,0,3.1,1,0
104,Noe Sushi Bar,46,3,45.88,265.38,20.0,0.45,0,27.1,0,0
105,Nubori Experience,35,6,64.16,936.87,48.0,0.07,0,0.5,0,1
106,Kobe Sushi,100,7,10.0,236.09,23.0,0.41,0,15.8,0,0
107,Noe Sushi Bar,8,5,47.54,722.9,35.0,0.22,0,5.9,0,0
108,Chef Choy,114,5,27.16,459.29,37.0,0.11,0,1.4,1,0
109,Kobe Sushi,68,10,25.03,775.22,51.0,0.26,0,6.6,0,0
110,Kobe Sushi,107,10,26.01,632.44,66.0,0.34,0,0.5,0,1
111,Kobe Sushi,16,3,15.71,92.41,60.0,0.03,0,2.9,0,0
112,Kobe Sushi,67,7,19.26,373.17,44.0,0.22,0,1.0,1,0
113,Nubori Experience,71,9,71.33,1554.97,49.0,0.49,0,1.1,0,1
114,Nubori Experience,64,8,63.41,951.29,44.0,0.06,0,8.6,0,0
115,Noe Sushi Bar,2,7,34.1,599.53,43.0,0.2,1,1.7,0,0
116,Nubori Experience,1,6,59.91,1064.0,38.0,0.12,0,3.2,0,1
117,Nubori Experience,58,5,34.94,575.48,32.0,0.29,0,10.9,0,1
118,Kobe Sushi,1,8,12.64,205.92,38.0,0.29,2,1.4,1,0
119,Nubori Experience,102,9,62.9,1988.48,33.0,0.44,0,1.9,1,0
120,Noe Sushi Bar,115,4,49.4,456.95,43.0,0.16,0,0.9,1,0
121,Nubori Experience,7,3,54.32,347.26,24.0,0.07,1,2.8,0,0
122,Nubori Experience,88,4,72.28,673.09,38.0,0.39,0,18.9,0,0
123,Kobe Sushi,69,7,12.42,292.13,38.0,0.54,0,8.7,0,0
124,Kobe Sushi,85,9,25.74,721.76,42.0,0.25,1,0.5,1,0
125,Kobe Sushi,92,9,14.12,353.61,20.0,0.39,1,6.9,0,1
126,Noe Sushi Bar,18,6,44.47,654.05,73.0,0.05,0,4.1,1,0
127,Nubori Experience,88,5,42.11,736.06,20.0,0.19,0,2.9,0,1
128,Nubori Experience,32,5,67.53,576.07,41.0,0.3,0,2.5,0,0
129,Kobe Sushi,45,4,10.0,75.05,41.0,0.48,0,3.9,0,0
130,Noe Sushi Bar,33,7,30.73,356.5,52.0,0.19,0,8.6,0,0
131,Noe Sushi Bar,74,11,48.36,1258.3,54.0,0.21,0,1.8,1,0
132,Kobe Sushi,73,11,27.54,1041.56,48.0,0.26,2,18.6,1,0
133,Kobe Sushi,49,5,22.14,437.72,55.0,0.05,0,8.6,0,0
134,Kobe Sushi,33,5,17.79,330.65,39.0,0.27,3,0.8,1,0
135,Nubori Experience,97,6,44.85,600.23,46.0,0.06,0,1.8,1,0
136,Kobe Sushi,71,4,24.23,309.78,38.0,0.3,1,9.3,0,1
137,Noe Sushi Bar,68,6,53.25,737.87,25.0,0.78,0,15.2,0,1
138,Noe Sushi Bar,28,7,34.84,496.94,77.0,0.31,0,5.3,0,0
139,Kobe Sushi,87,5,13.99,111.33,49.0,0.18,0,0.5,1,0
140,Nubori Experience,53,5,71.79,825.46,30.0,0.58,0,3.7,0,0
141,Nubori Experience,96,6,54.5,678.71,35.0,0.05,0,2.8,0,1
142,Kobe Sushi,44,5,10.4,91.56,34.0,0.45,0,9.1,0,1
143,Noe Sushi Bar,80,5,50.48,1006.71,46.0,0.27,2,1.9,1,0
144,Kobe Sushi,110,6,12.06,114.07,36.0,0.24,0,11.0,1,0
145,Kobe Sushi,55,5,20.36,323.67,45.0,0.28,2,0.6,0,1
146,Kobe Sushi,10,3,14.03,123.06,50.0,0.34,0,10.6,0,1
147,Noe Sushi Bar,14,5,41.27,467.84,29.0,0.2,0,1.4,0,0
148,Noe Sushi Bar,103,3,54.83,525.22,56.0,0.54,0,0.5,0,1
149,Kobe Sushi,36,6,23.08,404.01,75.0,0.31,3,0.6,1,0
150,Kobe Sushi,34,11,14.19,440.14,42.0,0.28,0,5.4,0,0
151,Nubori Experience,88,2,28.14,219.22,47.0,0.28,1,3.0,0,1
152,Kobe Sushi,18,5,19.3,269.44,20.0,0.32,0,2.6,0,1
153,Kobe Sushi,16,3,19.06,203.07,40.0,0.4,0,9.1,0,0
154,Noe Sushi Bar,105,5,53.78,755.32,58.0,0.3,0,0.8,0,0
155,Nubori Experience,37,3,67.15,734.67,49.0,0.53,1,2.4,1,0
156,Kobe Sushi,41,4,11.22,95.27,30.0,0.53,1,4.4,1,0
157,Noe Sushi Bar,25,9,48.77,1428.42,52.0,0.42,1,13.1,0,1
158,Chef Choy,8,6,22.95,257.71,62.0,0.26,0,9.5,0,0
159,Kobe Sushi,88,3,23.86,206.08,79.0,0.23,0,15.2,0,0
160,Noe Sushi Bar,84,5,36.26,687.56,53.0,0.44,0,6.1,1,0
161,Kobe Sushi,112,4,17.48,111.4,55.0,0.23,0,3.3,0,0
162,Noe Sushi Bar,94,8,38.58,651.57,43.0,0.34,0,10.2,0,1
163,Noe Sushi Bar,84,11,47.93,2095.27,59.0,0.34,0,2.7,0,1
164,Noe Sushi Bar,18,8,25.34,792.04,52.0,0.44,0,0.8,0,1
165,Kobe Sushi,68,7,18.14,251.4,57.0,0.18,0,5.0,0,0
166,Nubori Experience,48,2,54.81,258.57,75.0,0.06,0,5.4,0,0
167,Kobe Sushi,100,5,20.78,413.23,50.0,0.13,0,5.8,0,1
168,Kobe Sushi,70,5,20.58,314.18,29.0,0.11,0,6.8,0,0
169,Kobe Sushi,67,9,10.0,189.09,34.0,0.2,0,2.6,0,0
170,Noe Sushi Bar,18,9,40.29,1145.88,52.0,0.29,0,2.7,0,1
171,Noe Sushi Bar,111,5,51.97,753.38,52.0,0.24,1,12.2,0,0
172,Kobe Sushi,104,4,17.02,219.48,62.0,0.73,0,3.0,1,0
173,Noe Sushi Bar,18,7,26.53,526.49,56.0,0.15,0,1.3,0,0
174,Kobe Sushi,56,3,10.05,117.76,46.0,0.46,1,7.7,0,1
175,Noe Sushi Bar,23,3,45.47,537.9,37.0,0.22,0,0.6,0,1
176,Kobe Sushi,35,5,14.74,163.29,50.0,0.11,0,4.5,0,0
177,Noe Sushi Bar,6,5,48.84,694.66,59.0,0.51,0,5.1,0,0
178,Kobe Sushi,118,10,25.68,608.0,44.0,0.14,0,6.4,1,0
179,Nubori Experience,26,6,64.75,613.98,44.0,0.31,1,1.0,0,1
180,Kobe Sushi,85,8,20.59,295.03,42.0,0.44,0,6.1,1,0
181,Kobe Sushi,61,6,20.93,353.56,35.0,0.15,0,0.5,0,1
182,Kobe Sushi,88,3,18.26,139.76,53.0,0.01,1,0.5,0,1
183,Nubori Experience,15,8,77.46,2005.2,28.0,0.03,1,10.8,0,1
184,Nubori Experience,91,4,62.66,641.39,57.0,0.26,1,14.2,1,0
185,Kobe Sushi,32,10,16.79,265.01,48.0,0.21,0,0.8,0,1
186,Noe Sushi Bar,12,7,29.89,516.65,52.0,0.36,1,11.4,0,0
187,Nubori Experience,5,5,77.32,624.9,20.0,0.36,0,6.6,1,0
188,Noe Sushi Bar,64,6,31.83,618.92,54.0,0.33,0,5.7,1,0
189,Noe Sushi Bar,71,4,37.85,437.67,52.0,0.46,0,2.2,1,0
190,Kobe Sushi,86,4,21.25,310.9,87.0,0.34,0,2.8,0,1
191,Kobe Sushi,27,7,13.93,344.32,31.0,0.38,0,1.7,0,1
192,Nubori Experience,79,3,78.6,731.96,32.0,0.03,0,4.8,0,1
193,Nubori Experience,103,8,77.13,2267.37,74.0,0.08,0,1.9,0,1
194,Noe Sushi Bar,45,10,54.29,880.5,32.0,0.54,0,1.4,1,0
195,Kobe Sushi,35,5,23.16,209.41,34.0,0.72,0,5.4,0,0
196,Kobe Sushi,26,6,12.24,118.19,42.0,0.15,0,10.9,0,1
197,Noe Sushi Bar,23,2,40.5,171.31,58.0,0.5,0,5.6,0,0
198,Nubori Experience,13,9,91.98,1946.72,28.0,0.26,0,0.5,0,1
199,Nubori Experience,90,3,80.54,652.53,28.0,0.39,0,9.1,0,0
200,Chef Choy,3,6,37.28,434.69,23.0,0.29,0,3.8,0,0
201,Noe Sushi Bar,29,6,37.68,798.09,42.0,0.44,1,1.4,0,0
202,Kobe Sushi,66,6,18.68,219.57,29.0,0.25,0,17.1,0,0
203,Kobe Sushi,64,13,11.65,448.08,39.0,0.27,0,20.1,0,1
204,Nubori Experience,28,3,73.24,637.97,41.0,0.33,0,5.4,1,0
205,Noe Sushi Bar,87,3,55.96,463.85,60.0,0.25,0,7.6,0,0
206,Kobe Sushi,36,7,25.83,699.07,72.0,0.01,0,5.3,0,1
207,Kobe Sushi,113,8,25.0,543.22,48.0,0.78,0,3.9,0,1
208,Noe Sushi Bar,6,5,51.48,762.7,23.0,0.83,2,0.5,0,1
209,Kobe Sushi,11,5,10.0,155.06,58.0,0.43,0,9.8,0,0
210,Kobe Sushi,38,7,15.37,328.8,39.0,0.28,0,2.2,0,1
211,Noe Sushi Bar,118,6,31.19,618.04,31.0,0.06,0,3.6,1,0
212,Noe Sushi Bar,34,7,24.44,581.15,74.0,0.41,3,1.4,1,0
213,Noe Sushi Bar,81,5,61.4,1142.43,42.0,0.47,0,6.3,0,0
214,Kobe Sushi,67,7,14.91,175.05,39.0,0.08,0,24.5,0,0
215,Noe Sushi Bar,108,8,43.98,1207.52,64.0,0.42,0,0.7,1,0
216,Kobe Sushi,46,5,13.49,178.03,81.0,0.17,0,2.4,1,0
217,Kobe Sushi,98,4,18.91,174.94,27.0,0.75,0,6.6,1,0
218,Noe Sushi Bar,86,6,48.48,526.13,80.0,0.2,0,3.8,0,0
219,Noe Sushi Bar,29,5,35.1,639.82,53.0,0.23,0,5.1,0,1
220,Nubori Experience,60,5,44.38,864.12,54.0,0.43,0,19.3,0,1
221,Noe Sushi Bar,54,8,57.34,1215.28,53.0,0.33,0,0.8,1,0
222,Noe Sushi Bar,93,10,30.21,1129.14,57.0,0.33,0,1.6,0,1
223,Kobe Sushi,69,1,24.69,49.23,40.0,0.52,0,1.3,0,0
224,Kobe Sushi,74,3,14.65,148.72,61.0,0.46,0,15.7,1,0
225,Kobe Sushi,74,5,14.17,233.68,43.0,0.62,0,7.1,0,1
226,Kobe Sushi,117,5,17.31,195.77,54.0,0.55,0,24.4,1,0
227,Nubori Experience,9,4,50.47,466.63,48.0,0.73,1,0.5,1,0
228,Kobe Sushi,85,3,16.98,139.71,66.0,0.35,0,5.2,0,1
229,Nubori Experience,77,9,79.77,1505.42,43.0,0.24,1,7.5,1,0
230,Noe Sushi Bar,10,9,40.94,1256.66,42.0,0.29,0,8.4,0,0
231,Chef Choy,102,4,24.78,379.83,20.0,0.21,2,1.1,1,0
232,Noe Sushi Bar,75,6,44.0,855.72,41.0,0.59,0,1.6,0,0
233,Noe Sushi Bar,68,7,30.12,366.66,79.0,0.27,0,5.3,1,1
234,Noe Sushi Bar,58,5,62.02,851.17,45.0,0.02,0,6.9,1,0
235,Kobe Sushi,110,5,14.75,180.54,39.0,0.6,0,0.5,0,1
236,Noe Sushi Bar,95,5,36.56,381.21,61.0,0.61,1,10.3,1,0
237,Kobe Sushi,113,7,21.76,361.69,52.0,0.03,1,5.5,0,0
238,Kobe Sushi,52,7,10.0,108.28,43.0,0.15,3,3.0,0,1
239,Noe Sushi Bar,34,6,31.13,435.81,33.0,0.55,1,4.5,0,1
240,Kobe Sushi,106,3,26.47,309.95,32.0,0.4,0,3.1,0,0
241,Nubori Experience,35,2,66.65,442.26,79.0,0.33,0,2.0,1,0
242,Nubori Experience,103,6,90.66,1497.19,58.0,0.3,0,1.7,0,1
243,Nubori Experience,103,3,62.72,671.44,41.0,0.06,0,3.4,1,0
244,Kobe Sushi,33,8,18.91,494.03,40.0,0.37,0,8.0,0,1
245,Kobe Sushi,72,8,18.28,509.56,29.0,0.17,0,2.4,0,0
246,Nubori Experience,32,4,52.86,817.95,39.0,0.36,0,3.4,1,0
247,Noe Sushi Bar,55,11,35.54,1075.86,33.0,0.41,2,6.1,0,0
248,Nubori Experience,97,9,37.93,1148.26,54.0,0.32,0,3.0,1,1
249,Nubori Experience,8,7,61.96,1343.53,57.0,0.28,0,2.5,0,0
250,Nubori Experience,46,3,74.0,803.27,63.0,0.35,0,9.2,1,0
251,Kobe Sushi,14,6,10.0,232.09,41.0,0.47,0,3.8,0,1
252,Kobe Sushi,98,10,28.28,801.17,36.0,0.39,0,0.9,1,0
253,Nubori Experience,8,6,59.7,762.58,40.0,0.32,2,0.5,0,1
254,Kobe Sushi,115,7,15.25,413.45,55.0,0.18,0,13.9,1,0
255,Kobe Sushi,106,12,16.48,722.61,69.0,0.58,0,21.0,1,0
256,Noe Sushi Bar,71,4,47.3,486.86,55.0,0.31,0,5.3,0,0
257,Nubori Experience,77,8,77.21,1859.86,40.0,0.53,0,4.6,0,1
258,Noe Sushi Bar,54,7,33.91,589.96,54.0,0.41,0,6.8,0,0
259,Noe Sushi Bar,21,12,45.04,1830.26,46.0,0.12,0,7.5,0,0
260,Kobe Sushi,111,6,21.56,407.91,48.0,0.43,0,4.5,0,0
261,Noe Sushi Bar,96,9,37.48,1152.31,53.0,0.58,0,1.6,1,0
262,Nubori Experience,75,5,67.24,1111.22,62.0,0.2,0,2.1,0,1
263,Kobe Sushi,14,7,18.97,514.55,50.0,0.38,0,0.5,0,1
264,Noe Sushi Bar,75,4,25.5,343.49,47.0,0.43,0,10.0,0,0
265,Nubori Experience,2,7,46.99,992.51,42.0,0.53,0,14.2,0,0
266,Noe Sushi Bar,98,9,43.48,750.28,40.0,0.53,0,0.7,1,0
267,Noe Sushi Bar,61,3,23.37,120.19,29.0,0.18,1,8.2,1,0
268,Noe Sushi Bar,108,5,38.2,743.76,39.0,0.5,0,11.3,1,0
269,Kobe Sushi,111,4,17.16,232.46,38.0,0.51,0,5.9,1,0
270,Kobe Sushi,17,5,12.29,235.35,47.0,0.2,0,0.6,0,1
271,Nubori Experience,78,9,51.43,700.39,66.0,0.25,0,7.8,0,1
272,Nubori Experience,89,9,80.84,2680.6,45.0,0.06,0,0.5,0,1
273,Nubori Experience,48,2,69.81,378.51,72.0,0.08,0,14.6,0,0
274,Nubori Experience,91,5,57.44,945.03,48.0,0.85,1,2.3,1,1
275,Noe Sushi Bar,8,8,54.95,855.2,24.0,0.33,0,7.4,0,1
276,Noe Sushi Bar,56,7,46.8,765.25,39.0,0.19,0,19.2,1,0
277,Chef Choy,17,10,25.52,949.6,40.0,0.14,0,26.6,0,0
278,Noe Sushi Bar,69,8,50.31,963.41,58.0,0.37,2,13.1,0,0
279,Noe Sushi Bar,12,11,64.77,2527.37,41.0,0.37,0,1.0,0,1
280,Chef Choy,38,7,13.79,178.7,38.0,0.1,0,8.6,0,0
281,Nubori Experience,18,13,55.37,1298.95,26.0,0.25,0,3.2,0,0
282,Kobe Sushi,26,9,13.51,423.27,33.0,0.22,0,0.5,0,1
283,Kobe Sushi,95,4,23.25,246.78,31.0,0.55,1,2.1,0,0
284,Kobe Sushi,37,4,17.54,127.11,20.0,0.28,1,4.5,0,0
285,Noe Sushi Bar,70,9,13.99,218.06,20.0,0.6,0,3.8,0,1
286,Kobe Sushi,41,3,15.67,112.98,33.0,0.61,0,10.9,0,1
287,Noe Sushi Bar,79,5,52.52,1012.51,26.0,0.69,0,2.6,0,0
288,Noe Sushi Bar,42,5,39.08,722.77,48.0,0.5,0,1.9,0,0
289,Kobe Sushi,113,6,19.27,276.32,67.0,0.07,0,14.3,0,0
290,Noe Sushi Bar,90,7,40.2,595.69,34.0,0.2,0,3.6,0,1
291,Kobe Sushi,115,5,11.62,103.45,65.0,0.36,0,12.8,1,1
292,Kobe Sushi,76,8,22.26,533.18,50.0,0.32,0,1.1,0,1
293,Nubori Experience,41,8,60.59,997.75,63.0,0.13,2,1.9,1,0
294,Kobe Sushi,47,7,13.15,334.9,57.0,0.3,0,17.4,0,0
295,Kobe Sushi,14,4,15.47,102.85,24.0,0.38,1,0.8,0,0
296,Noe Sushi Bar,1,7,56.02,676.19,34.0,0.24,0,7.0,0,1
297,Chef Choy,17,5,37.41,337.0,30.0,0.11,0,3.7,1,0
298,Kobe Sushi,97,6,25.58,263.64,53.0,0.55,0,2.4,1,0
299,Noe Sushi Bar,55,5,27.38,501.39,22.0,0.25,0,12.4,0,1
300,Kobe Sushi,93,6,23.52,427.85,55.0,0.35,1,12.8,0,0
301,Kobe Sushi,53,7,18.33,346.6,65.0,0.68,0,1.6,0,0
302,Noe Sushi Bar,118,4,30.4,440.1,37.0,0.2,0,10.0,0,1
303,Noe Sushi Bar,109,6,32.28,540.33,40.0,0.21,0,15.1,1,0
304,Noe Sushi Bar,31,4,64.99,1014.95,74.0,0.46,0,9.1,0,1
305,Noe Sushi Bar,62,3,39.41,210.26,36.0,0.21,0,7.4,0,1
306,Nubori Experience,8,6,66.71,1093.71,60.0,0.2,0,25.6,0,0
307,Noe Sushi Bar,30,9,42.7,1504.51,53.0,0.36,0,1.1,0,0
308,Kobe Sushi,77,5,20.5,169.58,26.0,0.18,0,2.7,0,1
309,Chef Choy,80,5,23.4,405.61,46.0,0.32,0,2.2,0,1
310,Kobe Sushi,66,7,17.81,417.13,61.0,0.5,0,1.8,0,1
311,Noe Sushi Bar,45,1,47.4,173.14,23.0,0.53,1,4.1,0,0
312,Kobe Sushi,18,5,17.53,317.14,56.0,0.08,0,0.5,0,1
313,Kobe Sushi,99,4,15.0,187.49,55.0,0.25,0,0.5,0,1
314,Nubori Experience,45,5,65.45,627.0,28.0,0.29,1,0.5,0,0
315,Nubori Experience,19,5,53.99,461.58,42.0,0.17,1,7.3,0,0
316,Noe Sushi Bar,77,8,26.24,680.89,39.0,0.18,0,2.6,1,0
317,Noe Sushi Bar,115,7,35.38,587.94,54.0,0.27,0,9.7,1,0
318,Kobe Sushi,68,7,17.47,483.51,26.0,0.19,1,4.3,1,0
319,Kobe Sushi,83,5,18.36,159.87,34.0,0.57,1,1.0,0,0
320,Kobe Sushi,50,6,22.34,438.19,65.0,0.18,0,26.5,0,0
321,Noe Sushi Bar,25,5,23.86,398.78,44.0,0.38,0,8.1,0,1
322,Noe Sushi Bar,38,11,35.18,855.82,49.0,0.5,0,2.6,0,1
323,Noe Sushi Bar,115,6,54.84,1281.85,68.0,0.23,0,5.1,0,0
324,Kobe Sushi,95,7,20.19,450.7,48.0,0.08,2,5.0,0,1
325,Nubori Experience,36,12,60.11,2290.64,45.0,0.28,0,3.6,0,1
326,Noe Sushi Bar,68,3,45.83,362.1,56.0,0.18,0,5.9,0,0
327,Noe Sushi Bar,56,3,47.43,284.12,34.0,0.17,0,2.8,0,1
328,Noe Sushi Bar,39,4,37.46,393.18,35.0,0.56,0,7.3,0,1
329,Noe Sushi Bar,63,7,34.45,737.82,36.0,0.09,1,4.5,0,1
330,Kobe Sushi,7,7,15.39,164.67,25.0,0.42,0,3.2,1,0
331,Kobe Sushi,119,5,13.59,169.91,27.0,0.22,0,3.3,0,0
332,Chef Choy,58,4,26.49,357.09,56.0,0.45,2,3.9,1,0
333,Kobe Sushi,80,9,23.54,779.65,58.0,0.26,0,7.3,0,0
334,Kobe Sushi,59,4,19.56,259.05,64.0,0.26,2,1.8,1,0
335,Kobe Sushi,48,7,19.12,465.26,48.0,0.42,2,1.1,0,1
336,Kobe Sushi,5,6,11.81,246.44,52.0,0.37,0,1.0,1,0
337,Nubori Experience,111,4,68.46,544.79,44.0,0.23,0,8.6,0,0
338,Noe Sushi Bar,87,6,45.55,1086.0,33.0,0.39,1,4.4,0,1
339,Noe Sushi Bar,36,6,55.87,738.07,24.0,0.45,0,20.0,0,0
340,Kobe Sushi,96,4,17.89,249.0,52.0,0.15,0,1.9,0,0
341,Noe Sushi Bar,88,4,40.11,293.33,40.0,0.46,2,0.5,1,0
342,Noe Sushi Bar,25,6,54.64,850.82,37.0,0.35,0,0.8,0,0
343,Kobe Sushi,45,7,19.29,397.22,41.0,0.14,2,15.5,0,1
344,Noe Sushi Bar,92,6,24.53,588.71,48.0,0.22,0,1.0,0,0
345,Kobe Sushi,19,5,11.34,174.94,20.0,0.34,0,13.2,0,0
346,Noe Sushi Bar,7,4,66.67,600.07,20.0,0.13,0,0.7,0,1
347,Noe Sushi Bar,108,7,53.0,1328.25,24.0,0.45,0,1.8,0,0
348,Kobe Sushi,58,5,14.64,135.8,53.0,0.14,0,7.7,0,0
349,Kobe Sushi,105,9,18.98,641.05,44.0,0.2,0,1.4,0,0
350,Noe Sushi Bar,81,6,52.82,747.62,27.0,0.44,0,2.2,1,0
351,Noe Sushi Bar,66,9,54.76,1308.58,63.0,0.53,2,3.0,1,0
352,Nubori Experience,80,4,92.89,945.45,42.0,0.35,0,0.8,0,1
353,Noe Sushi Bar,39,7,12.02,155.59,32.0,0.08,1,9.0,1,0
354,Kobe Sushi,18,6,17.68,277.98,59.0,0.14,0,3.9,0,1
355,Kobe Sushi,103,5,16.33,160.84,43.0,0.31,0,8.2,0,0
356,Noe Sushi Bar,1,7,38.84,932.44,30.0,0.29,0,4.7,0,1
357,Kobe Sushi,63,5,18.53,224.47,34.0,0.77,0,4.7,0,1
358,Noe Sushi Bar,3,5,37.91,568.82,29.0,0.18,0,7.3,0,1
359,Nubori Experience,21,5,86.47,1652.23,22.0,0.24,0,7.8,0,0
360,Noe Sushi Bar,30,4,57.18,712.89,38.0,0.34,0,14.7,0,0
361,Kobe Sushi,11,7,16.22,328.19,20.0,0.66,0,3.8,0,1
362,Noe Sushi Bar,22,7,41.23,1140.3,58.0,0.09,0,7.2,0,1
363,Noe Sushi Bar,111,5,35.21,320.57,56.0,0.63,0,0.7,1,0
364,Noe Sushi Bar,57,8,44.68,953.02,42.0,0.27,0,7.0,1,0
365,Nubori Experience,89,6,65.39,927.47,48.0,0.13,0,3.0,0,1
366,Kobe Sushi,3,8,17.04,293.78,35.0,0.35,0,3.3,0,0
367,Nubori Experience,30,2,84.68,558.07,40.0,0.09,0,30.0,0,0
368,Nubori Experience,88,7,55.49,1096.12,32.0,0.55,0,9.7,0,0
369,Kobe Sushi,45,7,13.02,357.35,55.0,0.19,0,10.2,0,0
370,Kobe Sushi,36,7,22.69,314.88,41.0,0.23,0,9.4,0,0
371,Kobe Sushi,87,5,24.25,257.42,65.0,0.67,0,4.5,0,1
372,Kobe Sushi,118,8,19.67,506.69,45.0,0.29,0,0.5,0,1
373,Kobe Sushi,72,8,15.44,384.56,31.0,0.39,0,5.9,1,0
374,Noe Sushi Bar,64,5,52.14,882.02,46.0,0.37,0,7.2,0,0
375,Kobe Sushi,54,7,13.25,260.99,33.0,0.24,0,10.7,0,1
376,Kobe Sushi,68,4,21.38,332.36,67.0,0.3,0,9.3,0,0
377,Nubori Experience,50,4,60.13,866.97,34.0,0.41,0,0.6,0,1
378,Kobe Sushi,103,10,18.06,520.06,20.0,0.6,0,3.6,0,1
379,Nubori Experience,107,7,58.32,1574.56,27.0,0.44,0,12.7,0,1
380,Kobe Sushi,31,5,18.18,249.37,66.0,0.11,1,0.7,0,1
381,Kobe Sushi,29,2,15.04,47.08,38.0,0.51,1,4.4,1,0
382,Noe Sushi Bar,59,11,52.93,1700.97,20.0,0.41,0,13.0,1,0
383,Noe Sushi Bar,36,2,64.33,424.94,51.0,0.49,0,10.0,0,1
384,Nubori Experience,77,5,63.01,785.58,47.0,0.35,0,2.3,0,1
385,Noe Sushi Bar,105,6,43.41,940.05,57.0,0.22,0,16.7,0,1
386,Nubori Experience,73,7,90.65,1138.34,36.0,0.74,0,0.5,1,0
387,Kobe Sushi,119,3,22.69,191.37,48.0,0.26,0,1.8,1,0
388,Kobe Sushi,85,3,24.21,262.33,20.0,0.27,0,2.5,1,0
389,Chef Choy,115,3,24.45,113.53,37.0,0.55,0,4.0,1,0
390,Nubori Experience,67,10,72.1,2276.69,64.0,0.44,0,3.3,0,1
391,Nubori Experience,89,7,58.53,641.19,36.0,0.53,0,5.5,0,1
392,Noe Sushi Bar,89,6,40.35,492.45,22.0,0.47,0,8.6,1,0
393,Kobe Sushi,76,6,10.62,178.27,24.0,0.42,0,6.1,1,0
394,Chef Choy,93,5,15.18,215.46,38.0,0.69,1,5.8,0,0
395,Kobe Sushi,11,8,20.32,581.12,33.0,0.53,0,1.0,1,0
396,Nubori Experience,116,8,40.55,845.28,31.0,0.15,0,12.6,0,0
397,Nubori Experience,11,6,64.33,852.42,50.0,0.31,0,3.2,0,0
398,Noe Sushi Bar,113,7,58.55,1202.59,29.0,0.27,0,7.0,0,0
399,Chef Choy,26,11,29.15,917.2,59.0,0.23,0,9.0,0,0
400,Chef Choy,53,3,25.93,133.06,34.0,0.45,1,6.6,1,1
401,Kobe Sushi,14,4,14.24,178.18,40.0,0.27,0,2.2,0,0
402,Nubori Experience,64,8,58.06,812.81,51.0,0.18,0,6.8,1,0
403,Noe Sushi Bar,80,11,26.76,1020.28,44.0,0.39,0,10.2,1,0
404,Nubori Experience,120,7,57.62,707.89,63.0,0.26,0,0.5,0,0
405,Kobe Sushi,10,2,15.75,66.37,41.0,0.47,0,2.3,1,0
406,Nubori Experience,31,6,53.75,719.37,20.0,0.33,0,0.6,0,0
407,Kobe Sushi,95,8,22.6,419.13,25.0,0.4,0,1.9,0,0
408,Kobe Sushi,36,2,15.31,72.96,75.0,0.61,0,5.2,1,0
409,Nubori Experience,10,9,72.47,2304.22,38.0,0.38,0,2.7,0,0
410,Kobe Sushi,26,8,28.09,577.68,68.0,0.52,0,9.4,0,1
411,Kobe Sushi,20,7,15.99,187.27,20.0,0.35,1,0.6,0,0
412,Nubori Experience,44,5,88.85,1192.8,64.0,0.15,0,3.2,1,0
413,Nubori Experience,62,6,40.29,383.81,63.0,0.23,0,7.7,1,0
414,Noe Sushi Bar,73,4,68.5,740.78,20.0,0.3,0,4.9,1,0
415,Noe Sushi Bar,79,4,37.27,367.93,48.0,0.42,1,7.8,1,0
416,Noe Sushi Bar,9,3,45.02,349.59,30.0,0.17,0,0.6,0,0
417,Kobe Sushi,71,4,26.84,257.51,54.0,0.39,0,1.8,0,1
418,Kobe Sushi,90,7,15.38,188.1,39.0,0.42,0,0.8,0,1
419,Noe Sushi Bar,24,6,42.32,979.16,20.0,0.83,0,4.5,0,0
420,Chef Choy,12,4,20.89,230.85,42.0,0.29,0,1.3,0,0
421,Chef Choy,60,4,14.95,177.07,20.0,0.33,0,0.6,1,0
422,Chef Choy,84,7,15.59,300.27,32.0,0.26,0,4.6,1,0
423,Kobe Sushi,120,4,14.0,121.68,45.0,0.26,0,12.7,1,0
424,Noe Sushi Bar,78,5,51.51,984.75,47.0,0.2,0,26.0,1,0
425,Kobe Sushi,86,5,16.24,295.87,39.0,0.34,0,13.1,0,0
426,Noe Sushi Bar,16,6,49.68,862.28,57.0,0.4,2,5.3,1,0
427,Noe Sushi Bar,29,8,60.16,1389.53,49.0,0.49,0,0.5,0,1
428,Nubori Experience,32,12,66.82,1825.12,36.0,0.17,0,0.5,0,0
429,Kobe Sushi,83,11,16.89,620.47,67.0,0.36,0,1.1,0,1
430,Kobe Sushi,119,2,14.76,105.71,48.0,0.34,0,0.6,0,0
431,Kobe Sushi,35,6,20.58,270.35,30.0,0.14,0,0.5,0,0
432,Chef Choy,43,3,31.9,313.79,24.0,0.48,0,2.0,0,0
433,Noe Sushi Bar,96,3,47.48,473.45,56.0,0.09,1,2.1,1,0
434,Kobe Sushi,119,2,10.0,60.33,37.0,0.45,0,5.9,0,0
435,Kobe Sushi,53,6,10.0,182.41,34.0,0.33,0,1.2,0,0
436,Noe Sushi Bar,20,4,40.27,417.6,55.0,0.48,0,1.9,0,0
437,Kobe Sushi,115,4,12.14,130.12,56.0,0.23,0,5.0,0,1
438,Nubori Experience,104,6,63.39,883.48,38.0,0.33,0,3.8,1,0
439,Noe Sushi Bar,84,5,66.46,698.96,41.0,0.71,0,5.5,0,1
440,Kobe Sushi,8,6,25.49,495.31,53.0,0.07,2,2.2,0,0
441,Kobe Sushi,99,7,19.52,209.13,55.0,0.23,0,1.8,0,0
442,Nubori Experience,42,5,74.97,1072.04,68.0,0.44,3,2.3,1,0
443,Kobe Sushi,77,4,16.59,231.61,28.0,0.15,0,3.9,1,0
444,Kobe Sushi,105,8,21.86,502.34,48.0,0.12,0,7.5,0,0
445,Nubori Experience,70,3,71.47,578.29,61.0,0.35,0,2.6,0,1
446,Nubori Experience,111,8,35.17,997.48,36.0,0.55,0,8.9,0,1
447,Nubori Experience,16,7,77.96,1192.06,56.0,0.13,0,14.5,0,0
448,Chef Choy,69,7,26.8,500.81,22.0,0.08,0,2.9,1,0
449,Kobe Sushi,53,3,18.68,185.6,20.0,0.26,0,0.5,0,1
450,Kobe Sushi,45,2,15.55,109.88,52.0,0.38,0,4.7,1,0
451,Chef Choy,51,5,33.47,517.16,33.0,0.19,0,1.2,0,0
452,Noe Sushi Bar,98,9,33.19,1082.33,57.0,0.5,0,4.5,1,0
453,Noe Sushi Bar,6,6,58.1,1176.53,36.0,0.28,0,0.7,0,0
454,Nubori Experience,33,9,75.25,1117.38,70.0,0.42,0,3.3,1,0
455,Kobe Sushi,79,7,12.17,208.56,32.0,0.19,0,3.8,0,1
456,Noe Sushi Bar,15,3,40.98,286.98,27.0,0.58,0,1.5,1,0
457,Kobe Sushi,14,3,18.51,200.39,48.0,0.14,0,3.5,0,0
458,Noe Sushi Bar,39,7,41.53,610.03,41.0,0.09,1,12.7,1,0
459,Kobe Sushi,63,3,18.63,159.68,35.0,0.14,0,12.1,1,0
460,Kobe Sushi,5,7,22.55,375.63,31.0,0.32,1,20.9,0,0
461,Kobe Sushi,116,4,19.25,184.66,52.0,0.07,1,4.7,0,0
462,Noe Sushi Bar,90,3,51.97,270.57,50.0,0.61,0,4.9,0,1
463,Noe Sushi Bar,112,8,46.94,888.83,41.0,0.6,0,2.6,0,0
464,Noe Sushi Bar,81,4,48.42,663.26,48.0,0.17,0,11.3,0,0
465,Nubori Experience,107,7,67.87,1250.34,47.0,0.31,0,0.5,1,0
466,Kobe Sushi,111,6,17.17,245.06,29.0,0.19,2,4.4,0,1
467,Kobe Sushi,52,8,12.42,178.68,29.0,0.27,1,17.0,0,0
468,Nubori Experience,16,5,36.66,707.08,20.0,0.48,1,7.3,0,0
469,Kobe Sushi,99,10,14.17,464.58,55.0,0.32,0,2.7,0,0
470,Nubori Experience,38,5,63.58,1066.22,55.0,0.18,0,4.3,1,0
471,Kobe Sushi,53,8,10.92,267.5,48.0,0.2,0,1.4,1,0
472,Nubori Experience,87,4,48.73,565.06,43.0,0.29,0,10.3,0,0
473,Kobe Sushi,77,5,21.02,175.42,47.0,0.13,0,5.1,1,0
474,Nubori Experience,97,1,71.71,253.58,52.0,0.43,0,0.5,0,1
475,Noe Sushi Bar,93,8,32.88,529.45,59.0,0.26,0,0.5,1,0
476,Nubori Experience,53,3,55.23,403.36,39.0,0.11,0,5.6,0,0
477,Kobe Sushi,46,8,15.13,241.38,52.0,0.46,0,10.8,0,1
478,Noe Sushi Bar,98,10,60.17,1071.32,52.0,0.43,1,4.9,1,0
479,Nubori Experience,98,7,56.82,1229.68,47.0,0.3,0,5.4,0,0
480,Noe Sushi Bar,91,7,53.55,1009.67,26.0,0.27,0,2.6,0,0
481,Noe Sushi Bar,15,6,55.28,1215.28,47.0,0.18,0,7.0,0,1
482,Noe Sushi Bar,59,4,28.89,272.01,56.0,0.05,0,15.4,0,1
483,Noe Sushi Bar,50,8,26.68,538.57,65.0,0.46,0,2.2,0,1
484,Noe Sushi Bar,9,6,26.05,287.9,54.0,0.56,0,10.8,0,1
485,Noe Sushi Bar,26,5,60.97,1008.99,26.0,0.4,0,7.9,1,0
486,Nubori Experience,3,7,90.97,2108.68,20.0,0.79,0,11.1,0,1
487,Kobe Sushi,100,3,20.8,202.37,50.0,0.08,3,6.0,1,1
488,Kobe Sushi,47,7,15.36,389.69,30.0,0.27,0,7.8,1,0
489,Nubori Experience,5,5,64.41,922.67,49.0,0.31,0,1.7,0,1
490,Nubori Experience,62,4,76.46,721.85,53.0,0.15,0,10.0,0,0
491,Noe Sushi Bar,84,5,34.35,586.11,35.0,0.24,0,2.3,1,0
492,Noe Sushi Bar,84,6,32.13,589.78,55.0,0.59,0,2.7,1,0
493,Kobe Sushi,5,5,25.63,346.18,34.0,0.58,0,2.2,1,1
494,Kobe Sushi,10,9,17.18,448.12,58.0,0.33,0,6.4,0,0
495,Noe Sushi Bar,80,7,25.39,579.71,42.0,0.28,0,6.3,1,0
496,Kobe Sushi,63,7,16.92,315.99,20.0,0.1,0,5.0,1,0
497,Noe Sushi Bar,25,5,45.69,823.29,53.0,0.55,2,3.1,1,0
498,Kobe Sushi,44,3,21.41,109.43,20.0,0.51,0,16.1,0,0
499,Nubori Experience,25,7,60.26,649.09,75.0,0.16,0,4.9,1,0
500,Nubori Experience,30,4,78.61,1027.79,54.0,0.31,0,2.2,0,0
501,Noe Sushi Bar,14,3,46.75,433.05,20.0,0.16,1,5.7,0,0
502,Noe Sushi Bar,86,8,30.26,766.53,35.0,0.13,0,16.4,0,0
503,Kobe Sushi,43,7,15.11,177.02,35.0,0.18,0,30.0,0,1
504,Nubori Experience,28,6,73.77,807.54,53.0,0.05,0,23.5,0,0
505,Noe Sushi Bar,94,6,49.07,497.67,55.0,0.27,0,1.2,0,0
506,Kobe Sushi,19,4,16.65,147.96,50.0,0.44,0,8.2,0,0
507,Nubori Experience,102,11,97.42,2903.92,39.0,0.04,0,1.3,0,0
508,Nubori Experience,42,7,58.6,839.43,59.0,0.74,1,1.1,1,0
509,Nubori Experience,20,6,52.14,1021.86,20.0,0.36,0,9.6,0,1
510,Noe Sushi Bar,99,3,62.72,661.07,38.0,0.44,0,15.9,0,0
511,Noe Sushi Bar,86,4,56.35,527.43,30.0,0.48,0,16.0,1,0
512,Noe Sushi Bar,79,8,42.33,860.32,74.0,0.13,0,6.6,1,0
513,Nubori Experience,11,8,57.28,841.72,59.0,0.05,0,13.0,0,1
514,Nubori Experience,54,2,71.23,239.5,45.0,0.55,0,17.1,0,1
515,Kobe Sushi,98,5,25.91,269.2,44.0,0.29,0,2.5,0,0
516,Kobe Sushi,24,5,22.04,431.91,55.0,0.46,0,9.8,0,1
517,Kobe Sushi,70,8,11.02,193.93,28.0,0.57,0,0.5,0,1
518,Nubori Experience,17,5,51.55,493.59,39.0,0.34,0,0.5,1,0
519,Nubori Experience,28,5,59.87,751.2,30.0,0.32,0,1.6,0,1
520,Kobe Sushi,50,6,19.67,354.14,45.0,0.19,0,9.3,1,0
521,Noe Sushi Bar,95,4,57.12,785.27,43.0,0.11,0,2.2,0,1
522,Kobe Sushi,100,9,13.45,389.62,55.0,0.49,1,9.3,0,0
523,Nubori Experience,55,6,84.43,1830.53,38.0,0.42,0,22.0,0,0
524,Nubori Experience,73,8,59.29,882.91,52.0,0.34,0,3.7,0,1
525,Nubori Experience,10,8,39.5,811.98,55.0,0.47,0,7.7,0,0
526,Noe Sushi Bar,21,3,51.92,295.64,55.0,0.44,0,1.5,0,1
527,Noe Sushi Bar,58,3,51.38,260.04,64.0,0.05,0,13.1,0,0
528,Kobe Sushi,34,9,30.13,414.56,41.0,0.58,0,5.4,0,1
529,Kobe Sushi,95,4,19.76,217.25,28.0,0.12,0,3.8,1,0
530,Nubori Experience,93,6,65.53,950.85,30.0,0.5,0,10.0,0,1
531,Nubori Experience,107,6,68.11,850.21,37.0,0.38,0,1.0,1,0
532,Nubori Experience,43,3,66.29,707.36,20.0,0.26,1,3.0,0,0
533,Nubori Experience,11,5,90.39,1536.89,46.0,0.61,0,1.3,0,1
534,Noe Sushi Bar,33,9,54.47,1802.91,39.0,0.27,0,5.4,0,1
535,Chef Choy,58,15,26.15,1462.01,59.0,0.47,0,10.9,1,0
536,Nubori Experience,46,6,57.36,1157.83,44.0,0.47,0,0.6,1,0
537,Nubori Experience,61,8,58.93,1677.78,20.0,0.23,1,10.4,1,0
538,Kobe Sushi,62,5,35.94,640.91,55.0,0.58,0,2.0,0,1
539,Noe Sushi Bar,1,4,37.03,565.89,46.0,0.37,0,7.3,0,0
540,Kobe Sushi,21,9,21.71,566.15,29.0,0.15,0,2.4,0,1
541,Nubori Experience,62,7,48.57,1115.77,34.0,0.31,0,1.0,0,0
542,Noe Sushi Bar,64,5,33.55,547.64,43.0,0.09,0,3.5,0,0
543,Kobe Sushi,87,6,21.0,205.74,26.0,0.1,0,1.7,1,0
544,Noe Sushi Bar,73,5,55.41,576.79,42.0,0.32,0,15.6,0,1
545,Noe Sushi Bar,56,3,49.45,288.88,41.0,0.35,1,7.9,0,1
546,Kobe Sushi,1,8,17.65,269.15,31.0,0.57,0,8.0,0,1
547,Kobe Sushi,21,10,14.19,332.76,68.0,0.57,0,9.0,0,0
548,Noe Sushi Bar,22,8,39.35,777.93,21.0,0.26,0,15.0,0,1
549,Noe Sushi Bar,54,7,40.43,955.66,63.0,0.51,0,0.5,1,0
550,Chef Choy,4,6,34.36,370.58,45.0,0.11,0,6.7,0,0
551,Noe Sushi Bar,65,1,27.7,96.83,50.0,0.42,0,15.1,0,1
552,Nubori Experience,51,4,67.75,1019.02,50.0,0.05,0,0.5,0,1
553,Noe Sushi Bar,74,5,43.66,479.97,20.0,0.6,0,9.9,0,1
554,Noe Sushi Bar,63,7,39.4,1074.82,36.0,0.12,0,1.4,0,0
555,Nubori Experience,15,6,67.66,813.58,40.0,0.47,0,0.9,0,1
556,Noe Sushi Bar,116,7,56.9,1510.54,41.0,0.27,0,2.0,1,0
557,Kobe Sushi,36,10,17.65,355.55,50.0,0.26,3,3.2,1,0
558,Kobe Sushi,29,5,17.79,246.01,68.0,0.25,0,2.6,0,1
559,Chef Choy,52,3,21.4,230.75,43.0,0.67,0,1.0,0,1
560,Noe Sushi Bar,46,8,44.56,1324.19,57.0,0.43,0,0.5,0,0
561,Noe Sushi Bar,69,9,42.24,937.51,33.0,0.28,1,4.0,0,1
562,Kobe Sushi,29,8,18.99,250.35,66.0,0.25,0,4.0,0,0
563,Kobe Sushi,111,6,21.48,358.44,55.0,0.22,0,13.1,1,0
564,Kobe Sushi,47,5,18.94,372.41,48.0,0.48,0,4.0,1,0
565,Kobe Sushi,91,5,15.76,299.21,42.0,0.2,0,6.4,0,1
566,Noe Sushi Bar,25,5,52.2,866.49,36.0,0.54,0,6.0,0,1
567,Kobe Sushi,80,4,21.17,138.73,49.0,0.15,0,2.2,0,1
568,Noe Sushi Bar,16,3,61.2,303.07,62.0,0.37,0,1.9,0,0
569,Nubori Experience,100,9,42.88,1425.34,40.0,0.55,0,2.5,1,0
570,Kobe Sushi,89,3,10.0,93.52,32.0,0.25,0,1.4,0,1
571,Noe Sushi Bar,41,4,43.92,347.33,60.0,0.37,0,6.3,1,0
572,Chef Choy,65,11,16.03,654.47,20.0,0.43,0,7.1,0,1
573,Kobe Sushi,69,4,16.36,140.2,61.0,0.19,0,8.5,0,1
574,Noe Sushi Bar,105,4,51.5,477.52,52.0,0.47,0,1.8,1,0
575,Nubori Experience,20,8,67.31,2113.82,46.0,0.35,0,7.9,0,0
576,Nubori Experience,69,4,88.65,948.25,68.0,0.6,0,3.4,0,1
577,Kobe Sushi,36,8,16.43,247.1,34.0,0.09,0,7.1,0,1
578,Nubori Experience,93,7,59.28,1466.66,20.0,0.04,0,2.4,0,1
579,Noe Sushi Bar,112,5,49.85,735.46,43.0,0.35,0,2.9,1,0
580,Kobe Sushi,98,6,21.55,302.78,52.0,0.55,1,2.8,1,0
581,Noe Sushi Bar,58,5,38.94,549.68,57.0,0.32,0,0.5,0,1
582,Nubori Experience,48,5,54.18,810.7,31.0,0.13,1,25.5,0,1
583,Noe Sushi Bar,82,6,45.89,627.65,20.0,0.37,0,6.9,0,1
584,Kobe Sushi,2,6,15.6,193.14,41.0,0.48,1,5.8,0,1
585,Noe Sushi Bar,80,5,51.67,914.25,44.0,0.56,0,15.5,0,0
586,Kobe Sushi,29,9,18.72,425.67,56.0,0.19,0,0.5,0,0
587,Kobe Sushi,97,6,15.12,254.9,40.0,0.47,0,2.6,0,1
588,Kobe Sushi,16,10,18.52,295.98,20.0,0.43,0,5.8,0,0
589,Kobe Sushi,35,4,17.64,132.66,41.0,0.19,0,21.4,0,0
590,Kobe Sushi,111,3,19.44,120.66,43.0,0.36,0,7.9,0,1
591,Kobe Sushi,62,7,16.77,440.42,68.0,0.08,0,2.1,1,0
592,Noe Sushi Bar,107,6,49.33,668.49,43.0,0.29,0,8.4,0,0
593,Kobe Sushi,106,9,17.77,575.64,70.0,0.15,0,3.7,0,1
594,Kobe Sushi,81,5,22.78,305.42,20.0,0.29,0,4.3,0,1
595,Nubori Experience,4,9,50.57,1103.68,41.0,0.63,2,0.9,0,0
596,Noe Sushi Bar,113,8,42.43,523.68,55.0,0.34,1,30.0,1,0
597,Noe Sushi Bar,68,4,40.36,280.59,39.0,0.36,0,3.7,1,1
598,Kobe Sushi,51,7,16.27,374.33,28.0,0.45,0,6.9,0,0
599,Kobe Sushi,89,9,14.47,310.18,55.0,0.15,0,1.2,0,0
600,Kobe Sushi,33,8,13.56,424.77,48.0,0.2,1,3.1,0,1
601,Kobe Sushi,78,2,21.41,125.3,52.0,0.26,0,19.8,0,1
602,Kobe Sushi,24,6,19.09,375.82,47.0,0.69,1,1.1,0,1
603,Kobe Sushi,75,6,28.03,638.36,49.0,0.32,0,11.3,0,0
604,Kobe Sushi,25,3,16.48,172.81,81.0,0.4,0,11.1,0,0
605,Kobe Sushi,28,9,16.28,336.08,26.0,0.31,0,3.5,0,0
606,Noe Sushi Bar,7,6,43.69,618.22,61.0,0.2,0,9.3,0,0
607,Kobe Sushi,113,3,25.47,142.7,56.0,0.24,0,2.8,0,0
608,Kobe Sushi,36,4,20.84,199.65,20.0,0.11,0,1.0,0,0
609,Noe Sushi Bar,10,7,37.33,794.04,53.0,0.52,0,3.3,0,0
610,Noe Sushi Bar,113,9,44.52,1317.19,47.0,0.29,0,2.3,0,0
611,Kobe Sushi,36,6,24.16,459.44,33.0,0.07,0,1.1,0,1
612,Chef Choy,95,8,27.91,594.7,42.0,0.12,0,3.0,1,0
613,Noe Sushi Bar,83,3,65.66,443.86,44.0,0.47,0,18.9,1,0
614,Kobe Sushi,18,6,23.16,340.64,37.0,0.56,0,6.0,0,1
615,Nubori Experience,113,5,77.27,916.44,38.0,0.52,1,7.1,0,1
616,Nubori Experience,6,6,66.12,766.73,53.0,0.28,3,3.5,1,0
617,Kobe Sushi,92,6,19.63,341.11,41.0,0.24,0,2.2,1,0
618,Kobe Sushi,7,4,16.26,189.21,33.0,0.41,0,15.8,0,0
619,Nubori Experience,102,7,81.1,1318.67,50.0,0.32,1,6.3,1,0
620,Noe Sushi Bar,12,13,32.43,1016.58,52.0,0.23,0,7.0,0,0
621,Kobe Sushi,41,7,21.6,459.76,57.0,0.68,0,8.1,1,0
622,Kobe Sushi,114,5,26.14,263.5,62.0,0.45,0,5.1,1,0
623,Kobe Sushi,63,5,14.02,214.96,46.0,0.31,0,0.5,0,0
624,Noe Sushi Bar,98,3,63.19,716.77,34.0,0.62,0,23.4,0,1
625,Noe Sushi Bar,25,4,37.15,277.75,38.0,0.36,0,9.4,1,0
626,Kobe Sushi,81,8,18.17,286.29,36.0,0.27,0,20.7,0,0
627,Noe Sushi Bar,53,9,35.51,1132.91,49.0,0.45,0,0.9,0,0
628,Noe Sushi Bar,33,5,23.28,259.83,61.0,0.33,1,1.7,0,0
629,Kobe Sushi,87,6,28.07,600.54,58.0,0.3,0,0.5,0,1
630,Kobe Sushi,73,1,18.57,31.66,31.0,0.6,0,8.9,0,0
631,Noe Sushi Bar,6,5,51.32,672.73,20.0,0.57,1,0.5,0,0
632,Nubori Experience,62,6,72.4,1019.55,34.0,0.37,0,2.2,0,1
633,Noe Sushi Bar,66,7,26.88,542.99,46.0,0.22,0,6.0,0,0
634,Noe Sushi Bar,102,6,72.87,1169.44,52.0,0.64,0,5.4,1,0
635,Kobe Sushi,9,6,14.93,188.49,35.0,0.74,0,7.6,0,1
636,Noe Sushi Bar,67,6,40.77,784.17,43.0,0.05,0,3.1,1,0
637,Noe Sushi Bar,16,8,44.85,1320.11,26.0,0.17,0,0.5,0,1
638,Kobe Sushi,89,7,18.4,296.02,64.0,0.33,0,0.5,0,0
639,Kobe Sushi,88,5,10.0,141.64,61.0,0.21,0,12.0,1,0
640,Kobe Sushi,111,4,13.77,160.44,27.0,0.09,0,2.3,1,0
641,Kobe Sushi,93,12,21.1,473.31,58.0,0.23,0,2.6,0,1
642,Kobe Sushi,108,8,13.48,337.97,36.0,0.56,0,0.5,0,1
643,Kobe Sushi,55,3,11.16,52.87,36.0,0.49,0,6.0,1,0
644,Kobe Sushi,40,8,17.49,337.35,33.0,0.29,0,4.3,1,0
645,Kobe Sushi,26,6,17.85,268.4,38.0,0.68,0,0.5,1,0
646,Nubori Experience,38,7,86.32,988.61,47.0,0.42,0,11.0,0,0
647,Noe Sushi Bar,35,5,52.9,585.68,57.0,0.1,0,0.5,0,1
648,Noe Sushi Bar,87,4,38.8,531.86,25.0,0.39,0,14.0,0,0
649,Chef Choy,68,4,22.94,278.98,35.0,0.38,0,2.1,0,1
650,Noe Sushi Bar,59,11,51.0,1021.14,52.0,0.42,0,7.1,1,0
651,Kobe Sushi,106,8,16.85,515.91,29.0,0.72,1,3.3,1,0
652,Noe Sushi Bar,14,5,37.4,683.74,71.0,0.26,0,4.1,0,0
653,Noe Sushi Bar,117,8,46.8,591.72,63.0,0.5,0,3.0,0,0
654,Noe Sushi Bar,120,8,43.81,776.77,55.0,0.12,2,12.2,0,0
655,Noe Sushi Bar,47,5,58.7,1057.0,37.0,0.19,0,6.6,0,0
656,Kobe Sushi,103,6,18.41,183.77,41.0,0.45,0,1.8,1,0
657,Kobe Sushi,71,8,10.0,260.59,23.0,0.33,0,0.5,0,1
658,Kobe Sushi,72,9,11.82,317.43,57.0,0.18,0,0.5,1,0
659,Noe Sushi Bar,42,5,47.97,762.35,42.0,0.49,0,7.0,1,0
660,Noe Sushi Bar,51,2,55.51,394.49,50.0,0.31,1,5.5,1,0
661,Kobe Sushi,19,6,17.12,376.37,64.0,0.23,1,9.8,0,0
662,Nubori Experience,66,6,75.43,879.94,31.0,0.23,0,14.5,0,0
663,Noe Sushi Bar,47,11,67.83,1454.04,20.0,0.43,2,5.5,1,0
664,Kobe Sushi,65,6,12.57,167.11,53.0,0.11,1,3.9,0,1
665,Kobe Sushi,42,5,12.26,100.93,41.0,0.29,0,4.2,0,0
666,Kobe Sushi,38,9,20.21,397.76,37.0,0.33,0,14.3,0,0
667,Kobe Sushi,118,4,21.25,321.65,37.0,0.26,0,0.5,0,1
668,Kobe Sushi,13,4,18.43,191.66,61.0,0.02,0,1.7,0,1
669,Kobe Sushi,106,8,10.0,121.34,66.0,0.23,0,6.5,1,0
670,Kobe Sushi,44,12,11.32,318.36,56.0,0.59,1,7.1,0,0
671,Kobe Sushi,24,5,18.57,197.9,30.0,0.26,3,0.6,0,0
672,Nubori Experience,96,4,58.46,715.56,27.0,0.04,0,12.5,0,0
673,Kobe Sushi,30,9,12.66,325.37,59.0,0.11,0,5.3,0,1
674,Noe Sushi Bar,70,3,30.48,141.77,20.0,0.52,0,0.5,0,0
675,Noe Sushi Bar,38,9,52.81,989.29,30.0,0.24,0,0.6,0,0
676,Nubori Experience,97,8,56.36,895.89,47.0,0.2,2,0.9,1,0
677,Kobe Sushi,108,5,15.15,222.99,25.0,0.24,0,0.6,1,0
678,Kobe Sushi,119,5,18.69,205.96,52.0,0.36,0,8.3,0,0
679,Nubori Experience,23,4,81.96,1083.71,59.0,0.4,0,0.9,0,0
680,Nubori Experience,74,9,86.35,1559.46,61.0,0.44,0,8.1,0,1
681,Nubori Experience,57,4,39.93,461.66,27.0,0.22,0,3.0,0,0
682,Kobe Sushi,110,6,18.78,424.25,24.0,0.23,0,4.1,0,1
683,Kobe Sushi,79,6,13.96,319.3,78.0,0.1,2,14.3,0,0
684,Noe Sushi Bar,23,4,32.43,385.02,43.0,0.21,0,5.7,0,0
685,Nubori Experience,120,8,92.33,1832.01,57.0,0.21,1,6.5,0,1
686,Noe Sushi Bar,36,5,34.02,594.12,59.0,0.51,1,2.0,1,1
687,Noe Sushi Bar,57,6,52.84,1136.87,56.0,0.07,0,5.7,0,1
688,Kobe Sushi,1,5,20.44,168.05,20.0,0.07,0,0.5,0,1
689,Chef Choy,72,5,23.12,269.04,39.0,0.25,0,3.1,0,0
690,Kobe Sushi,3,6,12.28,145.44,50.0,0.4,1,1.7,0,1
691,Kobe Sushi,14,4,25.88,282.43,66.0,0.11,1,16.6,0,0
692,Noe Sushi Bar,81,4,29.67,275.56,20.0,0.16,0,0.8,1,0
693,Noe Sushi Bar,34,5,34.15,537.76,40.0,0.28,1,3.5,1,1
694,Kobe Sushi,111,7,21.09,547.86,64.0,0.58,0,5.0,0,0
695,Kobe Sushi,70,6,10.0,141.95,35.0,0.06,0,0.5,0,1
696,Noe Sushi Bar,69,5,59.16,1095.66,30.0,0.2,0,6.3,0,0
697,Kobe Sushi,110,2,28.21,174.14,61.0,0.23,0,15.3,0,0
698,Noe Sushi Bar,51,6,27.88,500.85,51.0,0.41,0,6.4,0,1
699,Kobe Sushi,105,3,14.47,145.38,44.0,0.16,0,1.0,1,0
700,Noe Sushi Bar,104,6,36.81,555.55,59.0,0.2,0,8.3,1,0
701,Noe Sushi Bar,29,6,49.38,888.47,60.0,0.28,0,5.4,0,1
702,Kobe Sushi,99,4,16.11,125.21,35.0,0.12,0,0.5,0,0
703,Kobe Sushi,82,6,27.49,296.65,53.0,0.06,0,11.2,0,1
704,Kobe Sushi,104,6,12.2,279.78,51.0,0.16,0,3.8,1,1
705,Kobe Sushi,48,9,17.56,552.64,29.0,0.02,0,8.8,0,1
706,Nubori Experience,94,5,58.85,574.9,45.0,0.21,0,14.4,0,0
707,Kobe Sushi,79,7,20.26,471.46,37.0,0.62,0,12.6,0,0
708,Nubori Experience,117,6,87.01,1702.51,39.0,0.55,0,6.7,1,0
709,Kobe Sushi,79,9,14.07,403.44,20.0,0.51,0,5.2,0,1
710,Noe Sushi Bar,16,6,44.08,741.81,34.0,0.36,0,3.1,0,1
711,Chef Choy,57,3,30.93,153.1,64.0,0.42,0,7.2,0,0
712,Noe Sushi Bar,97,4,57.31,391.18,36.0,0.38,0,2.3,0,0
713,Noe Sushi Bar,10,9,50.48,812.03,52.0,0.64,0,1.7,0,0
714,Noe Sushi Bar,19,10,33.52,556.27,54.0,0.24,1,3.3,0,0
715,Kobe Sushi,101,2,16.92,77.19,65.0,0.13,1,0.5,0,1
716,Nubori Experience,114,3,57.36,498.6,55.0,0.16,0,5.6,1,0
717,Nubori Experience,67,4,79.08,744.24,40.0,0.02,0,0.7,0,1
718,Nubori Experience,36,7,63.85,1661.9,27.0,0.26,0,1.7,0,1
719,Kobe Sushi,4,8,13.28,222.97,50.0,0.57,0,3.6,0,1
720,Noe Sushi Bar,75,7,52.69,599.04,37.0,0.3,0,2.2,0,1
721,Nubori Experience,105,9,59.08,1064.69,60.0,0.1,0,12.3,1,0
722,Kobe Sushi,33,6,26.33,470.82,25.0,0.27,0,3.2,0,1
723,Kobe Sushi,28,9,10.0,351.9,38.0,0.18,0,16.7,0,0
724,Noe Sushi Bar,96,5,44.68,765.19,64.0,0.14,0,10.8,0,0
725,Noe Sushi Bar,80,5,50.21,754.24,47.0,0.16,0,19.3,0,1
726,Nubori Experience,9,9,53.91,819.55,39.0,0.24,0,8.8,0,1
727,Kobe Sushi,75,7,21.09,244.14,45.0,0.66,0,14.8,0,0
728,Chef Choy,6,12,27.44,1051.15,36.0,0.42,0,6.5,0,0
729,Kobe Sushi,49,3,14.56,124.81,26.0,0.32,0,24.4,1,0
730,Kobe Sushi,91,6,17.3,413.74,20.0,0.28,0,1.1,0,1
731,Kobe Sushi,76,4,10.0,107.38,43.0,0.38,1,3.5,1,0
732,Nubori Experience,22,9,70.45,2513.47,49.0,0.31,0,11.5,0,0
733,Noe Sushi Bar,104,5,39.75,309.94,49.0,0.46,0,3.7,0,0
734,Noe Sushi Bar,48,8,52.91,1524.27,69.0,0.61,0,3.3,0,0
735,Kobe Sushi,101,10,16.81,491.62,41.0,0.6,2,1.8,0,0
736,Nubori Experience,21,7,74.04,1334.14,48.0,0.3,0,6.4,0,0
737,Kobe Sushi,33,5,25.15,485.08,20.0,0.34,0,1.1,0,0
738,Nubori Experience,81,3,50.1,389.52,36.0,0.35,0,3.4,0,0
739,Noe Sushi Bar,56,8,45.84,904.08,40.0,0.48,0,2.9,1,0
740,Kobe Sushi,29,10,26.19,561.67,59.0,0.71,0,0.5,0,0
741,Noe Sushi Bar,53,5,44.29,788.99,49.0,0.14,0,18.8,0,1
742,Kobe Sushi,40,8,12.22,264.34,45.0,0.55,1,7.9,0,1
743,Noe Sushi Bar,74,8,38.35,1137.89,35.0,0.49,0,13.8,1,0
744,Noe Sushi Bar,18,5,23.83,463.56,40.0,0.37,0,7.6,0,0
745,Kobe Sushi,47,4,21.29,181.08,41.0,0.76,2,8.9,1,0
746,Nubori Experience,116,4,72.27,485.24,49.0,0.25,1,1.3,0,0
747,Kobe Sushi,13,7,12.8,242.64,63.0,0.44,0,4.9,1,0
748,Noe Sushi Bar,27,4,54.78,384.6,27.0,0.4,2,5.9,0,1
749,Nubori Experience,62,5,33.22,627.95,50.0,0.47,1,2.7,1,0
750,Noe Sushi Bar,74,6,35.22,725.3,54.0,0.35,0,7.2,0,1
751,Kobe Sushi,96,6,18.82,230.88,39.0,0.33,0,5.8,0,0
752,Nubori Experience,105,10,63.67,2191.69,36.0,0.38,1,6.6,0,0
753,Noe Sushi Bar,45,3,40.39,255.45,50.0,0.21,0,0.5,0,0
754,Kobe Sushi,3,4,23.75,333.33,41.0,0.28,0,9.7,0,1
755,Kobe Sushi,22,6,15.79,151.86,71.0,0.36,1,11.9,0,1
756,Chef Choy,27,8,35.46,668.44,20.0,0.26,3,0.9,1,0
757,Noe Sushi Bar,55,3,35.01,164.9,40.0,0.22,1,1.5,0,1
758,Noe Sushi Bar,67,3,50.54,248.69,41.0,0.45,0,0.7,0,1
759,Nubori Experience,33,8,62.93,1205.04,49.0,0.23,0,10.2,0,1
760,Chef Choy,2,1,18.89,29.98,70.0,0.12,0,6.1,0,0
761,Kobe Sushi,75,7,19.09,416.85,57.0,0.14,1,0.8,0,1
762,Kobe Sushi,46,5,19.05,216.01,43.0,0.12,2,0.5,1,0
763,Kobe Sushi,74,5,15.47,264.53,42.0,0.1,0,8.4,0,0
764,Noe Sushi Bar,103,10,41.1,957.69,42.0,0.3,0,1.4,0,1
765,Kobe Sushi,119,7,17.86,480.95,57.0,0.17,0,11.5,0,0
766,Noe Sushi Bar,33,8,30.92,978.6,20.0,0.09,0,7.5,0,1
767,Chef Choy,58,10,22.66,517.33,52.0,0.18,0,7.7,0,1
768,Nubori Experience,7,8,64.91,2008.74,52.0,0.59,0,7.3,0,1
769,Kobe Sushi,15,7,12.09,240.08,59.0,0.39,0,1.6,0,1
770,Nubori Experience,26,6,82.09,1638.85,44.0,0.14,0,2.4,0,1
771,Kobe Sushi,11,6,24.05,358.54,20.0,0.35,1,1.8,0,1
772,Nubori Experience,38,3,59.04,499.6,59.0,0.26,0,2.1,0,1
773,Kobe Sushi,27,4,11.69,81.32,33.0,0.19,0,17.8,0,1
774,Kobe Sushi,118,5,23.84,460.03,42.0,0.24,0,8.1,0,0
775,Chef Choy,103,7,23.89,490.24,66.0,0.18,0,10.0,0,0
776,Kobe Sushi,7,5,19.01,338.72,30.0,0.3,0,3.3,0,1
777,Kobe Sushi,1,7,20.52,351.89,36.0,0.38,0,16.2,0,1
778,Noe Sushi Bar,74,7,57.77,1398.2,30.0,0.29,1,0.7,0,0
779,Noe Sushi Bar,21,7,48.51,1131.8,48.0,0.23,0,7.7,0,0
780,Noe Sushi Bar,79,2,64.87,240.35,44.0,0.14,2,0.7,0,1
781,Noe Sushi Bar,30,5,69.57,1016.54,51.0,0.23,0,1.4,0,1
782,Noe Sushi Bar,94,4,51.45,718.55,87.0,0.36,0,4.9,1,0
783,Kobe Sushi,8,6,20.07,195.82,31.0,0.69,0,1.9,0,0
784,Kobe Sushi,88,12,23.69,968.25,50.0,0.53,0,0.5,0,1
785,Kobe Sushi,83,9,14.31,493.58,56.0,0.18,0,12.6,0,0
786,Nubori Experience,3,5,68.07,1329.19,52.0,0.09,0,4.1,0,1
787,Noe Sushi Bar,55,7,29.9,606.84,50.0,0.42,3,3.7,1,0
788,Noe Sushi Bar,15,5,43.71,848.53,49.0,0.64,2,12.1,0,0
789,Noe Sushi Bar,36,8,49.18,1107.41,61.0,0.48,1,11.8,0,1
790,Nubori Experience,6,3,67.83,324.84,34.0,0.27,0,1.2,0,1
791,Kobe Sushi,42,3,22.12,162.74,40.0,0.3,0,2.8,0,0
792,Noe Sushi Bar,50,5,24.58,255.05,55.0,0.62,0,1.9,0,1
793,Noe Sushi Bar,112,11,49.65,1293.57,44.0,0.25,1,5.7,1,0
794,Noe Sushi Bar,18,10,38.29,782.7,46.0,0.3,0,2.9,0,1
795,Kobe Sushi,102,6,19.21,183.3,53.0,0.13,0,10.4,0,1
796,Nubori Experience,83,3,48.17,541.31,36.0,0.37,0,9.2,0,0
797,Nubori Experience,113,4,71.71,1128.39,53.0,0.37,0,0.6,0,1
798,Noe Sushi Bar,50,7,16.02,227.67,25.0,0.53,0,1.0,0,0
799,Noe Sushi Bar,30,7,31.66,478.5,65.0,0.57,0,12.1,0,1
800,Nubori Experience,77,9,41.72,1182.29,39.0,0.14,0,5.6,1,0
801,Noe Sushi Bar,39,4,16.71,256.74,41.0,0.34,0,1.4,0,0
802,Kobe Sushi,116,10,13.81,414.26,33.0,0.45,0,0.5,1,0
803,Noe Sushi Bar,12,4,19.38,120.01,44.0,0.24,0,10.6,0,0
804,Noe Sushi Bar,98,6,25.87,568.57,32.0,0.25,0,12.2,0,1
805,Noe Sushi Bar,59,5,42.16,426.13,79.0,0.74,0,20.6,0,0
806,Noe Sushi Bar,76,7,50.21,1335.53,39.0,0.44,0,5.9,1,0
807,Nubori Experience,44,6,60.69,1349.76,62.0,0.51,0,2.4,0,1
808,Nubori Experience,88,8,56.56,1392.29,59.0,0.16,0,2.6,1,0
809,Noe Sushi Bar,4,5,45.49,897.11,62.0,0.02,0,16.0,0,0
810,Kobe Sushi,36,6,10.83,222.1,46.0,0.35,1,5.6,0,1
811,Nubori Experience,114,7,87.79,2418.5,21.0,0.36,0,2.5,1,0
812,Nubori Experience,48,6,66.83,1436.23,26.0,0.05,0,5.1,0,1
813,Kobe Sushi,14,9,10.0,183.72,62.0,0.32,0,0.5,0,0
814,Nubori Experience,81,4,77.65,566.65,64.0,0.29,0,15.5,0,0
815,Nubori Experience,49,4,80.24,988.93,85.0,0.13,0,0.9,1,0
816,Noe Sushi Bar,67,3,46.59,440.67,47.0,0.34,0,0.5,1,0
817,Noe Sushi Bar,102,6,39.24,521.7,29.0,0.23,0,0.7,0,1
818,Kobe Sushi,87,7,22.24,540.33,43.0,0.48,0,0.8,0,1
819,Kobe Sushi,77,8,16.23,272.29,25.0,0.24,0,6.2,0,0
820,Kobe Sushi,9,5,21.48,312.53,38.0,0.48,0,6.2,0,0
821,Nubori Experience,21,4,91.28,626.76,54.0,0.4,0,0.5,0,1
822,Kobe Sushi,105,8,14.83,436.21,29.0,0.86,0,6.8,0,0
823,Kobe Sushi,72,7,28.14,495.62,35.0,0.31,0,0.6,0,1
824,Kobe Sushi,81,12,21.86,516.98,65.0,0.15,0,1.0,0,1
825,Noe Sushi Bar,16,11,76.67,1994.83,50.0,0.19,0,5.3,0,1
826,Nubori Experience,16,8,54.39,1310.78,56.0,0.41,1,7.1,1,0
827,Kobe Sushi,28,11,13.77,233.05,46.0,0.55,0,5.3,1,0
828,Kobe Sushi,51,5,17.37,305.17,44.0,0.79,0,0.6,0,0
829,Noe Sushi Bar,56,7,47.16,925.79,39.0,0.43,0,0.6,1,0
830,Noe Sushi Bar,80,5,33.03,265.5,29.0,0.09,0,6.7,1,1
831,Kobe Sushi,57,9,18.2,629.86,47.0,0.05,0,3.7,0,0
832,Noe Sushi Bar,110,9,49.31,765.34,61.0,0.32,0,3.8,0,1
833,Kobe Sushi,52,7,22.85,456.79,37.0,0.26,0,5.9,0,1
834,Kobe Sushi,46,10,15.01,229.72,41.0,0.11,0,7.6,0,1
835,Noe Sushi Bar,78,3,46.84,303.52,67.0,0.26,0,3.1,0,1
836,Noe Sushi Bar,110,5,22.51,229.93,20.0,0.12,0,4.4,0,1
837,Nubori Experience,108,3,42.26,299.68,36.0,0.19,0,2.2,1,0
838,Kobe Sushi,38,6,18.24,261.08,33.0,0.2,0,18.2,1,0
839,Noe Sushi Bar,84,11,49.49,1390.75,43.0,0.36,0,0.7,1,0
840,Noe Sushi Bar,109,9,38.72,1005.66,28.0,0.2,1,1.2,0,1
841,Kobe Sushi,48,3,13.13,128.38,31.0,0.17,0,19.0,0,1
842,Noe Sushi Bar,41,5,33.61,650.77,55.0,0.27,0,24.1,0,0
843,Kobe Sushi,98,5,22.06,249.84,58.0,0.12,0,1.8,1,0
844,Nubori Experience,118,3,59.49,638.4,63.0,0.19,0,16.4,1,0
845,Kobe Sushi,59,7,18.41,269.61,24.0,0.19,0,5.2,0,1
846,Noe Sushi Bar,93,8,46.49,1211.63,20.0,0.63,0,2.0,0,1
847,Kobe Sushi,67,5,18.81,154.39,47.0,0.39,0,17.8,0,0
848,Nubori Experience,74,4,28.82,337.77,45.0,0.32,2,7.5,0,0
849,Noe Sushi Bar,84,6,37.07,643.23,43.0,0.03,0,2.8,0,0
850,Noe Sushi Bar,66,8,43.66,602.96,45.0,0.54,0,13.3,0,1
851,Kobe Sushi,27,2,21.98,160.57,57.0,0.05,0,0.7,0,0
852,Noe Sushi Bar,32,8,35.8,464.69,20.0,0.26,1,1.9,0,0
853,Kobe Sushi,56,9,19.14,566.82,48.0,0.25,1,6.0,1,0
854,Nubori Experience,10,4,67.7,1051.35,73.0,0.77,0,4.8,0,0
855,Kobe Sushi,40,5,26.48,306.22,61.0,0.28,2,4.3,1,0
856,Kobe Sushi,17,8,20.83,514.61,53.0,0.16,1,4.8,1,0
857,Kobe Sushi,58,7,20.52,448.87,42.0,0.42,0,2.9,0,0
858,Noe Sushi Bar,118,9,36.99,631.28,42.0,0.61,0,5.8,1,0
859,Noe Sushi Bar,97,2,48.52,181.15,47.0,0.25,0,7.5,0,0
860,Kobe Sushi,6,9,17.92,434.48,47.0,0.29,0,13.6,0,0
861,Chef Choy,39,10,32.38,520.56,54.0,0.22,0,5.2,0,1
862,Noe Sushi Bar,111,5,36.72,379.59,69.0,0.3,0,0.8,1,1
863,Noe Sushi Bar,18,5,41.79,483.93,64.0,0.18,0,6.1,0,1
864,Noe Sushi Bar,73,3,34.7,388.2,52.0,0.26,2,0.5,1,0
865,Noe Sushi Bar,72,5,65.28,532.73,61.0,0.23,0,15.4,1,0
866,Noe Sushi Bar,89,5,22.75,403.8,24.0,0.17,1,2.7,0,0
867,Kobe Sushi,95,3,20.54,122.49,36.0,0.28,0,12.4,0,1
868,Kobe Sushi,42,8,24.12,447.63,52.0,0.13,2,0.5,1,0
869,Nubori Experience,4,8,63.89,1054.13,26.0,0.2,0,14.2,0,1
870,Nubori Experience,20,5,61.97,1192.58,51.0,0.36,0,3.9,0,0
871,Kobe Sushi,28,7,18.99,204.95,44.0,0.33,3,17.5,1,0
872,Kobe Sushi,40,7,10.0,271.7,23.0,0.35,0,9.1,0,0
873,Noe Sushi Bar,65,4,45.76,393.22,28.0,0.24,3,11.0,0,0
874,Noe Sushi Bar,104,6,42.41,591.45,51.0,0.57,1,23.3,0,0
875,Kobe Sushi,119,12,22.64,813.53,60.0,0.5,1,1.4,1,0
876,Kobe Sushi,44,8,18.09,536.03,43.0,0.11,0,0.5,0,1
877,Noe Sushi Bar,23,7,38.15,430.04,45.0,0.51,2,5.2,1,0
878,Noe Sushi Bar,57,1,51.2,131.0,39.0,0.26,0,1.7,1,0
879,Kobe Sushi,47,11,15.66,356.7,23.0,0.22,0,7.7,0,1
880,Kobe Sushi,13,7,19.38,534.81,50.0,0.32,0,23.4,0,0
881,Kobe Sushi,16,7,16.41,325.32,46.0,0.23,0,3.0,0,1
882,Noe Sushi Bar,90,4,44.2,482.73,65.0,0.14,1,3.9,0,1
883,Kobe Sushi,55,8,18.55,334.4,51.0,0.38,0,14.2,0,1
884,Kobe Sushi,95,7,29.47,699.17,52.0,0.14,0,0.5,0,0
885,Chef Choy,114,2,10.0,51.52,38.0,0.54,0,5.7,0,0
886,Kobe Sushi,65,6,22.02,259.98,39.0,0.36,0,7.6,0,1
887,Noe Sushi Bar,81,5,27.69,336.66,35.0,0.13,0,2.2,0,0
888,Kobe Sushi,16,4,23.36,292.57,45.0,0.91,0,1.9,0,0
889,Kobe Sushi,119,6,16.35,342.99,64.0,0.31,0,21.8,0,0
890,Kobe Sushi,37,6,24.19,554.5,65.0,0.32,0,4.4,0,0
891,Noe Sushi Bar,52,6,59.77,1003.3,54.0,0.32,1,3.4,1,0
892,Nubori Experience,117,6,53.27,922.82,34.0,0.16,0,9.5,0,1
893,Nubori Experience,10,1,51.19,123.76,78.0,0.26,1,14.5,0,0
894,Kobe Sushi,38,1,11.99,19.47,54.0,0.47,0,0.6,0,1
895,Noe Sushi Bar,44,10,50.42,1092.0,36.0,0.47,0,8.9,1,0
896,Kobe Sushi,95,7,16.42,441.05,47.0,0.58,0,0.5,0,1
897,Kobe Sushi,74,7,21.95,606.74,58.0,0.21,0,2.2,0,0
898,Nubori Experience,54,2,51.96,243.89,42.0,0.2,0,3.7,0,0
899,Kobe Sushi,113,8,25.06,372.23,55.0,0.48,0,2.1,1,0
900,Kobe Sushi,98,6,17.38,416.41,27.0,0.08,0,1.9,1,0
901,Kobe Sushi,51,7,31.29,796.86,51.0,0.47,0,8.2,1,0
902,Kobe Sushi,52,7,22.91,491.26,39.0,0.12,0,1.5,0,0
903,Kobe Sushi,70,7,20.0,520.57,41.0,0.35,0,2.6,1,0
904,Noe Sushi Bar,92,3,46.16,334.04,36.0,0.74,0,6.8,0,0
905,Noe Sushi Bar,92,4,45.59,483.06,65.0,0.26,0,9.6,0,0
906,Nubori Experience,59,5,92.05,923.06,20.0,0.26,0,18.7,0,1
907,Nubori Experience,13,6,59.72,1309.02,21.0,0.14,0,0.7,1,0
908,Kobe Sushi,41,4,18.44,113.42,37.0,0.4,0,3.2,0,0
909,Kobe Sushi,12,7,14.7,221.52,58.0,0.44,0,3.9,0,1
910,Kobe Sushi,50,7,29.17,489.37,44.0,0.26,0,1.4,0,1
911,Noe Sushi Bar,104,5,55.92,994.53,57.0,0.29,0,15.0,0,0
912,Kobe Sushi,57,7,24.2,464.93,34.0,0.52,1,3.9,0,0
913,Noe Sushi Bar,50,7,37.28,1014.04,48.0,0.24,0,3.3,0,0
914,Noe Sushi Bar,119,10,63.28,1370.74,71.0,0.4,0,5.6,0,1
915,Noe Sushi Bar,57,3,51.63,337.24,32.0,0.04,0,4.3,0,1
916,Noe Sushi Bar,54,5,50.37,436.97,50.0,0.73,1,2.1,0,0
917,Kobe Sushi,66,3,25.52,223.36,58.0,0.75,0,3.7,0,0
918,Nubori Experience,8,6,74.68,1657.05,56.0,0.21,0,3.8,0,0
919,Chef Choy,106,5,29.44,317.7,71.0,0.29,0,3.6,1,0
920,Kobe Sushi,63,7,15.61,226.79,34.0,0.15,0,2.2,0,1
921,Nubori Experience,9,5,47.85,534.96,42.0,0.49,2,0.5,1,0
922,Noe Sushi Bar,60,5,32.34,423.71,41.0,0.57,0,2.8,0,1
923,Nubori Experience,120,6,53.23,933.59,53.0,0.11,0,1.5,1,0
924,Chef Choy,114,4,21.06,292.71,58.0,0.17,0,2.2,0,0
925,Noe Sushi Bar,63,8,43.76,1242.28,38.0,0.56,1,1.5,1,0
926,Kobe Sushi,72,8,20.12,242.04,48.0,0.2,0,4.0,0,0
927,Kobe Sushi,115,7,12.96,298.26,37.0,0.42,0,16.1,1,0
928,Noe Sushi Bar,3,5,52.59,506.11,54.0,0.46,0,22.8,0,0
929,Noe Sushi Bar,73,7,30.47,806.91,51.0,0.31,0,4.7,0,0
930,Kobe Sushi,13,3,16.13,162.04,46.0,0.45,1,8.3,0,1
931,Kobe Sushi,9,6,24.12,457.76,88.0,0.69,0,2.7,0,0
932,Nubori Experience,95,5,45.02,820.94,53.0,0.53,2,14.1,1,0
933,Nubori Experience,89,12,82.12,2373.53,31.0,0.58,0,0.5,0,1
934,Noe Sushi Bar,52,6,57.22,976.54,95.0,0.18,0,2.5,1,0
935,Kobe Sushi,108,4,24.82,260.17,33.0,0.49,0,8.0,0,0
936,Kobe Sushi,62,4,10.0,110.9,64.0,0.21,0,2.0,1,0
937,Kobe Sushi,119,3,22.36,109.35,59.0,0.38,0,7.2,0,1
938,Nubori Experience,109,8,60.14,969.71,40.0,0.48,0,5.0,1,0
939,Kobe Sushi,8,5,24.55,381.16,48.0,0.2,0,9.5,1,0
940,Noe Sushi Bar,111,4,41.18,620.03,33.0,0.12,0,5.0,1,0
941,Kobe Sushi,95,7,21.16,553.31,33.0,0.2,1,10.0,0,0
942,Noe Sushi Bar,45,3,37.63,381.7,41.0,0.56,0,6.8,0,0
943,Noe Sushi Bar,53,8,30.21,841.97,34.0,0.12,1,7.2,1,0
944,Nubori Experience,109,5,40.34,482.43,31.0,0.26,0,3.4,1,0
945,Kobe Sushi,63,6,16.56,164.19,62.0,0.7,0,1.8,0,0
946,Kobe Sushi,95,10,16.76,603.53,41.0,0.33,0,5.8,1,0
947,Kobe Sushi,81,5,10.0,183.59,63.0,0.38,0,0.9,0,1
948,Nubori Experience,111,5,57.76,857.69,20.0,0.37,0,3.4,1,0
949,Nubori Experience,57,7,82.14,1096.56,49.0,0.51,0,11.1,0,1
950,Noe Sushi Bar,54,2,47.37,344.44,41.0,0.45,0,0.5,0,0
951,Noe Sushi Bar,19,7,44.89,755.27,56.0,0.11,0,12.1,1,0
952,Noe Sushi Bar,67,6,38.43,537.83,49.0,0.19,0,0.5,0,1
953,Kobe Sushi,46,6,26.9,568.05,41.0,0.43,0,1.2,1,0
954,Nubori Experience,94,7,60.29,1463.11,20.0,0.21,0,2.0,0,1
955,Noe Sushi Bar,10,8,46.88,1321.03,51.0,0.36,0,4.0,0,0
956,Kobe Sushi,113,6,17.96,345.89,69.0,0.5,1,1.6,0,1
957,Noe Sushi Bar,93,7,46.71,896.41,62.0,0.58,0,0.5,0,1
958,Kobe Sushi,104,7,17.57,482.85,60.0,0.01,1,10.1,1,0
959,Kobe Sushi,18,6,27.32,470.97,23.0,0.37,0,15.7,0,1
960,Noe Sushi Bar,12,7,39.27,1015.45,70.0,0.36,0,12.5,0,0
961,Kobe Sushi,49,5,23.06,389.41,53.0,0.35,0,12.1,0,0
962,Noe Sushi Bar,23,4,66.98,483.98,43.0,0.05,0,4.0,1,0
963,Kobe Sushi,62,6,15.94,380.43,49.0,0.28,0,0.5,1,0
964,Kobe Sushi,11,9,12.08,414.88,73.0,0.36,0,4.6,1,0
965,Kobe Sushi,73,6,15.37,267.88,50.0,0.59,0,16.9,1,0
966,Kobe Sushi,118,3,18.43,209.03,20.0,0.03,0,8.5,1,0
967,Noe Sushi Bar,56,8,30.53,557.95,24.0,0.32,0,0.7,0,0
968,Kobe Sushi,88,7,15.01,338.61,30.0,0.3,0,0.8,1,0
969,Noe Sushi Bar,89,6,59.33,924.52,58.0,0.34,0,2.6,0,1
970,Noe Sushi Bar,55,6,40.12,811.27,20.0,0.27,0,27.6,1,0
971,Noe Sushi Bar,25,4,50.15,502.43,29.0,0.6,0,0.5,0,0
972,Nubori Experience,111,8,48.29,639.47,76.0,0.14,0,0.6,1,0
973,Noe Sushi Bar,9,8,50.72,638.58,20.0,0.17,0,1.9,0,1
974,Kobe Sushi,12,8,20.86,624.06,61.0,0.36,0,0.5,1,0
975,Kobe Sushi,11,4,12.99,89.25,56.0,0.39,1,8.3,1,0
976,Kobe Sushi,113,6,10.24,129.5,22.0,0.69,1,3.3,1,0
977,Noe Sushi Bar,38,7,44.43,598.22,27.0,0.81,0,5.5,0,1
978,Kobe Sushi,28,6,27.38,426.45,59.0,0.7,0,3.8,0,1
979,Noe Sushi Bar,8,6,42.53,950.36,56.0,0.2,1,0.6,0,1
980,Noe Sushi Bar,74,5,40.6,443.22,28.0,0.21,0,1.4,0,1
981,Kobe Sushi,89,6,24.05,376.81,61.0,0.18,0,2.3,1,0
982,Chef Choy,47,6,31.8,749.45,34.0,0.46,3,4.5,0,0
983,Kobe Sushi,36,6,14.29,221.03,43.0,0.28,0,2.5,0,1
984,Kobe Sushi,50,6,10.0,198.32,33.0,0.12,0,3.0,0,0
985,Noe Sushi Bar,107,7,48.5,717.71,28.0,0.64,0,9.5,0,1
986,Noe Sushi Bar,9,7,48.02,1093.54,48.0,0.44,0,0.8,0,0
987,Noe Sushi Bar,105,4,51.57,433.75,54.0,0.13,0,1.4,0,1
988,Noe Sushi Bar,60,12,60.27,2857.01,46.0,0.26,1,0.5,1,0
989,Kobe Sushi,72,3,22.56,152.85,43.0,0.19,1,6.8,0,0
990,Nubori Experience,67,5,47.78,666.65,52.0,0.13,0,0.6,0,1
991,Chef Choy,53,6,20.41,300.44,37.0,0.48,0,1.7,1,0
992,Noe Sushi Bar,82,4,49.11,326.36,43.0,0.29,0,5.2,1,0
993,Kobe Sushi,110,5,23.09,436.69,30.0,0.35,0,1.0,1,0
994,Noe Sushi Bar,99,7,45.86,1021.23,26.0,0.24,0,30.0,0,0
995,Kobe Sushi,17,5,22.62,417.15,57.0,0.13,0,4.2,0,0
996,Kobe Sushi,100,9,13.6,318.14,65.0,0.64,0,3.1,1,0
997,Nubori Experience,53,4,71.78,1091.96,63.0,0.55,0,13.7,0,1
998,Kobe Sushi,28,6,12.51,263.06,41.0,0.2,1,18.8,0,1
999,Nubori Experience,114,9,67.46,2000.49,65.0,0.04,0,8.0,0,0
1000,Noe Sushi Bar,63,6,33.39,443.5,40.0,0.3,0,5.0,1,0
1001,Kobe Sushi,15,3,18.13,150.35,51.0,0.26,1,0.5,0,1
1002,Noe Sushi Bar,19,5,63.6,942.86,26.0,0.22,0,1.6,0,1
1003,Nubori Experience,86,5,78.4,731.33,73.0,0.5,0,0.5,1,0
1004,Noe Sushi Bar,70,4,28.9,392.61,39.0,0.6,0,9.0,1,0
1005,Nubori Experience,47,6,77.26,738.13,53.0,0.26,1,12.7,0,0
1006,Noe Sushi Bar,71,9,45.8,951.7,47.0,0.02,0,0.5,1,1
1007,Noe Sushi Bar,108,8,62.5,1605.6,67.0,0.33,1,3.9,1,0
1008,Nubori Experience,48,4,74.81,1054.48,67.0,0.7,0,11.2,0,1
1009,Kobe Sushi,73,9,19.21,308.32,34.0,0.04,0,1.7,0,1
1010,Noe Sushi Bar,20,7,59.65,654.13,74.0,0.27,0,2.4,0,1
1011,Kobe Sushi,37,6,19.15,364.91,45.0,0.17,0,3.6,1,0
1012,Nubori Experience,75,4,55.17,603.83,39.0,0.35,2,12.9,1,0
1013,Nubori Experience,2,7,53.31,1176.17,56.0,0.38,1,10.7,0,1
1014,Kobe Sushi,64,5,22.77,353.75,64.0,0.62,0,2.2,0,1
1015,Noe Sushi Bar,86,7,35.93,1005.33,57.0,0.26,0,10.1,0,0
1016,Nubori Experience,112,6,59.74,1121.78,34.0,0.2,0,0.5,0,0
1017,Kobe Sushi,36,10,17.49,531.93,47.0,0.1,0,3.2,1,0
1018,Noe Sushi Bar,5,6,41.42,766.63,25.0,0.22,0,4.9,0,1
1019,Nubori Experience,64,5,59.43,941.94,43.0,0.45,0,0.5,0,0
1020,Kobe Sushi,7,5,11.8,149.82,23.0,0.04,0,6.0,0,0
1021,Noe Sushi Bar,70,8,47.97,1505.26,21.0,0.7,0,0.7,0,1
1022,Kobe Sushi,120,6,17.95,418.31,41.0,0.5,0,21.4,0,1
1023,Nubori Experience,22,6,65.02,697.27,48.0,0.65,0,11.9,0,0
1024,Nubori Experience,74,3,64.74,695.93,46.0,0.35,0,7.7,0,1
1025,Nubori Experience,46,8,61.5,1894.81,46.0,0.36,0,0.9,1,0
1026,Noe Sushi Bar,40,3,52.88,348.63,28.0,0.67,0,3.4,0,0
1027,Nubori Experience,61,8,63.25,1108.72,35.0,0.34,0,0.5,0,1
1028,Nubori Experience,110,4,73.13,442.56,46.0,0.73,0,3.0,0,0
1029,Kobe Sushi,46,7,17.71,207.67,53.0,0.08,0,11.1,0,1
1030,Nubori Experience,84,8,70.62,1140.79,74.0,0.24,2,0.6,1,0
1031,Kobe Sushi,28,5,21.57,366.14,51.0,0.72,0,6.9,0,1
1032,Noe Sushi Bar,87,7,45.87,975.08,41.0,0.26,2,1.6,1,0
1033,Kobe Sushi,35,4,12.29,159.44,20.0,0.31,3,22.0,1,0
1034,Kobe Sushi,1,7,15.16,259.69,53.0,0.23,0,9.5,0,0
1035,Kobe Sushi,29,7,23.47,564.98,42.0,0.11,2,2.8,1,0
1036,Noe Sushi Bar,9,8,41.61,633.21,66.0,0.46,1,0.5,0,1
1037,Kobe Sushi,9,8,19.1,254.89,22.0,0.17,1,2.3,1,0
1038,Noe Sushi Bar,22,9,30.02,1008.89,68.0,0.2,1,2.3,0,1
1039,Kobe Sushi,63,5,17.91,239.02,46.0,0.36,1,4.1,1,0
1040,Kobe Sushi,66,4,19.39,186.36,37.0,0.5,0,11.9,1,0
1041,Noe Sushi Bar,80,7,46.93,975.09,20.0,0.07,0,3.1,0,0
1042,Chef Choy,104,4,32.54,386.15,39.0,0.08,0,3.6,0,1
1043,Kobe Sushi,58,7,13.08,230.02,41.0,0.33,0,5.9,0,0
1044,Noe Sushi Bar,70,5,57.42,605.96,36.0,0.44,0,2.9,1,0
1045,Nubori Experience,55,6,56.9,726.6,37.0,0.59,0,5.7,0,1
1046,Noe Sushi Bar,13,5,45.62,574.13,40.0,0.11,0,0.5,1,0
1047,Kobe Sushi,97,7,15.68,402.76,57.0,0.22,3,24.6,1,0
1048,Kobe Sushi,19,7,14.48,394.12,30.0,0.43,1,16.2,1,0
1049,Nubori Experience,79,11,52.3,1964.53,38.0,0.38,0,5.1,1,0
1050,Kobe Sushi,33,6,15.79,309.79,57.0,0.78,0,5.5,1,1
1051,Nubori Experience,74,4,67.37,1017.56,24.0,0.47,0,4.5,0,1
1052,Noe Sushi Bar,65,8,20.33,282.87,35.0,0.35,1,1.8,0,1
1053,Nubori Experience,60,4,35.16,423.4,50.0,0.05,0,1.7,1,0
1054,Chef Choy,12,5,24.44,235.71,50.0,0.03,0,22.1,0,0
1055,Nubori Experience,43,5,45.15,617.59,25.0,0.34,1,4.7,0,1
1056,Kobe Sushi,93,4,18.19,161.7,20.0,0.32,0,3.0,0,1
1057,Chef Choy,17,11,32.72,664.9,65.0,0.11,0,2.8,0,0
1058,Noe Sushi Bar,68,6,28.91,653.06,43.0,0.4,0,8.5,0,0
1059,Noe Sushi Bar,29,8,36.4,591.12,67.0,0.25,0,7.9,0,1
1060,Noe Sushi Bar,55,8,62.18,1964.93,30.0,0.22,0,19.5,0,0
1061,Nubori Experience,7,6,68.83,636.39,40.0,0.35,1,1.9,0,1
1062,Nubori Experience,44,5,40.1,728.55,42.0,0.33,0,13.4,0,0
1063,Chef Choy,77,7,21.72,588.17,36.0,0.31,0,30.0,0,0
1064,Noe Sushi Bar,5,5,52.46,701.11,55.0,0.61,0,5.3,0,0
1065,Noe Sushi Bar,60,4,42.7,590.2,23.0,0.18,0,10.2,0,0
1066,Noe Sushi Bar,6,6,53.57,604.75,65.0,0.2,0,0.8,0,0
1067,Kobe Sushi,98,6,22.94,463.2,63.0,0.47,0,6.0,0,1
1068,Kobe Sushi,117,4,25.2,168.13,28.0,0.11,0,7.6,0,0
1069,Kobe Sushi,7,6,16.46,373.13,53.0,0.53,2,10.3,1,0
1070,Kobe Sushi,46,5,11.85,209.24,34.0,0.27,0,1.4,0,1
1071,Kobe Sushi,57,9,27.0,906.46,46.0,0.31,0,5.4,0,1
1072,Kobe Sushi,54,2,12.97,71.33,42.0,0.22,0,3.0,1,0
1073,Kobe Sushi,92,5,23.08,391.87,52.0,0.49,0,6.9,1,0
1074,Kobe Sushi,46,5,18.1,355.4,58.0,0.43,0,1.6,0,0
1075,Nubori Experience,10,5,60.75,1111.07,27.0,0.32,0,1.2,0,1
1076,Noe Sushi Bar,4,8,55.75,1012.74,85.0,0.14,0,1.0,0,0
1077,Kobe Sushi,67,3,13.53,119.47,51.0,0.1,0,4.1,0,1
1078,Noe Sushi Bar,25,2,59.61,294.55,33.0,0.65,0,1.5,0,0
1079,Kobe Sushi,87,6,14.01,297.83,56.0,0.11,0,1.2,1,0
1080,Nubori Experience,91,8,82.36,2606.61,49.0,0.38,2,6.5,1,0
1081,Chef Choy,78,5,38.24,751.15,64.0,0.5,0,19.2,0,0
1082,Kobe Sushi,61,8,16.82,405.08,33.0,0.28,0,9.8,0,0
1083,Noe Sushi Bar,38,12,52.25,1319.11,52.0,0.52,1,0.5,0,0
1084,Nubori Experience,32,4,85.89,598.22,38.0,0.07,1,15.9,0,0
1085,Nubori Experience,23,5,53.3,1017.73,40.0,0.5,2,1.6,0,0
1086,Noe Sushi Bar,111,4,28.33,320.36,31.0,0.51,0,7.9,1,0
1087,Noe Sushi Bar,104,6,55.86,1287.49,34.0,0.27,0,15.1,0,1
1088,Kobe Sushi,37,4,17.0,260.59,56.0,0.17,2,0.5,0,1
1089,Nubori Experience,3,10,75.73,2054.83,32.0,0.29,0,30.0,0,1
1090,Kobe Sushi,99,7,16.96,297.27,23.0,0.16,0,0.7,0,0
1091,Nubori Experience,13,7,79.04,2103.97,34.0,0.38,0,5.2,0,0
1092,Noe Sushi Bar,34,7,36.83,578.27,45.0,0.55,0,0.6,0,1
1093,Noe Sushi Bar,88,10,39.02,959.52,50.0,0.08,0,5.9,0,1
1094,Noe Sushi Bar,65,7,48.91,1221.02,42.0,0.3,0,5.0,0,0
1095,Kobe Sushi,76,11,14.33,392.81,33.0,0.08,1,12.3,0,0
1096,Kobe Sushi,8,9,16.45,308.75,44.0,0.49,0,0.8,0,1
1097,Kobe Sushi,83,4,23.77,172.95,58.0,0.24,0,0.5,0,0
1098,Kobe Sushi,9,8,21.36,384.66,41.0,0.21,0,2.0,0,1
1099,Chef Choy,28,1,30.84,74.4,42.0,0.22,1,2.1,0,1
1100,Kobe Sushi,78,3,13.36,80.12,54.0,0.27,0,3.9,1,0
1101,Kobe Sushi,91,4,16.09,166.22,48.0,0.32,1,1.8,0,1
1102,Nubori Experience,18,7,57.12,1022.32,69.0,0.3,0,2.3,0,0
1103,Nubori Experience,42,6,55.6,722.56,37.0,0.36,0,1.2,0,1
1104,Nubori Experience,41,7,63.9,1251.26,20.0,0.42,0,20.1,0,0
1105,Nubori Experience,70,4,27.82,253.64,59.0,0.42,0,4.1,0,1
1106,Kobe Sushi,33,7,17.72,477.21,37.0,0.31,1,8.6,0,1
1107,Kobe Sushi,101,5,16.42,272.52,51.0,0.47,0,5.0,1,0
1108,Chef Choy,106,6,33.84,318.49,83.0,0.26,0,10.6,0,1
1109,Noe Sushi Bar,89,8,37.38,1180.61,48.0,0.25,2,9.6,1,0
1110,Kobe Sushi,77,9,16.61,473.84,66.0,0.75,0,2.2,0,1
1111,Nubori Experience,54,6,87.53,1476.16,35.0,0.54,0,0.7,0,0
1112,Kobe Sushi,87,5,10.0,89.21,28.0,0.25,0,21.6,0,0
1113,Kobe Sushi,36,9,14.84,390.6,58.0,0.43,0,15.6,0,0
1114,Noe Sushi Bar,97,8,40.58,961.68,29.0,0.15,0,4.7,1,0
1115,Noe Sushi Bar,85,3,52.64,280.62,60.0,0.42,0,8.4,0,1
1116,Noe Sushi Bar,98,4,48.38,473.23,33.0,0.3,0,5.5,0,0
1117,Kobe Sushi,56,8,24.67,781.9,51.0,0.62,0,4.3,0,1
1118,Nubori Experience,100,5,87.8,1104.25,44.0,0.14,0,9.1,0,0
1119,Kobe Sushi,17,7,12.41,220.64,25.0,0.2,1,6.5,0,0
1120,Kobe Sushi,10,9,18.19,573.29,44.0,0.18,0,5.6,0,0
1121,Nubori Experience,87,5,70.55,1149.13,44.0,0.34,0,4.1,0,1
1122,Nubori Experience,44,3,56.65,493.08,62.0,0.14,0,8.7,0,0
1123,Nubori Experience,2,9,97.53,3448.01,26.0,0.3,0,16.0,0,1
1124,Nubori Experience,99,10,69.23,1469.88,34.0,0.32,0,0.5,0,0
1125,Noe Sushi Bar,14,3,42.13,283.53,43.0,0.16,0,6.4,0,1
1126,Noe Sushi Bar,111,3,62.11,329.49,55.0,0.31,0,22.3,1,0
1127,Kobe Sushi,109,7,14.35,200.01,38.0,0.85,0,1.5,0,0
1128,Noe Sushi Bar,41,4,49.15,607.95,87.0,0.12,0,7.0,0,0
1129,Kobe Sushi,2,9,24.93,394.64,41.0,0.41,0,0.5,0,0
1130,Kobe Sushi,19,5,18.78,245.45,43.0,0.33,0,1.6,0,1
1131,Noe Sushi Bar,80,5,10.21,92.72,27.0,0.22,1,1.9,0,1
1132,Noe Sushi Bar,107,9,54.08,1595.03,53.0,0.17,0,10.4,1,0
1133,Kobe Sushi,108,6,23.37,270.2,64.0,0.05,2,4.9,0,0
1134,Kobe Sushi,89,3,18.31,141.12,21.0,0.47,0,7.1,0,0
1135,Noe Sushi Bar,1,7,56.89,1319.04,35.0,0.39,0,7.9,0,0
1136,Kobe Sushi,2,4,15.86,107.11,47.0,0.37,0,3.4,0,1
1137,Nubori Experience,112,11,55.41,2105.95,66.0,0.15,0,0.5,0,1
1138,Noe Sushi Bar,27,7,46.76,1032.06,51.0,0.26,0,10.3,0,0
1139,Noe Sushi Bar,2,6,62.36,990.36,61.0,0.56,0,9.5,0,1
1140,Noe Sushi Bar,94,7,60.54,760.2,23.0,0.25,0,1.3,0,1
1141,Nubori Experience,51,4,35.53,321.94,38.0,0.42,0,0.6,1,0
1142,Kobe Sushi,10,11,22.8,906.42,67.0,0.43,0,7.8,0,0
1143,Noe Sushi Bar,19,3,45.24,227.46,60.0,0.23,0,0.5,1,0
1144,Noe Sushi Bar,106,3,23.79,274.89,31.0,0.71,3,2.1,1,0
1145,Kobe Sushi,80,5,22.12,172.52,39.0,0.17,0,9.7,0,0
1146,Nubori Experience,13,7,74.89,1082.48,46.0,0.26,1,4.8,0,1
1147,Chef Choy,48,5,16.25,163.37,72.0,0.17,0,19.4,0,0
1148,Noe Sushi Bar,114,3,44.92,205.58,27.0,0.38,0,0.5,1,0
1149,Nubori Experience,56,8,90.53,2755.39,78.0,0.45,0,20.1,0,1
1150,Nubori Experience,72,6,66.78,975.35,46.0,0.49,0,8.4,1,0
1151,Noe Sushi Bar,56,10,49.28,1765.14,70.0,0.1,0,4.8,0,1
1152,Nubori Experience,50,6,66.51,1529.6,31.0,0.34,0,4.4,0,0
1153,Noe Sushi Bar,95,9,40.2,1169.11,61.0,0.33,0,2.1,0,1
1154,Noe Sushi Bar,45,10,51.43,1174.94,50.0,0.05,0,9.5,0,1
1155,Noe Sushi Bar,89,8,60.43,970.67,90.0,0.24,0,2.1,1,0
1156,Chef Choy,59,4,30.3,245.11,37.0,0.43,0,2.1,1,0
1157,Kobe Sushi,39,6,24.39,378.37,59.0,0.27,0,7.0,0,1
1158,Nubori Experience,21,6,58.04,1269.11,45.0,0.08,0,0.8,0,0
1159,Nubori Experience,55,5,48.56,766.79,26.0,0.05,0,3.0,0,1
1160,Kobe Sushi,120,5,12.71,213.49,33.0,0.44,0,10.8,0,1
1161,Nubori Experience,57,5,52.08,1039.69,37.0,0.16,0,0.5,1,0
1162,Kobe Sushi,114,6,14.65,239.97,82.0,0.26,0,2.5,0,0
1163,Kobe Sushi,102,12,20.7,626.36,41.0,0.15,1,0.5,0,0
1164,Noe Sushi Bar,41,5,62.7,989.33,31.0,0.28,0,0.7,1,0
1165,Kobe Sushi,93,5,19.66,262.82,40.0,0.44,3,5.6,1,0
1166,Nubori Experience,70,5,72.07,1267.32,35.0,0.32,0,3.2,1,0
1167,Nubori Experience,82,5,52.36,431.59,50.0,0.43,3,5.9,1,0
1168,Noe Sushi Bar,49,6,48.86,1054.15,32.0,0.13,0,5.0,1,0
1169,Kobe Sushi,44,3,16.82,135.2,68.0,0.21,0,2.5,0,0
1170,Kobe Sushi,35,7,10.67,243.48,49.0,0.24,0,1.2,0,0
1171,Noe Sushi Bar,91,13,43.43,1097.92,58.0,0.39,0,10.7,0,1
1172,Nubori Experience,5,7,59.9,1330.66,47.0,0.55,1,2.9,1,0
1173,Noe Sushi Bar,71,7,66.38,777.66,48.0,0.27,0,3.2,1,0
1174,Kobe Sushi,74,8,23.06,280.0,34.0,0.35,0,10.1,0,0
1175,Noe Sushi Bar,74,7,44.84,917.08,59.0,0.62,0,3.6,0,1
1176,Noe Sushi Bar,51,7,28.95,636.04,59.0,0.69,0,1.8,0,0
1177,Chef Choy,57,5,22.29,353.78,35.0,0.44,0,6.1,0,0
1178,Kobe Sushi,58,8,16.35,410.52,74.0,0.1,0,3.0,0,1
1179,Chef Choy,92,5,14.31,141.34,20.0,0.66,0,2.6,0,1
1180,Noe Sushi Bar,36,7,42.04,757.9,38.0,0.01,0,8.5,0,0
1181,Nubori Experience,10,5,100.11,1691.62,73.0,0.1,1,2.7,1,0
1182,Kobe Sushi,50,5,22.69,425.87,37.0,0.43,0,4.0,0,1
1183,Noe Sushi Bar,99,8,65.99,1233.04,45.0,0.51,0,0.5,1,1
1184,Nubori Experience,117,3,67.98,526.22,54.0,0.18,0,2.2,1,0
1185,Kobe Sushi,99,3,20.76,97.2,39.0,0.08,0,20.2,0,0
1186,Nubori Experience,37,11,79.86,2771.57,43.0,0.21,0,5.9,0,0
1187,Noe Sushi Bar,112,7,47.65,709.42,57.0,0.34,0,4.7,1,0
1188,Kobe Sushi,20,5,17.16,281.53,51.0,0.34,0,3.1,0,0
1189,Kobe Sushi,13,5,13.96,267.74,64.0,0.05,0,4.4,0,0
1190,Noe Sushi Bar,75,4,25.35,176.43,58.0,0.41,0,14.3,1,0
1191,Kobe Sushi,109,3,20.17,185.8,28.0,0.06,0,6.1,0,1
1192,Noe Sushi Bar,19,3,45.97,384.75,32.0,0.43,3,9.1,1,0
1193,Kobe Sushi,92,7,19.34,467.65,32.0,0.27,2,2.0,0,0
1194,Noe Sushi Bar,102,4,57.69,395.16,52.0,0.36,0,3.5,0,0
1195,Kobe Sushi,56,4,15.36,245.55,55.0,0.27,0,1.0,0,1
1196,Nubori Experience,45,1,52.94,139.36,38.0,0.35,0,0.5,1,0
1197,Nubori Experience,60,8,72.87,1253.38,68.0,0.15,0,11.8,0,1
1198,Nubori Experience,68,5,63.06,825.94,22.0,0.17,0,2.2,0,0
1199,Noe Sushi Bar,57,6,49.25,606.18,43.0,0.38,0,5.0,1,0
1200,Kobe Sushi,54,4,20.63,260.57,30.0,0.47,3,4.4,1,0
1201,Chef Choy,37,5,17.96,315.94,28.0,0.48,0,0.5,1,0
1202,Kobe Sushi,83,6,19.25,221.87,20.0,0.68,1,1.8,0,1
1203,Kobe Sushi,37,4,17.91,145.69,35.0,0.52,0,1.5,0,0
1204,Kobe Sushi,117,4,18.8,123.98,68.0,0.38,0,10.8,0,1
1205,Noe Sushi Bar,14,5,27.83,363.78,39.0,0.13,3,7.1,0,0
1206,Chef Choy,95,6,16.44,172.12,20.0,0.37,1,3.2,0,0
1207,Noe Sushi Bar,92,6,43.57,1044.65,48.0,0.37,0,11.8,1,0
1208,Noe Sushi Bar,100,3,43.37,490.02,56.0,0.19,1,6.7,0,0
1209,Kobe Sushi,44,5,19.24,275.62,30.0,0.65,0,11.1,0,1
1210,Nubori Experience,102,7,68.6,951.93,40.0,0.2,0,2.3,0,1
1211,Noe Sushi Bar,83,7,47.74,614.3,35.0,0.17,1,1.6,0,0
1212,Noe Sushi Bar,42,11,45.96,1534.63,44.0,0.59,0,15.0,0,0
1213,Kobe Sushi,1,4,20.67,246.43,47.0,0.08,0,1.4,0,1
1214,Chef Choy,23,7,14.05,219.23,27.0,0.17,1,4.6,0,0
1215,Noe Sushi Bar,119,6,57.04,1273.14,55.0,0.23,0,9.8,0,0
1216,Kobe Sushi,64,6,13.94,273.3,46.0,0.67,0,7.5,0,1
1217,Kobe Sushi,28,6,22.51,254.29,41.0,0.33,0,5.2,0,1
1218,Noe Sushi Bar,112,2,49.27,171.85,24.0,0.43,2,4.8,0,1
1219,Noe Sushi Bar,4,10,27.43,826.86,49.0,0.5,0,6.7,0,0
1220,Kobe Sushi,41,7,10.24,263.41,36.0,0.42,1,6.0,0,0
1221,Nubori Experience,60,3,71.74,530.73,30.0,0.37,2,21.1,0,0
1222,Kobe Sushi,18,3,19.18,226.65,34.0,0.59,0,2.7,1,0
1223,Noe Sushi Bar,63,11,22.92,383.07,20.0,0.67,0,9.2,1,0
1224,Nubori Experience,61,7,64.42,914.21,56.0,0.14,0,1.1,0,0
1225,Noe Sushi Bar,49,5,31.77,519.48,51.0,0.32,0,1.6,0,1
1226,Noe Sushi Bar,47,4,51.95,775.86,34.0,0.26,0,3.2,0,0
1227,Kobe Sushi,115,8,19.42,489.59,20.0,0.12,0,3.2,0,1
1228,Kobe Sushi,39,8,15.82,262.35,20.0,0.21,1,14.4,0,0
1229,Nubori Experience,89,10,67.18,1224.55,26.0,0.37,0,26.2,1,0
1230,Noe Sushi Bar,82,8,75.03,2225.38,51.0,0.38,0,0.5,1,0
1231,Nubori Experience,6,7,73.25,1091.53,48.0,0.26,0,3.6,0,0
1232,Kobe Sushi,83,6,19.0,426.79,52.0,0.14,1,7.5,1,0
1233,Kobe Sushi,53,6,19.89,414.12,49.0,0.11,0,1.1,1,0
1234,Kobe Sushi,76,6,10.0,225.92,42.0,0.45,0,3.3,1,0
1235,Noe Sushi Bar,25,5,49.27,554.29,36.0,0.46,0,2.2,0,1
1236,Kobe Sushi,99,6,29.44,407.46,53.0,0.15,0,4.5,0,1
1237,Nubori Experience,65,7,39.88,601.18,54.0,0.67,0,3.5,0,1
1238,Noe Sushi Bar,5,9,23.39,412.64,38.0,0.66,0,0.7,0,1
1239,Nubori Experience,65,6,62.76,774.57,39.0,0.2,0,2.0,0,1
1240,Kobe Sushi,8,3,24.35,240.87,20.0,0.01,0,2.4,0,0
1241,Nubori Experience,39,4,72.48,891.72,52.0,0.36,0,3.0,0,1
1242,Chef Choy,111,6,26.11,455.01,57.0,0.22,0,2.9,1,0
1243,Chef Choy,43,6,10.0,195.8,37.0,0.04,0,5.0,1,0
1244,Nubori Experience,82,4,66.52,875.41,39.0,0.18,0,14.3,0,0
1245,Chef Choy,110,6,21.03,366.98,36.0,0.47,0,8.0,0,0
1246,Noe Sushi Bar,73,4,38.98,458.83,44.0,0.24,0,3.1,0,1
1247,Kobe Sushi,5,11,13.61,522.91,32.0,0.06,0,12.3,0,0
1248,Kobe Sushi,119,7,14.74,285.53,44.0,0.41,1,6.0,1,0
1249,Nubori Experience,4,4,82.98,690.38,29.0,0.26,0,1.9,0,1
1250,Noe Sushi Bar,108,4,24.02,362.53,39.0,0.42,0,5.1,1,0
1251,Chef Choy,93,8,20.4,432.05,41.0,0.64,0,13.2,0,0
1252,Noe Sushi Bar,1,6,55.53,1138.0,35.0,0.1,0,7.5,0,1
1253,Kobe Sushi,94,9,22.36,309.71,99.0,0.47,0,3.6,1,0
1254,Kobe Sushi,56,6,20.74,311.2,32.0,0.26,0,3.3,0,1
1255,Noe Sushi Bar,45,9,26.38,568.06,74.0,0.12,0,1.2,0,1
1256,Noe Sushi Bar,65,7,43.51,583.22,40.0,0.3,0,7.4,0,0
1257,Kobe Sushi,3,7,15.65,260.27,47.0,0.21,0,3.7,0,0
1258,Noe Sushi Bar,22,9,40.67,1417.55,60.0,0.4,0,3.5,0,0
1259,Kobe Sushi,72,9,17.98,633.62,53.0,0.36,1,1.3,1,0
1260,Noe Sushi Bar,56,7,44.92,1214.47,31.0,0.01,0,1.4,0,0
1261,Kobe Sushi,18,6,16.23,379.65,66.0,0.37,0,2.1,1,0
1262,Chef Choy,25,4,11.2,158.59,33.0,0.02,0,1.9,0,1
1263,Kobe Sushi,48,6,15.37,222.14,28.0,0.05,0,7.3,0,0
1264,Noe Sushi Bar,116,5,38.54,530.49,47.0,0.34,0,3.9,0,0
1265,Kobe Sushi,84,6,17.6,326.82,44.0,0.2,0,5.5,0,0
1266,Kobe Sushi,31,4,22.68,244.61,50.0,0.27,0,2.1,1,0
1267,Kobe Sushi,30,5,12.07,154.62,20.0,0.38,0,6.2,1,0
1268,Noe Sushi Bar,80,7,44.56,1101.0,66.0,0.48,0,1.6,1,0
1269,Noe Sushi Bar,66,13,51.03,1285.08,69.0,0.64,0,2.6,0,1
1270,Kobe Sushi,81,6,16.42,244.62,33.0,0.2,0,9.4,0,0
1271,Noe Sushi Bar,10,9,44.22,1201.41,50.0,0.53,0,5.3,0,1
1272,Nubori Experience,71,10,63.61,2083.86,61.0,0.71,2,6.6,1,0
1273,Chef Choy,59,6,10.43,102.1,31.0,0.61,0,4.1,0,0
1274,Kobe Sushi,106,7,24.06,316.45,81.0,0.08,0,4.3,0,0
1275,Noe Sushi Bar,51,7,32.43,488.35,51.0,0.52,0,1.9,0,1
1276,Kobe Sushi,116,1,21.52,51.41,37.0,0.18,0,25.3,0,0
1277,Kobe Sushi,9,6,16.41,245.71,50.0,0.45,0,6.1,1,0
1278,Nubori Experience,54,5,78.77,730.07,65.0,0.16,0,25.3,0,0
1279,Kobe Sushi,62,3,12.67,127.98,54.0,0.32,0,10.9,0,0
1280,Noe Sushi Bar,81,7,53.96,694.35,49.0,0.44,0,30.0,0,0
1281,Noe Sushi Bar,9,6,35.84,500.95,37.0,0.09,1,2.0,0,1
1282,Noe Sushi Bar,9,5,81.59,964.33,49.0,0.25,0,6.5,0,0
1283,Noe Sushi Bar,101,7,54.57,927.25,56.0,0.16,0,0.5,1,0
1284,Kobe Sushi,24,4,19.69,177.57,40.0,0.39,0,4.8,0,1
1285,Kobe Sushi,39,11,13.21,249.65,44.0,0.08,0,0.7,0,1
1286,Noe Sushi Bar,75,7,54.91,911.65,64.0,0.53,0,0.7,0,1
1287,Kobe Sushi,8,6,18.84,381.43,40.0,0.45,0,6.7,0,0
1288,Kobe Sushi,25,7,25.81,636.75,46.0,0.13,0,30.0,0,0
1289,Kobe Sushi,110,5,21.03,332.23,49.0,0.22,0,3.1,0,0
1290,Kobe Sushi,66,6,19.06,444.29,33.0,0.12,0,1.6,0,1
1291,Kobe Sushi,10,4,15.17,182.75,48.0,0.1,1,10.4,0,1
1292,Kobe Sushi,117,6,16.87,198.36,57.0,0.73,0,4.8,0,0
1293,Noe Sushi Bar,24,5,38.72,658.78,55.0,0.27,0,2.5,0,0
1294,Noe Sushi Bar,112,4,27.95,169.55,36.0,0.59,0,1.7,0,1
1295,Nubori Experience,80,7,72.29,1414.21,24.0,0.2,0,0.5,1,0
1296,Kobe Sushi,83,5,19.88,358.53,65.0,0.34,0,5.0,1,0
1297,Kobe Sushi,59,4,21.05,153.06,50.0,0.25,0,6.2,0,1
1298,Kobe Sushi,31,6,15.86,290.08,62.0,0.43,0,4.6,1,0
1299,Noe Sushi Bar,11,5,33.38,469.5,56.0,0.29,0,17.0,0,0
1300,Noe Sushi Bar,6,2,41.03,224.5,49.0,0.49,1,1.9,1,0
1301,Kobe Sushi,70,4,14.36,177.65,54.0,0.53,0,1.3,1,0
1302,Nubori Experience,32,6,36.46,562.65,46.0,0.44,0,13.2,0,1
1303,Kobe Sushi,39,7,19.97,314.56,58.0,0.14,0,2.7,0,0
1304,Noe Sushi Bar,48,4,56.83,781.11,54.0,0.73,0,22.7,0,0
1305,Noe Sushi Bar,13,6,52.19,806.18,27.0,0.53,0,15.1,0,0
1306,Nubori Experience,59,4,62.4,683.22,39.0,0.15,0,0.8,0,1
1307,Noe Sushi Bar,67,8,54.39,936.64,53.0,0.35,1,1.7,0,1
1308,Nubori Experience,56,6,75.99,992.23,71.0,0.55,0,4.7,0,0
1309,Kobe Sushi,120,5,14.04,229.7,38.0,0.52,1,8.2,1,1
1310,Nubori Experience,41,10,72.77,1638.67,44.0,0.76,0,0.7,1,0
1311,Kobe Sushi,56,3,21.39,251.6,42.0,0.34,0,2.0,0,1
1312,Nubori Experience,35,3,82.12,457.41,32.0,0.51,0,1.6,1,0
1313,Noe Sushi Bar,38,7,40.53,837.26,26.0,0.16,0,11.4,0,0
1314,Nubori Experience,81,13,42.87,1939.29,44.0,0.27,0,27.6,0,0
1315,Noe Sushi Bar,67,3,43.3,382.76,35.0,0.37,0,7.2,1,0
1316,Noe Sushi Bar,34,7,41.07,486.26,40.0,0.29,0,12.1,1,0
1317,Noe Sushi Bar,76,4,38.01,453.29,45.0,0.33,0,6.7,0,0
1318,Noe Sushi Bar,88,7,41.25,504.43,38.0,0.13,0,6.1,1,0
1319,Kobe Sushi,70,10,12.24,324.34,34.0,0.54,2,24.3,0,1
1320,Kobe Sushi,106,5,10.0,169.33,73.0,0.11,3,7.9,0,0
1321,Kobe Sushi,11,6,27.85,446.54,66.0,0.23,0,1.0,1,0
1322,Kobe Sushi,112,6,20.26,444.81,26.0,0.36,0,2.1,1,0
1323,Nubori Experience,27,3,62.1,427.87,37.0,0.27,0,3.5,0,0
1324,Kobe Sushi,48,5,10.0,163.7,70.0,0.42,0,18.2,0,0
1325,Nubori Experience,24,8,37.99,565.44,47.0,0.04,0,4.9,1,0
1326,Kobe Sushi,18,6,10.98,242.4,49.0,0.48,0,10.9,0,0
1327,Kobe Sushi,27,6,23.93,529.45,50.0,0.4,0,2.2,0,1
1328,Chef Choy,54,7,19.96,220.83,57.0,0.21,0,14.8,0,0
1329,Noe Sushi Bar,55,6,66.5,1220.16,38.0,0.45,0,2.6,0,1
1330,Noe Sushi Bar,120,4,49.35,473.92,24.0,0.6,0,0.5,1,0
1331,Noe Sushi Bar,105,6,43.28,554.42,59.0,0.54,0,3.3,0,0
1332,Noe Sushi Bar,21,7,48.35,534.42,25.0,0.14,0,0.9,1,0
1333,Kobe Sushi,59,6,24.66,256.03,36.0,0.3,0,4.4,0,0
1334,Nubori Experience,115,6,58.44,888.56,37.0,0.57,0,2.9,0,1
1335,Nubori Experience,34,10,100.16,2664.19,29.0,0.11,0,6.5,0,1
1336,Noe Sushi Bar,120,7,47.41,1138.67,55.0,0.64,0,5.1,0,1
1337,Kobe Sushi,97,5,13.69,178.97,64.0,0.23,0,0.5,0,0
1338,Noe Sushi Bar,58,6,32.55,571.38,44.0,0.24,0,1.2,1,0
1339,Kobe Sushi,48,8,21.38,291.47,68.0,0.31,0,3.1,0,0
1340,Kobe Sushi,54,7,17.89,310.42,49.0,0.05,0,0.5,1,0
1341,Kobe Sushi,18,7,19.12,386.3,33.0,0.28,0,2.5,0,1
1342,Noe Sushi Bar,3,5,41.85,725.73,56.0,0.4,0,1.1,0,0
1343,Nubori Experience,24,7,47.56,633.29,20.0,0.2,0,14.3,0,1
1344,Noe Sushi Bar,1,6,51.86,983.47,28.0,0.11,0,2.8,0,1
1345,Noe Sushi Bar,6,8,35.66,706.47,56.0,0.03,0,2.1,0,1
1346,Noe Sushi Bar,19,8,41.8,1290.99,28.0,0.58,0,7.3,0,1
1347,Kobe Sushi,86,3,14.31,125.94,34.0,0.07,0,3.6,0,1
1348,Kobe Sushi,115,10,18.51,286.14,61.0,0.57,1,3.5,1,0
1349,Nubori Experience,43,8,71.31,1514.62,55.0,0.45,0,18.2,0,0
1350,Kobe Sushi,8,7,15.11,274.01,26.0,0.26,3,2.3,0,0
1351,Nubori Experience,69,5,53.48,443.41,40.0,0.37,0,8.6,0,0
1352,Noe Sushi Bar,52,6,25.74,307.82,53.0,0.25,0,8.2,0,0
1353,Noe Sushi Bar,73,4,42.06,657.28,62.0,0.19,1,5.2,0,1
1354,Noe Sushi Bar,47,4,44.3,437.92,33.0,0.28,0,7.2,0,1
1355,Noe Sushi Bar,85,9,52.58,1326.06,50.0,0.35,0,9.4,0,1
1356,Nubori Experience,28,5,69.16,910.77,54.0,0.48,0,4.7,0,0
1357,Nubori Experience,46,6,48.39,652.52,37.0,0.48,0,8.7,0,0
1358,Noe Sushi Bar,4,7,44.76,846.69,57.0,0.27,0,1.2,0,1
1359,Kobe Sushi,120,5,14.79,294.32,52.0,0.16,0,5.2,1,0
1360,Noe Sushi Bar,88,5,47.7,942.2,53.0,0.6,0,4.6,0,0
1361,Nubori Experience,8,5,84.14,1567.06,48.0,0.22,0,0.5,0,1
1362,Kobe Sushi,116,5,27.33,231.98,70.0,0.3,0,5.0,1,0
1363,Noe Sushi Bar,61,7,52.57,561.89,51.0,0.44,1,0.5,0,1
1364,Noe Sushi Bar,17,5,52.83,488.46,59.0,0.47,0,11.5,0,0
1365,Noe Sushi Bar,34,6,25.68,488.71,77.0,0.13,0,11.8,1,0
1366,Kobe Sushi,20,6,26.22,524.92,62.0,0.5,0,1.6,0,1
1367,Noe Sushi Bar,80,8,39.2,533.04,46.0,0.22,0,12.5,1,0
1368,Nubori Experience,74,3,81.25,731.56,73.0,0.32,0,2.1,1,1
1369,Kobe Sushi,34,3,10.0,81.47,28.0,0.07,3,5.6,1,0
1370,Kobe Sushi,43,7,16.69,358.62,28.0,0.09,1,0.5,0,1
1371,Nubori Experience,10,5,62.96,544.23,33.0,0.33,1,13.4,1,0
1372,Kobe Sushi,94,6,10.48,200.88,39.0,0.45,0,5.4,0,0
1373,Nubori Experience,30,3,82.19,819.51,38.0,0.08,0,0.9,0,0
1374,Noe Sushi Bar,115,4,30.02,231.46,20.0,0.3,1,3.3,1,0
1375,Kobe Sushi,25,6,20.9,451.69,24.0,0.54,0,2.7,0,0
1376,Nubori Experience,57,8,63.77,846.54,21.0,0.16,0,24.0,0,0
1377,Noe Sushi Bar,110,7,63.49,672.47,59.0,0.1,0,6.3,0,1
1378,Noe Sushi Bar,63,9,36.43,1143.73,34.0,0.21,0,21.5,0,0
1379,Kobe Sushi,107,3,16.12,135.63,24.0,0.43,0,7.7,0,1
1380,Noe Sushi Bar,105,5,30.55,347.25,54.0,0.23,0,8.2,0,1
1381,Kobe Sushi,71,7,26.37,348.89,49.0,0.12,0,3.4,0,0
1382,Kobe Sushi,47,8,17.92,545.76,60.0,0.39,0,0.9,0,0
1383,Nubori Experience,84,5,80.15,1040.7,31.0,0.61,0,2.7,1,0
1384,Kobe Sushi,81,8,18.6,354.15,67.0,0.39,0,10.9,0,0
1385,Noe Sushi Bar,3,7,48.83,535.68,41.0,0.25,0,1.0,0,0
1386,Kobe Sushi,111,11,21.41,651.83,40.0,0.45,0,0.8,1,0
1387,Chef Choy,46,10,41.49,672.69,34.0,0.42,0,4.7,1,0
1388,Kobe Sushi,104,5,21.82,323.37,70.0,0.13,0,5.1,1,0
1389,Nubori Experience,36,5,74.96,1082.94,20.0,0.72,0,6.1,0,0
1390,Noe Sushi Bar,26,3,43.96,303.5,35.0,0.31,2,2.2,1,0
1391,Kobe Sushi,10,7,13.31,232.9,33.0,0.17,2,8.4,0,0
1392,Kobe Sushi,34,4,22.02,249.13,48.0,0.25,0,2.2,0,1
1393,Kobe Sushi,78,9,22.72,530.89,39.0,0.53,0,0.9,0,1
1394,Noe Sushi Bar,8,6,56.83,903.11,67.0,0.65,1,4.3,0,1
1395,Kobe Sushi,55,4,27.84,319.18,20.0,0.32,0,0.5,0,0
1396,Nubori Experience,91,7,35.73,934.68,50.0,0.16,0,5.7,0,1
1397,Noe Sushi Bar,10,3,56.18,345.8,58.0,0.3,0,12.0,0,0
1398,Kobe Sushi,57,8,19.2,606.57,33.0,0.19,0,9.4,1,0
1399,Noe Sushi Bar,114,4,46.76,313.27,54.0,0.57,0,14.3,1,0
1400,Noe Sushi Bar,79,5,45.81,843.02,61.0,0.12,0,2.1,0,1
1401,Kobe Sushi,101,5,10.0,129.74,20.0,0.31,0,15.2,1,0
1402,Kobe Sushi,86,13,17.62,499.63,35.0,0.16,1,7.4,0,1
1403,Kobe Sushi,45,6,21.87,403.61,48.0,0.72,0,1.1,1,0
1404,Noe Sushi Bar,50,7,41.34,872.77,40.0,0.31,0,26.4,0,1
1405,Noe Sushi Bar,64,3,41.12,452.74,51.0,0.15,0,3.3,1,0
1406,Noe Sushi Bar,95,9,36.41,506.74,45.0,0.26,0,4.0,1,0
1407,Nubori Experience,2,11,48.44,1601.69,38.0,0.37,1,11.1,0,0
1408,Nubori Experience,45,2,67.74,465.06,45.0,0.76,0,6.4,0,0
1409,Noe Sushi Bar,95,3,42.29,460.12,33.0,0.13,0,8.7,0,1
1410,Nubori Experience,62,5,63.55,1044.47,51.0,0.11,0,0.8,0,0
1411,Kobe Sushi,14,9,17.34,329.6,45.0,0.09,0,6.3,1,0
1412,Kobe Sushi,74,6,20.79,381.57,54.0,0.08,1,11.5,0,0
1413,Kobe Sushi,94,6,22.55,359.36,40.0,0.16,0,8.0,1,0
1414,Kobe Sushi,100,4,17.69,207.3,46.0,0.7,0,7.4,0,0
1415,Noe Sushi Bar,111,7,44.58,645.39,50.0,0.49,0,1.8,1,0
1416,Nubori Experience,104,6,58.09,600.76,47.0,0.37,1,5.5,0,1
1417,Kobe Sushi,15,9,15.21,351.43,20.0,0.42,0,9.1,0,0
1418,Kobe Sushi,14,5,17.28,233.19,35.0,0.1,0,8.9,0,0
1419,Noe Sushi Bar,31,4,45.4,277.36,45.0,0.47,0,1.3,0,1
1420,Nubori Experience,29,5,79.98,703.55,60.0,0.18,0,8.9,0,0
1421,Kobe Sushi,27,4,18.58,292.51,67.0,0.33,0,1.0,1,1
1422,Noe Sushi Bar,85,3,46.56,408.31,66.0,0.23,0,13.5,0,0
1423,Kobe Sushi,9,2,24.47,184.33,24.0,0.16,0,23.7,0,1
1424,Kobe Sushi,20,5,14.51,197.36,54.0,0.21,0,1.6,0,1
1425,Nubori Experience,99,9,71.98,2185.43,20.0,0.35,0,5.6,0,1
1426,Nubori Experience,58,6,45.28,535.65,57.0,0.29,1,1.1,1,0
1427,Kobe Sushi,79,4,16.38,197.55,42.0,0.28,3,2.7,0,1
1428,Nubori Experience,88,4,45.49,591.75,34.0,0.1,0,5.9,0,1
1429,Noe Sushi Bar,49,7,42.21,687.35,48.0,0.46,0,30.0,1,0
1430,Nubori Experience,57,6,52.35,917.43,50.0,0.33,2,0.6,1,0
1431,Noe Sushi Bar,16,2,56.03,340.49,40.0,0.16,1,10.2,1,0
1432,Noe Sushi Bar,100,6,41.77,697.0,44.0,0.17,0,2.4,0,1
1433,Noe Sushi Bar,75,3,55.76,650.8,26.0,0.17,1,1.8,1,0
1434,Noe Sushi Bar,8,5,47.28,734.32,46.0,0.13,0,3.3,0,0
1435,Kobe Sushi,67,9,24.05,372.28,58.0,0.57,0,1.6,0,1
1436,Kobe Sushi,19,2,17.27,126.3,39.0,0.51,0,12.7,0,1
1437,Kobe Sushi,110,8,23.25,401.35,62.0,0.33,0,9.2,1,0
1438,Noe Sushi Bar,105,7,52.34,889.12,57.0,0.07,0,5.3,0,1
1439,Kobe Sushi,67,2,18.13,122.12,38.0,0.52,0,0.5,0,1
1440,Noe Sushi Bar,36,6,38.47,770.66,48.0,0.63,0,4.6,0,1
1441,Nubori Experience,89,11,71.41,2267.69,55.0,0.44,0,7.7,1,1
1442,Kobe Sushi,60,8,10.0,123.53,60.0,0.5,0,7.0,0,1
1443,Noe Sushi Bar,36,7,35.63,503.74,23.0,0.5,0,9.7,0,0
1444,Noe Sushi Bar,11,7,42.93,1026.29,63.0,0.59,0,4.0,0,1
1445,Nubori Experience,51,5,86.3,955.85,34.0,0.72,0,13.0,0,0
1446,Kobe Sushi,80,7,18.62,431.36,34.0,0.32,0,1.1,0,0
1447,Noe Sushi Bar,55,6,43.45,438.4,49.0,0.32,0,11.9,0,0
1448,Nubori Experience,54,5,56.7,1113.53,20.0,0.46,2,6.0,1,0
1449,Nubori Experience,17,9,64.05,1591.26,54.0,0.43,0,22.4,0,0
1450,Noe Sushi Bar,62,8,58.0,1495.53,39.0,0.33,0,6.3,0,1
1451,Noe Sushi Bar,42,4,38.03,486.46,47.0,0.11,0,12.2,0,1
1452,Noe Sushi Bar,24,11,45.67,1949.41,48.0,0.59,0,2.0,1,0
1453,Nubori Experience,17,5,94.99,1222.05,56.0,0.11,0,11.9,0,1
1454,Noe Sushi Bar,48,5,35.8,315.29,53.0,0.33,1,2.4,0,1
1455,Kobe Sushi,84,8,19.04,247.86,37.0,0.68,0,8.3,0,0
1456,Nubori Experience,86,6,57.49,1118.06,81.0,0.35,0,8.8,1,0
1457,Noe Sushi Bar,70,6,50.01,976.48,50.0,0.22,0,1.8,0,1
1458,Noe Sushi Bar,7,6,27.75,301.79,45.0,0.14,0,0.8,0,1
1459,Kobe Sushi,14,3,15.15,119.48,58.0,0.14,0,4.7,0,0
1460,Noe Sushi Bar,11,4,56.55,416.13,27.0,0.22,0,15.8,0,0
1461,Kobe Sushi,12,5,16.87,292.01,22.0,0.02,0,0.8,0,1
1462,Noe Sushi Bar,110,3,44.39,309.06,63.0,0.36,0,2.9,0,0
1463,Kobe Sushi,5,3,19.87,210.1,35.0,0.79,0,16.1,0,0
1464,Noe Sushi Bar,5,5,63.02,1072.14,43.0,0.41,2,1.8,0,1
1465,Nubori Experience,20,2,76.28,561.1,45.0,0.18,0,4.3,0,0
1466,Kobe Sushi,54,2,10.0,46.54,37.0,0.56,0,0.8,1,0
1467,Nubori Experience,55,6,57.92,1376.97,42.0,0.35,0,0.5,0,1
1468,Noe Sushi Bar,58,4,66.58,722.6,32.0,0.46,0,1.1,0,0
1469,Nubori Experience,79,4,58.75,464.57,66.0,0.55,1,16.0,0,1
1470,Chef Choy,90,6,27.83,260.58,31.0,0.48,0,5.0,0,0
1471,Noe Sushi Bar,97,5,12.71,119.08,40.0,0.21,0,12.2,0,0
1472,Noe Sushi Bar,30,4,20.57,230.95,38.0,0.39,0,3.3,0,1
1473,Nubori Experience,24,1,76.66,136.33,44.0,0.34,1,4.1,0,0
1474,Noe Sushi Bar,87,8,51.44,1154.89,66.0,0.16,0,13.2,0,1
1475,Kobe Sushi,73,7,19.11,329.88,72.0,0.19,0,3.3,0,1
1476,Noe Sushi Bar,3,6,59.08,1033.41,62.0,0.21,0,7.2,1,0
1477,Nubori Experience,100,6,83.61,1731.77,39.0,0.15,0,0.6,1,0
1478,Chef Choy,48,5,25.23,376.86,23.0,0.03,0,4.8,1,0
1479,Chef Choy,71,8,35.81,959.69,68.0,0.07,0,1.9,0,0
1480,Noe Sushi Bar,22,9,58.03,1494.6,59.0,0.09,0,6.6,1,0
1481,Nubori Experience,14,4,97.92,1540.81,72.0,0.18,0,3.8,0,0
1482,Kobe Sushi,48,5,17.42,203.81,51.0,0.63,0,0.9,1,0
1483,Noe Sushi Bar,29,7,24.49,455.88,40.0,0.28,0,8.2,0,1
1484,Kobe Sushi,50,5,14.93,189.48,70.0,0.22,0,7.2,0,1
1485,Kobe Sushi,80,6,19.83,471.09,65.0,0.77,0,2.0,1,0
1486,Kobe Sushi,112,7,13.89,336.49,69.0,0.37,0,1.9,0,0
1487,Kobe Sushi,98,3,20.76,132.92,46.0,0.32,0,0.9,1,0
1488,Noe Sushi Bar,10,12,34.87,850.87,31.0,0.17,1,1.2,0,1
1489,Kobe Sushi,71,6,20.61,454.88,20.0,0.3,0,1.9,0,1
1490,Noe Sushi Bar,89,6,38.34,624.91,47.0,0.23,0,0.5,0,0
1491,Kobe Sushi,27,6,20.6,220.54,38.0,0.22,1,4.1,1,0
1492,Kobe Sushi,79,4,16.16,116.84,26.0,0.06,0,10.0,0,0
1493,Kobe Sushi,96,5,10.0,133.31,48.0,0.59,0,17.0,1,0
1494,Kobe Sushi,28,9,22.37,582.6,24.0,0.2,0,5.6,0,0
1495,Noe Sushi Bar,9,7,39.82,655.87,52.0,0.13,0,0.7,1,0
1496,Noe Sushi Bar,71,7,39.01,920.98,59.0,0.22,1,3.5,1,0
1497,Noe Sushi Bar,120,8,62.7,1157.93,24.0,0.52,0,2.8,0,0
1498,Noe Sushi Bar,80,6,34.6,510.75,47.0,0.76,0,4.9,1,0
1499,Kobe Sushi,26,9,13.32,184.39,60.0,0.53,2,4.2,1,0
1500,Nubori Experience,99,6,39.05,605.31,47.0,0.05,0,1.4,0,1
1501,Noe Sushi Bar,81,3,42.68,204.0,62.0,0.28,1,6.1,1,0
1502,Noe Sushi Bar,87,2,31.88,214.73,43.0,0.36,2,6.0,1,0
1503,Kobe Sushi,8,7,22.56,389.24,52.0,0.36,0,1.2,0,0
1504,Kobe Sushi,2,9,16.54,333.49,43.0,0.3,0,0.5,0,0
1505,Kobe Sushi,95,7,10.57,130.3,52.0,0.05,0,10.6,0,0
1506,Kobe Sushi,57,5,23.53,227.1,39.0,0.45,0,2.4,0,0
1507,Noe Sushi Bar,52,7,67.74,1675.69,67.0,0.48,0,5.1,1,0
1508,Noe Sushi Bar,58,5,38.05,615.88,57.0,0.33,0,5.4,1,0
1509,Noe Sushi Bar,96,3,54.88,369.99,61.0,0.13,0,3.4,0,1
1510,Chef Choy,93,3,28.83,214.77,41.0,0.48,1,6.7,1,0
1511,Nubori Experience,3,3,64.68,452.13,82.0,0.5,0,17.6,0,1
1512,Noe Sushi Bar,8,8,43.26,551.7,48.0,0.37,0,1.4,0,0
1513,Nubori Experience,59,5,56.02,452.89,69.0,0.49,0,1.7,0,1
1514,Kobe Sushi,2,7,10.59,234.55,42.0,0.22,0,11.5,0,0
1515,Kobe Sushi,95,6,17.45,379.34,57.0,0.42,0,0.7,0,1
1516,Kobe Sushi,62,5,15.88,283.24,57.0,0.5,0,0.5,1,1
1517,Noe Sushi Bar,115,3,22.05,101.77,29.0,0.05,0,3.4,0,0
1518,Nubori Experience,49,7,72.21,1315.75,41.0,0.32,0,20.5,0,1
1519,Kobe Sushi,101,6,23.79,464.65,60.0,0.2,0,6.7,1,0
1520,Nubori Experience,20,4,71.37,576.68,68.0,0.69,0,5.7,0,0
1521,Kobe Sushi,29,6,18.23,254.59,47.0,0.18,0,2.3,1,0
1522,Nubori Experience,17,2,62.79,460.13,81.0,0.11,0,0.5,0,0
1523,Kobe Sushi,74,5,15.8,284.03,49.0,0.26,0,9.5,1,0
1524,Kobe Sushi,105,7,13.02,350.05,68.0,0.51,0,12.8,1,0
1525,Noe Sushi Bar,22,2,66.02,255.23,66.0,0.12,0,0.5,0,0
1526,Kobe Sushi,6,6,31.71,505.43,39.0,0.25,0,19.6,0,0
1527,Kobe Sushi,62,5,20.9,414.7,63.0,0.6,0,3.1,1,0
1528,Kobe Sushi,107,8,22.0,546.11,40.0,0.15,0,25.3,1,0
1529,Nubori Experience,98,9,59.79,1785.63,78.0,0.34,0,12.7,0,1
1530,Noe Sushi Bar,31,4,48.32,535.35,69.0,0.26,0,1.4,0,1
1531,Kobe Sushi,62,5,23.56,396.99,56.0,0.2,0,4.3,0,1
1532,Noe Sushi Bar,119,9,66.23,903.5,50.0,0.22,1,10.3,1,0
1533,Noe Sushi Bar,12,2,44.14,329.67,52.0,0.15,0,2.3,0,0
1534,Kobe Sushi,12,6,10.43,192.18,63.0,0.42,0,4.1,0,0
1535,Noe Sushi Bar,63,10,73.28,2423.08,24.0,0.09,0,2.9,1,0
1536,Kobe Sushi,16,6,23.67,535.28,26.0,0.19,0,7.1,0,0
1537,Kobe Sushi,25,4,22.43,263.38,30.0,0.56,0,5.4,0,0
1538,Noe Sushi Bar,22,4,39.36,285.42,37.0,0.49,0,1.8,0,0
1539,Kobe Sushi,91,5,10.96,146.74,72.0,0.59,0,16.7,0,0
1540,Noe Sushi Bar,88,4,37.58,527.41,69.0,0.14,0,5.6,0,1
1541,Noe Sushi Bar,76,5,70.17,1249.6,58.0,0.44,0,16.7,1,0
1542,Kobe Sushi,117,10,19.97,627.87,57.0,0.28,0,7.4,0,1
1543,Noe Sushi Bar,18,8,49.08,807.02,28.0,0.4,0,10.3,0,1
1544,Kobe Sushi,45,6,16.09,322.52,90.0,0.21,0,1.1,1,0
1545,Nubori Experience,111,6,53.57,994.62,35.0,0.51,3,11.6,1,0
1546,Noe Sushi Bar,80,3,25.61,121.15,46.0,0.3,1,1.2,0,1
1547,Nubori Experience,68,8,84.7,1774.41,42.0,0.15,0,0.9,0,1
1548,Noe Sushi Bar,12,4,51.6,610.82,28.0,0.23,0,3.0,0,1
1549,Kobe Sushi,49,6,17.23,326.78,68.0,0.43,0,1.3,0,0
1550,Noe Sushi Bar,33,3,22.43,195.53,20.0,0.49,0,12.1,0,0
1551,Nubori Experience,86,3,56.26,329.46,37.0,0.38,0,3.3,0,0
1552,Noe Sushi Bar,63,5,51.21,399.64,52.0,0.04,1,1.5,1,0
1553,Nubori Experience,18,5,31.34,397.76,49.0,0.21,0,1.1,1,0
1554,Nubori Experience,54,9,68.82,2266.63,36.0,0.18,0,11.3,1,0
1555,Kobe Sushi,112,10,23.39,642.91,34.0,0.1,0,3.3,1,0
1556,Kobe Sushi,97,11,26.16,1087.15,52.0,0.34,0,5.4,0,1
1557,Noe Sushi Bar,27,9,44.43,1425.25,54.0,0.33,0,0.5,0,1
1558,Noe Sushi Bar,106,11,56.81,1934.2,52.0,0.38,0,0.5,1,0
1559,Nubori Experience,83,3,76.42,584.56,58.0,0.39,0,8.2,0,0
1560,Nubori Experience,112,8,70.18,2044.6,54.0,0.26,0,13.4,0,1
1561,Kobe Sushi,78,7,20.48,365.52,32.0,0.26,0,2.0,0,0
1562,Kobe Sushi,25,7,21.79,560.99,73.0,0.07,0,16.7,0,1
1563,Chef Choy,34,7,14.62,408.71,20.0,0.14,0,1.6,0,1
1564,Kobe Sushi,88,6,15.27,302.73,38.0,0.34,0,3.5,0,1
1565,Nubori Experience,102,5,70.51,684.68,34.0,0.24,0,0.5,0,1
1566,Noe Sushi Bar,60,5,44.78,611.52,38.0,0.31,0,2.4,0,1
1567,Noe Sushi Bar,54,5,44.41,423.19,44.0,0.7,1,1.1,0,1
1568,Kobe Sushi,87,4,22.11,302.96,26.0,0.34,0,1.4,0,1
1569,Noe Sushi Bar,5,7,54.86,1094.57,59.0,0.08,1,1.4,0,1
1570,Noe Sushi Bar,108,5,55.7,632.26,39.0,0.5,0,0.5,0,1
1571,Noe Sushi Bar,36,9,56.33,795.72,48.0,0.22,0,8.1,1,0
1572,Kobe Sushi,54,5,22.64,222.87,40.0,0.26,0,2.1,0,1
1573,Noe Sushi Bar,88,6,40.15,532.57,54.0,0.24,0,15.2,1,0
1574,Nubori Experience,36,7,67.86,1429.81,58.0,0.48,0,25.7,1,0
1575,Kobe Sushi,69,5,10.0,171.48,66.0,0.01,0,1.0,0,0
1576,Kobe Sushi,39,6,16.52,197.82,29.0,0.52,0,13.9,1,0
1577,Kobe Sushi,70,2,16.86,53.09,33.0,0.49,0,8.0,0,0
1578,Noe Sushi Bar,109,3,51.31,233.83,41.0,0.42,0,15.8,1,0
1579,Noe Sushi Bar,100,5,37.67,388.55,31.0,0.39,0,3.5,0,0
1580,Noe Sushi Bar,109,4,33.2,279.9,63.0,0.32,1,3.3,0,1
1581,Kobe Sushi,4,3,15.05,178.67,54.0,0.43,0,10.9,0,0
1582,Kobe Sushi,74,6,19.4,320.5,23.0,0.17,0,4.1,0,0
1583,Noe Sushi Bar,116,8,48.79,1558.41,36.0,0.42,0,4.9,0,0
1584,Noe Sushi Bar,65,6,31.98,501.79,70.0,0.05,0,1.2,0,1
1585,Nubori Experience,85,3,90.18,1042.25,63.0,0.33,1,0.5,0,0
1586,Kobe Sushi,40,9,21.29,394.13,50.0,0.1,0,14.8,0,1
1587,Noe Sushi Bar,103,5,46.77,481.95,31.0,0.38,0,2.9,0,1
1588,Noe Sushi Bar,37,4,43.02,640.55,46.0,0.27,0,2.5,1,0
1589,Noe Sushi Bar,67,4,52.56,811.8,30.0,0.58,0,10.1,1,0
1590,Noe Sushi Bar,111,9,50.97,1672.84,54.0,0.41,1,2.1,1,0
1591,Noe Sushi Bar,31,6,53.27,990.86,39.0,0.23,0,3.1,0,1
1592,Nubori Experience,91,4,78.31,1185.34,71.0,0.09,0,4.5,0,1
1593,Kobe Sushi,81,11,13.5,281.38,45.0,0.34,0,2.0,0,1
1594,Kobe Sushi,87,5,10.66,138.97,50.0,0.63,0,17.7,1,0
1595,Noe Sushi Bar,77,4,66.26,1037.93,63.0,0.27,0,9.0,1,0
1596,Noe Sushi Bar,47,7,24.77,395.82,47.0,0.48,0,3.8,0,0
1597,Kobe Sushi,27,3,14.27,135.64,55.0,0.23,0,6.0,0,1
1598,Kobe Sushi,51,8,15.43,250.63,41.0,0.45,2,3.2,1,0
1599,Kobe Sushi,20,3,18.99,114.66,28.0,0.57,1,5.8,1,0
1600,Nubori Experience,110,8,52.85,649.5,67.0,0.16,1,13.9,1,0
1601,Kobe Sushi,117,6,20.07,456.35,69.0,0.44,0,2.8,1,0
1602,Kobe Sushi,13,10,10.3,303.65,20.0,0.6,0,5.5,0,0
1603,Kobe Sushi,63,4,18.21,116.65,58.0,0.23,0,2.1,0,0
1604,Kobe Sushi,44,5,22.24,303.43,27.0,0.15,0,1.1,0,1
1605,Kobe Sushi,24,6,21.2,287.23,28.0,0.34,0,12.7,0,1
1606,Noe Sushi Bar,119,5,23.93,453.73,20.0,0.22,0,10.9,0,0
1607,Kobe Sushi,105,8,18.62,406.09,52.0,0.22,0,3.1,1,0
1608,Nubori Experience,3,8,62.22,1786.38,40.0,0.39,0,0.7,0,1
1609,Kobe Sushi,107,4,25.34,152.37,49.0,0.14,0,7.7,0,1
1610,Noe Sushi Bar,10,6,49.12,769.52,50.0,0.71,0,20.3,1,0
1611,Nubori Experience,65,8,30.93,739.4,70.0,0.57,3,5.5,0,1
1612,Noe Sushi Bar,49,9,51.97,1202.1,37.0,0.19,2,6.9,1,0
1613,Noe Sushi Bar,58,4,55.43,664.14,29.0,0.51,0,9.9,1,0
1614,Kobe Sushi,77,4,31.97,390.97,30.0,0.12,0,8.7,0,0
1615,Kobe Sushi,78,9,22.56,349.71,42.0,0.3,0,3.6,0,1
1616,Noe Sushi Bar,97,3,45.92,531.76,51.0,0.13,0,2.5,0,1
1617,Nubori Experience,2,6,50.31,710.55,70.0,0.38,0,0.5,0,1
1618,Noe Sushi Bar,66,6,35.38,726.02,35.0,0.67,0,4.6,0,1
1619,Noe Sushi Bar,103,4,31.47,383.6,45.0,0.14,3,10.5,0,0
1620,Noe Sushi Bar,105,8,43.25,870.21,34.0,0.23,0,9.1,0,1
1621,Noe Sushi Bar,120,5,38.66,549.53,51.0,0.07,0,4.2,0,1
1622,Kobe Sushi,31,5,13.29,138.52,26.0,0.13,0,3.4,0,0
1623,Noe Sushi Bar,68,5,64.99,1196.46,26.0,0.39,1,0.5,1,0
1624,Nubori Experience,98,6,73.12,1630.84,39.0,0.25,0,7.2,0,1
1625,Kobe Sushi,83,8,21.64,678.29,79.0,0.1,0,1.8,1,1
1626,Noe Sushi Bar,37,3,32.36,152.45,46.0,0.41,1,20.4,0,0
1627,Kobe Sushi,73,6,24.17,516.49,49.0,0.37,0,3.8,0,0
1628,Noe Sushi Bar,24,8,49.39,1548.44,59.0,0.18,0,5.5,1,0
1629,Kobe Sushi,77,6,15.8,229.54,65.0,0.5,0,0.5,1,0
1630,Noe Sushi Bar,44,1,39.59,78.25,33.0,0.28,0,15.9,0,1
1631,Chef Choy,94,5,35.43,588.53,70.0,0.78,0,7.8,1,0
1632,Kobe Sushi,83,1,19.02,55.45,68.0,0.58,0,2.9,1,0
1633,Noe Sushi Bar,41,4,62.22,750.28,69.0,0.52,1,1.6,0,0
1634,Chef Choy,74,10,38.77,1495.68,55.0,0.37,3,3.0,0,0
1635,Nubori Experience,51,4,76.08,1040.78,34.0,0.18,0,0.6,0,0
1636,Kobe Sushi,42,6,16.91,387.5,31.0,0.09,3,0.5,1,0
1637,Kobe Sushi,108,6,18.58,299.63,20.0,0.33,0,1.6,0,0
1638,Kobe Sushi,78,7,17.27,231.46,27.0,0.36,0,17.5,0,0
1639,Nubori Experience,40,3,76.48,704.95,36.0,0.13,0,5.2,1,0
1640,Nubori Experience,48,7,70.23,1348.85,52.0,0.13,0,6.4,0,1
1641,Noe Sushi Bar,113,6,42.67,452.2,73.0,0.24,0,4.9,1,0
1642,Nubori Experience,84,6,90.81,1362.93,26.0,0.25,0,2.5,0,1
1643,Noe Sushi Bar,4,5,49.86,511.83,37.0,0.33,3,5.6,0,0
1644,Noe Sushi Bar,102,6,63.32,1142.45,20.0,0.7,0,1.5,1,0
1645,Kobe Sushi,108,3,17.17,138.25,23.0,0.16,0,2.2,0,0
1646,Chef Choy,60,5,25.25,216.83,20.0,0.2,0,0.5,1,0
1647,Kobe Sushi,114,2,20.13,91.01,41.0,0.28,1,1.4,0,1
1648,Nubori Experience,39,6,69.81,1348.43,60.0,0.23,0,2.9,0,0
1649,Chef Choy,5,7,38.34,680.41,54.0,0.15,0,7.3,0,0
1650,Noe Sushi Bar,106,4,45.94,605.7,43.0,0.59,0,5.3,1,0
1651,Kobe Sushi,96,4,24.83,248.04,62.0,0.05,0,3.0,1,0
1652,Kobe Sushi,6,4,12.41,176.83,37.0,0.63,0,4.9,1,0
1653,Kobe Sushi,14,8,16.45,301.45,55.0,0.41,2,4.5,0,0
1654,Kobe Sushi,70,11,15.22,646.1,44.0,0.55,0,6.7,0,1
1655,Kobe Sushi,78,11,17.11,475.5,20.0,0.32,0,8.1,0,0
1656,Nubori Experience,12,12,43.35,1241.93,27.0,0.4,0,2.6,1,0
1657,Noe Sushi Bar,62,5,30.4,590.77,53.0,0.32,0,0.5,0,0
1658,Kobe Sushi,27,6,17.59,297.52,52.0,0.4,0,6.7,0,0
1659,Kobe Sushi,54,6,17.56,411.38,64.0,0.1,0,14.4,1,1
1660,Noe Sushi Bar,90,3,30.74,223.96,56.0,0.53,0,10.9,0,1
1661,Noe Sushi Bar,12,7,51.67,732.99,69.0,0.13,0,4.1,0,1
1662,Noe Sushi Bar,8,7,47.54,734.41,74.0,0.29,0,2.8,0,0
1663,Nubori Experience,74,8,64.96,1221.7,67.0,0.63,0,30.0,0,0
1664,Noe Sushi Bar,16,9,43.79,1161.7,64.0,0.44,0,4.2,0,1
1665,Nubori Experience,52,6,81.55,1567.86,83.0,0.52,0,9.8,0,0
1666,Nubori Experience,26,7,59.09,1354.22,20.0,0.36,0,3.2,0,0
1667,Kobe Sushi,8,6,21.71,310.0,46.0,0.04,0,2.7,0,0
1668,Nubori Experience,105,4,56.88,882.48,75.0,0.29,0,3.0,0,1
1669,Kobe Sushi,45,4,13.38,131.76,39.0,0.11,0,9.4,0,1
1670,Nubori Experience,93,3,81.61,733.96,36.0,0.2,0,4.0,0,0
1671,Kobe Sushi,84,4,26.92,340.13,54.0,0.39,0,7.2,0,0
1672,Nubori Experience,81,5,67.52,1142.4,31.0,0.73,0,2.8,0,0
1673,Nubori Experience,19,13,64.21,2626.65,50.0,0.61,0,2.4,0,1
1674,Nubori Experience,17,8,73.47,1880.92,35.0,0.42,0,0.5,0,0
1675,Chef Choy,103,9,48.28,1687.22,59.0,0.45,0,0.6,1,0
1676,Kobe Sushi,65,4,18.87,247.61,20.0,0.55,0,24.2,0,1
1677,Kobe Sushi,116,7,15.09,388.04,58.0,0.3,1,0.5,0,0
1678,Noe Sushi Bar,29,7,66.17,1195.44,55.0,0.13,0,5.4,0,0
1679,Kobe Sushi,14,7,18.48,215.75,20.0,0.39,0,1.4,0,1
1680,Noe Sushi Bar,17,4,40.84,318.59,34.0,0.37,0,1.0,0,0
1681,Kobe Sushi,13,6,17.63,212.41,48.0,0.44,0,3.7,0,1
1682,Nubori Experience,93,7,60.0,895.67,31.0,0.25,0,0.7,0,0
1683,Noe Sushi Bar,98,5,27.31,236.79,41.0,0.49,0,0.8,0,0
1684,Nubori Experience,91,7,38.56,966.34,59.0,0.18,0,0.5,0,1
1685,Kobe Sushi,63,6,15.55,146.81,53.0,0.32,0,0.5,0,1
1686,Nubori Experience,110,9,62.46,2045.94,33.0,0.09,0,2.0,0,0
1687,Nubori Experience,33,8,58.64,1107.49,45.0,0.22,0,4.5,0,0
1688,Noe Sushi Bar,29,5,35.72,316.36,58.0,0.07,0,10.0,1,0
1689,Noe Sushi Bar,37,6,64.08,1096.96,45.0,0.25,0,5.8,0,1
1690,Chef Choy,103,4,22.05,148.71,67.0,0.82,0,0.5,1,0
1691,Kobe Sushi,83,6,25.05,393.06,52.0,0.48,0,2.8,0,1
1692,Noe Sushi Bar,46,11,36.76,672.31,62.0,0.14,0,6.1,0,0
1693,Kobe Sushi,24,5,26.76,533.94,53.0,0.46,0,21.9,0,0
1694,Kobe Sushi,14,7,17.8,373.04,62.0,0.42,1,1.2,0,1
1695,Kobe Sushi,111,6,12.04,226.75,41.0,0.33,0,0.5,0,1
1696,Kobe Sushi,101,5,23.4,247.77,57.0,0.2,0,22.6,1,0
1697,Kobe Sushi,5,2,18.38,139.45,59.0,0.36,0,5.1,0,0
1698,Kobe Sushi,53,9,18.6,589.09,44.0,0.07,0,30.0,0,0
1699,Nubori Experience,88,6,59.3,1068.4,26.0,0.39,0,1.9,0,1
1700,Noe Sushi Bar,98,4,19.95,311.77,48.0,0.45,0,2.6,0,0
1701,Nubori Experience,114,5,72.98,753.22,66.0,0.4,1,3.1,1,0
1702,Noe Sushi Bar,95,4,52.77,811.39,32.0,0.09,0,0.5,0,0
1703,Kobe Sushi,30,7,16.54,410.11,33.0,0.49,0,1.6,0,0
1704,Noe Sushi Bar,60,8,52.44,1300.47,44.0,0.38,0,1.1,0,1
1705,Noe Sushi Bar,120,7,67.27,1353.81,48.0,0.24,0,5.5,1,0
1706,Kobe Sushi,73,5,19.79,177.98,54.0,0.28,3,0.7,0,1
1707,Noe Sushi Bar,91,2,26.38,113.75,43.0,0.7,0,4.0,0,0
1708,Kobe Sushi,28,6,19.49,306.41,53.0,0.42,0,4.5,1,0
1709,Noe Sushi Bar,106,5,34.31,338.44,54.0,0.48,0,8.6,1,0
1710,Noe Sushi Bar,26,5,61.02,588.98,39.0,0.36,0,3.2,0,1
1711,Kobe Sushi,18,10,24.39,611.54,74.0,0.38,0,0.6,0,0
1712,Kobe Sushi,36,5,16.9,196.14,40.0,0.04,0,4.6,1,0
1713,Chef Choy,8,3,32.51,209.68,38.0,0.38,0,8.0,0,0
1714,Noe Sushi Bar,18,3,36.34,297.49,58.0,0.33,0,5.5,1,0
1715,Kobe Sushi,84,6,24.42,291.68,53.0,0.39,0,5.2,0,0
1716,Nubori Experience,58,5,88.77,1221.48,36.0,0.35,2,8.4,1,0
1717,Kobe Sushi,32,6,19.34,261.17,61.0,0.29,0,9.4,0,0
1718,Noe Sushi Bar,93,5,45.59,475.02,59.0,0.39,0,1.8,1,0
1719,Nubori Experience,49,7,63.67,1461.56,55.0,0.32,0,5.2,0,1
1720,Kobe Sushi,48,7,22.06,246.05,42.0,0.47,0,10.6,0,0
1721,Kobe Sushi,82,8,19.43,564.61,45.0,0.19,0,7.7,0,1
1722,Kobe Sushi,71,12,18.08,491.87,34.0,0.24,1,2.9,1,0
1723,Kobe Sushi,65,4,23.21,282.23,55.0,0.42,0,5.2,0,0
1724,Kobe Sushi,92,8,14.68,183.57,55.0,0.67,0,3.8,0,1
1725,Noe Sushi Bar,33,7,54.46,1262.38,43.0,0.08,0,6.5,0,0
1726,Kobe Sushi,50,3,16.68,162.0,57.0,0.56,0,4.3,0,0
1727,Noe Sushi Bar,4,3,49.24,389.89,20.0,0.14,1,0.5,0,0
1728,Nubori Experience,119,9,43.38,1041.1,40.0,0.27,0,8.4,1,0
1729,Nubori Experience,84,4,59.36,534.67,50.0,0.15,0,7.0,1,0
1730,Noe Sushi Bar,117,7,67.38,1416.36,43.0,0.45,1,6.2,1,0
1731,Kobe Sushi,116,6,19.54,388.29,70.0,0.51,0,7.9,0,1
1732,Noe Sushi Bar,36,8,35.59,427.67,40.0,0.09,0,17.0,0,0
1733,Noe Sushi Bar,95,4,37.42,598.71,52.0,0.44,0,8.0,0,1
1734,Noe Sushi Bar,102,6,50.43,837.36,70.0,0.48,0,2.8,0,0
1735,Kobe Sushi,28,1,24.29,78.25,57.0,0.46,0,0.6,0,1
1736,Nubori Experience,3,5,43.16,444.62,43.0,0.53,0,7.2,0,0
1737,Noe Sushi Bar,6,4,56.94,782.14,51.0,0.21,0,0.5,1,0
1738,Kobe Sushi,45,7,12.07,287.77,38.0,0.26,0,5.0,1,0
1739,Kobe Sushi,23,9,23.17,716.59,67.0,0.58,0,1.6,0,1
1740,Noe Sushi Bar,7,4,47.57,676.06,48.0,0.29,0,4.8,0,1
1741,Nubori Experience,120,3,90.58,848.94,48.0,0.52,1,11.8,1,0
1742,Noe Sushi Bar,61,4,52.36,707.64,45.0,0.31,0,11.7,0,1
1743,Chef Choy,100,5,13.07,137.59,47.0,0.14,0,2.5,0,0
1744,Kobe Sushi,65,4,23.84,303.2,42.0,0.22,0,1.2,0,0
1745,Noe Sushi Bar,6,4,46.04,529.85,37.0,0.53,0,3.6,0,1
1746,Noe Sushi Bar,24,5,36.67,472.62,42.0,0.33,0,11.3,1,0
1747,Kobe Sushi,37,6,28.43,301.29,55.0,0.44,0,3.2,0,1
1748,Kobe Sushi,45,6,17.01,259.87,63.0,0.06,0,3.3,0,0
1749,Chef Choy,51,9,34.45,837.03,38.0,0.32,0,6.5,0,1
1750,Kobe Sushi,100,7,18.58,283.62,53.0,0.65,0,3.9,1,0
1751,Noe Sushi Bar,88,5,65.5,1094.95,48.0,0.62,0,1.5,0,1
1752,Kobe Sushi,102,6,23.04,207.39,51.0,0.21,0,2.8,1,0
1753,Kobe Sushi,45,9,17.01,494.63,69.0,0.29,0,10.9,0,0
1754,Kobe Sushi,63,5,15.36,239.25,59.0,0.29,0,17.3,1,0
1755,Nubori Experience,29,3,77.66,799.28,65.0,0.29,0,1.0,0,1
1756,Nubori Experience,101,7,77.7,1911.45,30.0,0.2,0,1.0,1,0
1757,Nubori Experience,109,4,52.63,836.23,29.0,0.65,0,13.1,1,0
1758,Noe Sushi Bar,96,6,46.66,1024.62,52.0,0.53,0,7.1,0,0
1759,Kobe Sushi,25,5,22.45,426.32,29.0,0.37,1,21.3,0,0
1760,Noe Sushi Bar,10,5,55.73,832.94,29.0,0.28,0,0.8,1,0
1761,Noe Sushi Bar,35,8,47.56,1319.86,38.0,0.08,0,12.2,0,0
1762,Nubori Experience,55,3,56.55,627.01,41.0,0.39,1,2.5,0,1
1763,Kobe Sushi,25,9,23.15,359.96,40.0,0.39,0,3.3,0,1
1764,Noe Sushi Bar,91,7,59.68,872.82,46.0,0.3,0,1.9,1,0
1765,Kobe Sushi,45,9,22.26,374.43,74.0,0.48,0,4.8,0,0
1766,Kobe Sushi,96,5,18.19,188.47,70.0,0.75,0,3.0,0,0
1767,Noe Sushi Bar,12,8,41.6,996.44,26.0,0.33,1,1.3,1,0
1768,Noe Sushi Bar,4,6,28.2,556.57,43.0,0.47,0,3.4,0,1
1769,Kobe Sushi,106,6,19.21,373.31,51.0,0.4,0,0.7,1,0
1770,Kobe Sushi,90,10,10.0,329.99,61.0,0.27,1,10.4,0,0
1771,Noe Sushi Bar,67,5,20.81,363.12,35.0,0.3,0,30.0,1,0
1772,Chef Choy,17,2,26.5,155.12,51.0,0.21,1,9.9,0,0
1773,Nubori Experience,73,6,71.93,1711.8,51.0,0.12,0,2.9,0,1
1774,Nubori Experience,93,6,77.4,1378.21,57.0,0.17,0,2.1,0,1
1775,Chef Choy,65,6,37.98,524.16,55.0,0.28,0,15.9,1,0
1776,Kobe Sushi,82,8,19.47,361.21,30.0,0.37,1,4.1,1,0
1777,Noe Sushi Bar,105,9,23.52,464.85,56.0,0.43,0,0.5,1,0
1778,Noe Sushi Bar,53,8,40.04,1248.48,37.0,0.24,0,2.4,1,0
1779,Kobe Sushi,84,10,14.41,240.13,24.0,0.09,0,3.7,1,0
1780,Nubori Experience,57,5,62.28,797.24,63.0,0.22,0,5.4,0,0
1781,Kobe Sushi,105,7,21.89,553.87,42.0,0.31,0,7.8,0,0
1782,Nubori Experience,98,8,56.13,1371.06,34.0,0.44,0,13.6,0,0
1783,Noe Sushi Bar,115,5,44.53,775.35,46.0,0.37,2,3.4,1,0
1784,Noe Sushi Bar,28,8,51.36,811.92,43.0,0.17,1,10.7,0,0
1785,Noe Sushi Bar,112,6,64.31,879.23,49.0,0.49,0,0.8,0,1
1786,Nubori Experience,99,6,67.55,787.7,47.0,0.73,2,0.5,1,0
1787,Noe Sushi Bar,16,4,21.68,260.05,50.0,0.41,1,3.6,1,0
1788,Noe Sushi Bar,21,6,46.84,508.18,48.0,0.09,0,6.9,0,0
1789,Kobe Sushi,77,5,11.31,187.02,77.0,0.21,0,1.3,0,0
1790,Noe Sushi Bar,99,2,75.68,545.05,71.0,0.6,0,2.2,0,1
1791,Kobe Sushi,42,9,12.5,228.88,36.0,0.37,0,1.4,1,0
1792,Noe Sushi Bar,54,9,37.53,1178.2,43.0,0.14,0,5.6,1,0
1793,Noe Sushi Bar,32,4,36.02,321.12,38.0,0.35,2,6.4,0,0
1794,Noe Sushi Bar,114,5,38.34,371.07,39.0,0.26,0,11.0,0,0
1795,Kobe Sushi,38,7,20.72,566.65,38.0,0.52,1,0.8,0,0
1796,Kobe Sushi,70,6,20.38,219.4,39.0,0.34,1,4.7,0,0
1797,Noe Sushi Bar,114,6,28.81,431.97,30.0,0.55,0,25.6,1,0
1798,Kobe Sushi,102,7,23.18,414.59,58.0,0.09,0,9.8,0,0
1799,Kobe Sushi,38,4,19.02,203.29,56.0,0.24,0,0.8,0,0
1800,Kobe Sushi,54,10,17.31,595.44,59.0,0.12,0,0.5,0,0
1801,Nubori Experience,60,6,78.0,1182.49,49.0,0.12,0,0.5,0,1
1802,Noe Sushi Bar,77,6,44.41,756.36,44.0,0.59,0,8.6,0,1
1803,Kobe Sushi,110,4,23.26,144.1,20.0,0.95,1,12.5,0,1
1804,Kobe Sushi,117,3,20.17,158.93,41.0,0.25,1,2.2,1,0
1805,Kobe Sushi,103,3,21.79,224.49,28.0,0.51,1,7.8,1,0
1806,Chef Choy,77,8,29.38,790.4,58.0,0.31,0,19.1,1,0
1807,Noe Sushi Bar,47,6,29.63,608.37,27.0,0.2,0,12.6,0,1
1808,Kobe Sushi,12,10,16.98,378.76,54.0,0.12,0,2.1,0,1
1809,Kobe Sushi,53,4,22.08,317.43,20.0,0.07,0,0.6,0,0
1810,Kobe Sushi,33,8,14.15,385.41,24.0,0.33,0,3.3,0,1
1811,Noe Sushi Bar,28,8,39.43,1064.63,23.0,0.54,0,0.6,0,0
1812,Chef Choy,3,7,12.62,219.18,52.0,0.55,1,0.5,0,0
1813,Kobe Sushi,82,6,15.69,219.78,59.0,0.23,2,1.5,1,0
1814,Kobe Sushi,26,10,16.08,416.73,20.0,0.08,1,7.2,0,1
1815,Kobe Sushi,54,6,18.98,241.89,55.0,0.13,0,0.5,0,0
1816,Nubori Experience,40,6,69.62,1003.79,38.0,0.26,0,2.0,0,0
1817,Kobe Sushi,66,4,15.94,207.25,33.0,0.2,0,4.7,0,1
1818,Chef Choy,68,6,19.99,420.99,77.0,0.33,0,3.7,0,1
1819,Noe Sushi Bar,114,5,29.33,258.05,60.0,0.26,0,10.3,0,0
1820,Kobe Sushi,92,6,17.54,161.67,35.0,0.16,0,7.8,0,1
1821,Kobe Sushi,92,3,17.03,105.64,26.0,0.41,0,30.0,0,0
1822,Kobe Sushi,89,7,13.74,226.4,20.0,0.37,0,3.0,0,1
1823,Noe Sushi Bar,90,5,42.31,586.59,67.0,0.41,1,2.2,1,0
1824,Chef Choy,109,3,21.67,213.08,45.0,0.29,0,3.8,0,0
1825,Noe Sushi Bar,47,5,46.38,748.04,42.0,0.02,0,6.0,1,0
1826,Noe Sushi Bar,2,3,65.1,725.4,48.0,0.16,0,1.7,0,0
1827,Kobe Sushi,42,6,17.87,338.71,36.0,0.28,0,1.2,0,1
1828,Nubori Experience,34,5,71.51,983.54,37.0,0.48,1,11.7,1,0
1829,Chef Choy,94,4,34.0,253.87,28.0,0.31,1,9.7,0,1
1830,Kobe Sushi,21,5,14.11,155.67,42.0,0.26,0,1.4,0,1
1831,Nubori Experience,108,7,67.55,1479.67,31.0,0.39,0,2.9,0,1
1832,Noe Sushi Bar,101,6,76.42,984.43,47.0,0.38,0,4.4,1,0
1833,Noe Sushi Bar,44,5,49.56,862.09,35.0,0.28,0,4.2,0,1
1834,Noe Sushi Bar,87,5,45.99,468.75,49.0,0.39,1,4.1,0,1
1835,Nubori Experience,97,7,66.94,1572.23,47.0,0.51,0,7.8,1,0
1836,Noe Sushi Bar,2,5,49.32,383.97,66.0,0.51,0,6.8,0,0
1837,Kobe Sushi,91,5,20.39,221.88,20.0,0.34,0,0.5,0,1
1838,Kobe Sushi,112,6,22.87,278.76,39.0,0.32,0,11.8,0,1
1839,Nubori Experience,59,9,87.59,3044.4,45.0,0.2,0,0.7,0,1
1840,Kobe Sushi,86,6,10.93,194.53,20.0,0.17,0,0.5,0,1
1841,Kobe Sushi,98,8,21.46,410.28,29.0,0.17,0,2.4,0,1
1842,Noe Sushi Bar,16,9,35.71,910.85,40.0,0.48,0,15.0,0,1
1843,Noe Sushi Bar,20,5,41.86,836.84,72.0,0.25,0,0.5,1,0
1844,Noe Sushi Bar,26,4,39.13,375.57,54.0,0.45,1,4.4,0,1
1845,Nubori Experience,16,4,60.8,493.16,40.0,0.13,1,2.8,1,0
1846,Kobe Sushi,70,6,15.91,170.79,57.0,0.11,0,9.8,1,0
1847,Kobe Sushi,109,3,17.74,129.43,36.0,0.13,0,10.0,0,0
1848,Kobe Sushi,108,7,17.33,469.88,54.0,0.5,0,5.0,1,0
1849,Nubori Experience,23,8,48.19,728.29,39.0,0.73,0,7.0,1,0
1850,Noe Sushi Bar,42,8,55.98,1354.55,67.0,0.11,1,1.4,0,1
1851,Kobe Sushi,37,3,15.78,133.46,45.0,0.39,0,7.8,1,0
1852,Nubori Experience,72,6,62.74,1490.55,44.0,0.31,0,5.7,0,0
1853,Nubori Experience,6,7,60.11,661.65,57.0,0.31,0,18.7,0,1
1854,Nubori Experience,37,6,45.13,828.06,46.0,0.41,0,4.5,0,0
1855,Nubori Experience,116,4,53.12,411.27,45.0,0.37,0,7.9,0,1
1856,Kobe Sushi,22,5,21.28,221.28,36.0,0.45,1,6.9,1,0
1857,Chef Choy,6,5,28.33,531.08,29.0,0.52,0,3.9,0,1
1858,Noe Sushi Bar,118,4,43.97,486.33,46.0,0.5,0,8.0,1,0
1859,Nubori Experience,32,8,57.51,1762.74,30.0,0.22,0,3.7,0,0
1860,Noe Sushi Bar,17,6,24.86,279.12,33.0,0.61,0,12.9,0,0
1861,Chef Choy,38,8,18.61,257.71,54.0,0.38,0,23.8,0,0
1862,Noe Sushi Bar,17,6,44.04,607.67,63.0,0.06,0,1.6,0,1
1863,Kobe Sushi,37,3,21.41,209.47,29.0,0.02,0,3.7,0,0
1864,Noe Sushi Bar,23,5,55.74,791.27,26.0,0.13,0,12.0,0,1
1865,Nubori Experience,49,5,55.2,764.45,47.0,0.71,0,30.0,0,0
1866,Nubori Experience,61,3,58.75,468.25,46.0,0.42,0,1.3,1,0
1867,Kobe Sushi,49,7,18.5,430.5,62.0,0.51,0,2.8,1,0
1868,Kobe Sushi,61,5,25.09,246.42,36.0,0.39,0,13.6,0,0
1869,Kobe Sushi,77,7,20.48,350.53,47.0,0.14,0,0.5,1,0
1870,Noe Sushi Bar,32,5,44.56,572.53,20.0,0.44,0,0.5,0,1
1871,Nubori Experience,86,3,78.29,582.33,73.0,0.21,0,0.5,0,0
1872,Kobe Sushi,63,5,12.47,128.38,57.0,0.38,0,9.3,0,1
1873,Noe Sushi Bar,7,2,48.15,167.4,34.0,0.15,0,2.6,0,0
1874,Nubori Experience,22,10,73.79,1178.68,28.0,0.21,0,2.0,0,0
1875,Noe Sushi Bar,85,3,30.16,341.8,48.0,0.16,0,0.9,1,0
1876,Noe Sushi Bar,6,6,56.45,1162.88,46.0,0.28,0,14.8,0,0
1877,Noe Sushi Bar,61,7,47.32,1114.06,41.0,0.1,0,7.9,1,0
1878,Noe Sushi Bar,14,6,43.43,847.7,32.0,0.5,0,13.4,1,0
1879,Kobe Sushi,16,5,14.1,151.94,56.0,0.53,0,6.3,0,0
1880,Noe Sushi Bar,3,4,31.45,190.69,23.0,0.42,0,2.4,0,0
1881,Noe Sushi Bar,9,8,33.92,567.26,55.0,0.51,0,2.1,1,0
1882,Nubori Experience,47,3,49.28,430.9,40.0,0.32,0,10.2,0,1
1883,Noe Sushi Bar,85,1,42.89,69.31,45.0,0.29,1,3.4,0,1
1884,Chef Choy,114,6,13.74,294.71,20.0,0.45,0,5.1,0,1
1885,Kobe Sushi,94,5,19.56,326.74,44.0,0.61,0,6.9,0,0
1886,Noe Sushi Bar,94,4,43.29,619.2,24.0,0.29,0,4.3,1,0
1887,Kobe Sushi,42,4,23.31,145.83,46.0,0.15,0,4.1,0,0
1888,Kobe Sushi,42,8,20.96,435.68,38.0,0.16,0,1.9,1,0
1889,Noe Sushi Bar,96,7,44.85,838.09,26.0,0.59,1,1.9,1,0
1890,Nubori Experience,23,6,84.14,1641.53,72.0,0.21,0,0.5,0,0
1891,Kobe Sushi,3,5,23.33,438.36,31.0,0.28,0,6.4,0,0
1892,Noe Sushi Bar,1,5,60.08,892.23,37.0,0.33,0,24.2,0,0
1893,Nubori Experience,67,7,52.34,1029.86,31.0,0.56,0,0.8,0,1
1894,Kobe Sushi,101,7,19.93,260.6,20.0,0.5,0,5.6,1,0
1895,Noe Sushi Bar,71,4,57.39,502.39,29.0,0.34,0,2.0,0,1
1896,Noe Sushi Bar,3,4,52.28,453.46,34.0,0.53,0,2.9,0,1
1897,Noe Sushi Bar,100,4,58.28,750.99,37.0,0.16,0,3.6,1,0
1898,Kobe Sushi,49,2,20.95,110.9,61.0,0.27,0,1.3,0,1
1899,Kobe Sushi,67,7,10.0,259.01,56.0,0.1,0,4.0,0,1
1900,Chef Choy,55,6,35.28,599.96,75.0,0.55,1,0.5,0,1
1901,Noe Sushi Bar,4,7,50.79,678.38,30.0,0.16,0,9.7,0,0
1902,Kobe Sushi,31,4,27.51,396.49,60.0,0.14,0,2.7,0,0
1903,Chef Choy,66,5,15.77,149.43,55.0,0.07,0,0.7,1,0
1904,Kobe Sushi,78,7,26.48,381.34,29.0,0.36,1,13.4,0,0
1905,Noe Sushi Bar,101,9,65.39,1132.14,47.0,0.48,1,1.9,1,0
1906,Kobe Sushi,64,6,15.39,202.01,44.0,0.3,0,4.5,0,0
1907,Nubori Experience,31,2,52.93,280.32,28.0,0.32,0,0.5,0,0
1908,Kobe Sushi,117,5,22.95,450.42,57.0,0.42,1,12.8,0,1
1909,Kobe Sushi,63,6,23.57,212.86,55.0,0.53,1,6.3,1,0
1910,Kobe Sushi,66,6,20.01,357.91,50.0,0.15,0,10.6,0,1
1911,Kobe Sushi,31,5,16.72,140.43,25.0,0.08,0,0.5,0,0
1912,Nubori Experience,47,6,66.95,1495.86,82.0,0.41,0,5.8,0,0
1913,Nubori Experience,107,11,89.21,2449.09,57.0,0.24,0,2.1,0,1
1914,Kobe Sushi,22,4,18.75,249.12,45.0,0.42,0,13.5,1,0
1915,Noe Sushi Bar,74,5,35.37,695.86,36.0,0.49,0,2.1,0,1
1916,Noe Sushi Bar,116,11,47.36,1289.29,46.0,0.3,0,5.7,0,0
1917,Nubori Experience,94,3,61.45,483.9,46.0,0.17,0,0.5,0,1
1918,Noe Sushi Bar,97,4,46.83,400.77,40.0,0.42,0,5.4,1,0
1919,Kobe Sushi,83,4,26.79,247.89,20.0,0.36,0,1.3,0,0
1920,Noe Sushi Bar,46,7,46.03,902.34,48.0,0.41,0,4.7,1,0
1921,Noe Sushi Bar,89,4,24.75,317.28,46.0,0.19,0,8.5,0,1
1922,Kobe Sushi,58,6,10.0,205.39,40.0,0.61,0,13.3,0,0
1923,Noe Sushi Bar,119,12,48.11,1211.13,55.0,0.16,0,15.6,0,0
1924,Kobe Sushi,61,7,18.79,338.76,59.0,0.01,1,1.7,0,0
1925,Chef Choy,118,2,28.29,127.65,58.0,0.6,0,1.6,0,0
1926,Kobe Sushi,46,8,17.7,475.0,32.0,0.57,0,0.5,0,0
1927,Noe Sushi Bar,1,4,38.28,599.92,75.0,0.3,0,14.1,0,0
1928,Noe Sushi Bar,96,4,46.31,629.04,31.0,0.04,0,6.1,0,1
1929,Noe Sushi Bar,25,5,65.53,790.85,37.0,0.39,2,22.9,0,1
1930,Kobe Sushi,61,6,13.55,136.52,39.0,0.09,0,1.9,1,0
1931,Noe Sushi Bar,105,6,29.32,342.32,47.0,0.1,0,8.3,0,1
1932,Noe Sushi Bar,81,7,22.51,429.01,46.0,0.45,0,13.9,0,0
1933,Noe Sushi Bar,14,8,44.01,732.14,24.0,0.7,0,7.1,1,0
1934,Noe Sushi Bar,45,5,42.82,337.87,40.0,0.62,0,17.6,1,0
1935,Noe Sushi Bar,77,9,42.32,1065.29,40.0,0.51,0,0.8,1,0
1936,Nubori Experience,102,9,39.16,864.33,60.0,0.2,0,4.5,0,0
1937,Kobe Sushi,39,9,16.16,473.88,60.0,0.27,1,0.5,0,1
1938,Nubori Experience,66,2,76.24,461.67,59.0,0.19,0,10.6,1,0
1939,Noe Sushi Bar,32,7,58.06,1449.49,41.0,0.31,0,6.9,1,0
1940,Kobe Sushi,96,8,15.84,333.53,51.0,0.23,0,1.2,0,0
1941,Kobe Sushi,58,1,33.72,105.79,20.0,0.38,0,2.7,1,1
1942,Kobe Sushi,104,9,21.72,532.79,42.0,0.19,3,11.6,0,0
1943,Chef Choy,56,5,36.11,283.58,48.0,0.3,0,1.2,0,1
1944,Noe Sushi Bar,6,7,42.16,754.42,69.0,0.13,0,1.1,0,1
1945,Chef Choy,89,5,39.37,352.28,35.0,0.49,0,0.5,0,0
1946,Noe Sushi Bar,67,8,33.56,501.9,48.0,0.19,0,3.8,0,1
1947,Noe Sushi Bar,82,12,62.3,2306.29,59.0,0.42,0,8.0,0,0
1948,Kobe Sushi,50,9,10.0,157.33,57.0,0.34,0,4.5,1,0
1949,Kobe Sushi,118,11,23.85,653.13,38.0,0.65,0,16.9,1,1
1950,Noe Sushi Bar,119,5,52.25,444.19,48.0,0.37,0,9.8,1,0
1951,Kobe Sushi,38,5,21.24,383.04,70.0,0.11,0,2.4,0,1
1952,Kobe Sushi,107,6,20.62,244.34,33.0,0.52,0,1.6,0,0
1953,Noe Sushi Bar,3,8,39.73,803.28,50.0,0.31,0,1.2,0,0
1954,Noe Sushi Bar,112,4,47.6,581.22,61.0,0.44,0,0.5,1,0
1955,Nubori Experience,5,7,35.9,475.07,60.0,0.39,0,9.7,0,0
1956,Nubori Experience,24,6,51.9,995.42,20.0,0.15,2,2.7,0,0
1957,Noe Sushi Bar,54,6,31.09,596.98,81.0,0.09,0,1.7,0,0
1958,Noe Sushi Bar,34,5,41.86,527.5,48.0,0.37,0,4.5,1,0
1959,Noe Sushi Bar,111,4,42.15,612.13,68.0,0.57,1,4.3,0,1
1960,Chef Choy,112,6,42.14,492.89,55.0,0.38,0,5.5,1,0
1961,Kobe Sushi,39,8,19.75,388.26,55.0,0.39,0,2.4,0,1
1962,Noe Sushi Bar,112,4,41.42,389.71,44.0,0.13,1,1.4,1,0
1963,Nubori Experience,88,4,55.31,676.45,50.0,0.57,0,11.4,1,1
1964,Kobe Sushi,100,6,10.65,199.93,65.0,0.5,1,15.9,1,0
1965,Noe Sushi Bar,92,3,38.9,401.0,24.0,0.3,0,0.5,0,0
1966,Noe Sushi Bar,48,6,62.0,1357.38,21.0,0.09,0,0.8,1,0
1967,Kobe Sushi,49,5,16.04,131.84,56.0,0.35,0,0.5,1,0
1968,Kobe Sushi,34,3,19.83,169.0,30.0,0.47,0,5.6,0,1
1969,Kobe Sushi,80,4,15.59,214.19,44.0,0.29,1,4.1,0,1
1970,Kobe Sushi,100,7,13.83,229.57,43.0,0.24,0,8.7,1,0
1971,Kobe Sushi,7,9,12.83,215.23,37.0,0.6,2,24.7,0,0
1972,Nubori Experience,18,10,75.54,2865.63,53.0,0.67,0,1.1,0,1
1973,Kobe Sushi,70,6,22.78,232.99,25.0,0.68,0,8.0,1,0
1974,Noe Sushi Bar,114,6,45.74,1086.8,53.0,0.4,0,0.5,0,1
1975,Kobe Sushi,92,4,18.57,145.03,63.0,0.46,0,2.0,1,0
1976,Nubori Experience,103,7,52.13,778.0,46.0,0.3,0,4.3,1,1
1977,Kobe Sushi,34,5,16.35,197.54,45.0,0.54,0,13.6,0,0
1978,Noe Sushi Bar,51,5,75.82,571.41,31.0,0.22,0,7.8,0,0
1979,Nubori Experience,105,6,56.25,1059.92,20.0,0.6,0,1.1,0,1
1980,Nubori Experience,93,3,56.03,308.69,50.0,0.65,1,2.1,0,0
1981,Kobe Sushi,68,7,19.75,399.62,27.0,0.34,0,0.5,0,1
1982,Nubori Experience,14,4,83.94,624.55,40.0,0.56,0,2.3,0,1
1983,Noe Sushi Bar,69,8,40.58,703.88,51.0,0.52,0,1.1,1,0
1984,Noe Sushi Bar,89,3,49.64,273.02,34.0,0.34,0,2.8,1,0
1985,Kobe Sushi,103,9,23.44,651.89,49.0,0.48,0,6.4,1,0
1986,Kobe Sushi,8,8,17.01,505.89,41.0,0.36,0,0.5,0,0
1987,Noe Sushi Bar,15,5,26.83,223.93,24.0,0.34,0,2.3,1,0
1988,Noe Sushi Bar,83,3,44.71,351.93,28.0,0.28,0,3.5,0,0
1989,Noe Sushi Bar,59,3,40.32,380.03,26.0,0.2,0,19.6,0,0
1990,Noe Sushi Bar,11,11,50.82,1258.15,30.0,0.18,0,0.5,0,0
1991,Chef Choy,20,6,18.65,294.12,50.0,0.52,0,3.8,1,0
1992,Kobe Sushi,55,6,17.56,403.18,83.0,0.1,0,2.9,1,0
1993,Noe Sushi Bar,36,4,57.22,692.96,57.0,0.4,0,8.5,1,0
1994,Kobe Sushi,82,6,13.02,264.84,61.0,0.15,0,0.8,0,0
1995,Chef Choy,14,6,26.96,532.15,56.0,0.42,0,2.2,0,0
1996,Noe Sushi Bar,58,5,40.11,501.44,20.0,0.4,1,12.6,0,0
1997,Nubori Experience,38,8,64.42,1456.28,67.0,0.02,2,6.5,1,0
1998,Kobe Sushi,89,3,19.5,211.82,20.0,0.45,0,8.1,0,0
1999,Kobe Sushi,80,8,16.42,302.05,20.0,0.1,0,6.9,0,1
2000,Kobe Sushi,82,7,12.18,175.05,40.0,0.52,0,0.9,1,0
2001,Kobe Sushi,1,2,13.28,43.01,68.0,0.37,0,1.2,0,0
2002,Kobe Sushi,104,8,14.1,180.6,30.0,0.54,0,1.1,0,0
2003,Nubori Experience,65,5,69.2,865.59,35.0,0.84,0,4.3,0,1
2004,Kobe Sushi,1,5,20.18,258.81,20.0,0.38,1,3.4,1,0
2005,Kobe Sushi,115,2,13.94,85.62,40.0,0.15,0,7.1,0,1
2006,Chef Choy,85,6,27.79,441.98,44.0,0.35,0,2.8,0,1
2007,Noe Sushi Bar,60,6,37.14,478.05,60.0,0.66,0,6.2,1,0
2008,Chef Choy,25,6,21.15,285.96,38.0,0.51,0,5.6,0,0
2009,Kobe Sushi,91,8,10.0,274.0,42.0,0.27,1,11.0,0,0
2010,Noe Sushi Bar,10,4,36.58,426.14,42.0,0.3,0,3.1,0,0
2011,Kobe Sushi,50,8,16.52,345.0,63.0,0.4,0,2.3,0,0
2012,Kobe Sushi,12,2,17.48,104.57,29.0,0.32,0,15.7,0,0
2013,Nubori Experience,92,5,69.2,1157.31,48.0,0.32,0,2.7,1,0
2014,Kobe Sushi,113,7,20.44,388.48,30.0,0.29,0,0.9,1,0
2015,Noe Sushi Bar,32,4,49.3,357.05,46.0,0.38,1,13.0,0,0
2016,Noe Sushi Bar,33,4,37.8,395.01,42.0,0.2,0,6.6,0,0
2017,Kobe Sushi,72,4,10.0,126.56,36.0,0.48,3,0.9,0,0
2018,Nubori Experience,106,4,68.02,979.25,48.0,0.17,0,21.8,0,0
2019,Kobe Sushi,26,7,11.78,301.46,54.0,0.34,0,2.2,1,0
2020,Noe Sushi Bar,42,4,41.12,448.9,39.0,0.3,0,6.2,0,0
2021,Nubori Experience,50,6,71.06,1457.54,58.0,0.63,0,0.9,1,0
2022,Noe Sushi Bar,61,9,56.84,1420.33,30.0,0.23,0,2.1,0,1
2023,Nubori Experience,41,5,59.36,639.25,63.0,0.27,0,13.7,0,1
2024,Kobe Sushi,57,6,30.09,627.92,37.0,0.49,0,16.4,0,0
2025,Noe Sushi Bar,2,3,48.87,305.29,60.0,0.44,0,5.9,0,1
2026,Kobe Sushi,99,4,15.56,176.83,49.0,0.06,0,1.5,0,0
2027,Noe Sushi Bar,98,8,54.02,951.71,60.0,0.3,0,0.5,1,0
2028,Nubori Experience,70,9,32.32,586.84,69.0,0.52,0,5.0,0,1
2029,Kobe Sushi,31,6,16.26,194.81,27.0,0.28,0,2.2,0,1
2030,Noe Sushi Bar,23,6,36.4,664.08,37.0,0.1,0,2.9,0,1
2031,Kobe Sushi,76,5,15.15,174.71,51.0,0.14,0,0.5,1,0
2032,Noe Sushi Bar,54,6,48.63,1109.4,59.0,0.4,0,5.7,0,1
2033,Noe Sushi Bar,115,3,54.05,496.15,44.0,0.18,0,1.1,1,0
2034,Nubori Experience,28,9,49.42,1505.62,35.0,0.05,1,0.5,1,0
2035,Noe Sushi Bar,79,6,28.57,419.97,69.0,0.12,0,4.5,0,1
2036,Kobe Sushi,19,2,20.88,124.99,51.0,0.24,0,4.5,0,0
2037,Kobe Sushi,76,6,15.41,194.65,49.0,0.15,0,11.3,0,0
2038,Kobe Sushi,114,7,23.33,536.59,60.0,0.45,0,2.2,0,0
2039,Kobe Sushi,48,6,21.35,401.8,47.0,0.45,0,30.0,0,0
2040,Kobe Sushi,2,7,18.75,224.63,55.0,0.42,0,3.8,0,1
2041,Nubori Experience,11,11,59.53,1845.12,57.0,0.21,0,6.6,0,1
2042,Noe Sushi Bar,44,5,36.58,594.05,62.0,0.22,0,14.4,0,0
2043,Noe Sushi Bar,101,8,67.2,2033.53,27.0,0.2,1,1.2,1,0
2044,Kobe Sushi,59,5,23.0,399.81,51.0,0.24,0,6.8,0,1
2045,Nubori Experience,59,7,59.5,885.0,36.0,0.29,0,5.2,0,1
2046,Noe Sushi Bar,120,2,20.5,122.78,69.0,0.38,0,4.3,0,0
2047,Kobe Sushi,38,6,15.37,164.43,64.0,0.2,0,3.8,1,0
2048,Noe Sushi Bar,25,4,32.33,462.2,30.0,0.28,0,6.4,0,0
2049,Noe Sushi Bar,107,8,35.13,675.05,49.0,0.25,0,1.3,1,0
2050,Kobe Sushi,21,8,21.04,512.9,31.0,0.51,0,2.9,0,0
2051,Noe Sushi Bar,42,5,44.85,445.51,37.0,0.15,2,2.5,1,0
2052,Noe Sushi Bar,36,6,49.76,1103.79,43.0,0.28,0,0.6,0,0
2053,Kobe Sushi,9,8,19.16,461.44,38.0,0.07,0,0.5,0,0
2054,Nubori Experience,12,6,90.92,1222.53,61.0,0.18,0,6.6,0,1
2055,Nubori Experience,10,2,30.57,190.64,20.0,0.46,0,1.4,0,1
2056,Noe Sushi Bar,59,7,42.62,949.81,69.0,0.44,0,6.2,0,1
2057,Noe Sushi Bar,110,9,51.63,856.73,60.0,0.51,0,0.5,1,0
2058,Noe Sushi Bar,5,7,45.22,585.91,64.0,0.29,0,2.8,0,1
2059,Noe Sushi Bar,33,4,35.19,481.52,31.0,0.31,0,28.4,1,0
2060,Noe Sushi Bar,69,8,51.52,835.57,34.0,0.36,0,0.5,0,0
2061,Kobe Sushi,80,8,18.78,553.03,20.0,0.5,0,0.9,0,1
2062,Noe Sushi Bar,63,3,52.72,529.94,46.0,0.53,0,11.6,1,1
2063,Nubori Experience,101,6,61.51,917.26,67.0,0.19,0,2.2,1,0
2064,Noe Sushi Bar,101,8,68.79,2180.21,56.0,0.63,0,0.9,0,1
2065,Kobe Sushi,29,6,15.56,231.78,63.0,0.27,0,3.1,0,1
2066,Chef Choy,18,7,27.24,541.49,53.0,0.23,0,12.1,0,1
2067,Kobe Sushi,93,3,22.15,101.4,48.0,0.18,0,1.4,1,0
2068,Kobe Sushi,6,9,18.27,287.78,30.0,0.61,0,16.6,1,0
2069,Kobe Sushi,53,7,10.0,148.6,69.0,0.35,0,29.4,1,0
2070,Kobe Sushi,82,6,10.0,111.11,63.0,0.34,0,4.9,1,0
2071,Chef Choy,32,8,12.16,372.43,30.0,0.24,1,7.1,1,0
2072,Noe Sushi Bar,42,8,47.38,1164.28,47.0,0.33,0,4.1,0,1
2073,Kobe Sushi,47,6,10.0,126.51,64.0,0.61,0,8.8,0,0
2074,Nubori Experience,31,8,61.04,1011.72,46.0,0.13,0,7.5,1,0
2075,Nubori Experience,62,7,73.69,1193.68,33.0,0.08,0,10.3,0,1
2076,Nubori Experience,56,9,82.76,2869.39,33.0,0.29,0,6.5,0,0
2077,Kobe Sushi,118,9,24.64,638.46,42.0,0.5,1,6.9,0,0
2078,Noe Sushi Bar,11,10,28.96,511.2,73.0,0.48,0,3.5,0,0
2079,Nubori Experience,26,8,61.58,1417.92,49.0,0.3,0,6.0,0,1
2080,Chef Choy,92,1,31.1,84.24,43.0,0.39,0,5.9,0,1
2081,Kobe Sushi,27,6,19.82,200.51,30.0,0.07,0,2.0,1,0
2082,Kobe Sushi,83,9,15.62,378.88,51.0,0.23,0,15.7,0,0
2083,Noe Sushi Bar,57,2,47.25,339.8,39.0,0.54,0,6.1,0,1
2084,Nubori Experience,109,5,71.02,546.51,38.0,0.12,0,5.3,1,0
2085,Noe Sushi Bar,27,5,41.28,569.37,35.0,0.53,1,6.3,0,0
2086,Noe Sushi Bar,59,2,39.35,175.39,20.0,0.04,0,10.4,0,0
2087,Kobe Sushi,62,6,22.57,280.27,27.0,0.23,0,30.0,0,1
2088,Noe Sushi Bar,20,4,41.71,455.09,39.0,0.52,0,2.6,1,0
2089,Nubori Experience,3,6,55.41,738.09,44.0,0.31,1,11.4,0,0
2090,Kobe Sushi,16,3,16.99,140.24,53.0,0.44,0,2.4,0,0
2091,Chef Choy,103,5,21.46,234.48,57.0,0.22,0,18.3,1,0
2092,Nubori Experience,44,12,100.97,2452.99,56.0,0.18,0,21.4,0,1
2093,Kobe Sushi,93,9,17.33,469.72,54.0,0.2,1,6.7,1,0
2094,Noe Sushi Bar,79,4,41.99,464.15,49.0,0.23,1,1.1,0,0
2095,Kobe Sushi,30,6,12.61,218.81,33.0,0.29,0,16.6,0,0
2096,Chef Choy,40,8,32.52,903.75,33.0,0.45,0,0.5,0,0
2097,Noe Sushi Bar,119,6,41.17,853.3,20.0,0.29,0,0.5,0,1
2098,Noe Sushi Bar,113,6,49.14,1118.7,35.0,0.08,1,1.2,1,0
2099,Chef Choy,65,5,25.06,201.72,20.0,0.22,0,6.3,0,0
2100,Kobe Sushi,29,6,21.74,381.4,49.0,0.67,0,1.6,0,0
2101,Nubori Experience,117,6,65.24,730.62,57.0,0.09,0,5.9,0,1
2102,Noe Sushi Bar,30,6,31.54,730.13,56.0,0.71,0,2.0,0,1
2103,Kobe Sushi,104,3,22.54,141.23,45.0,0.27,0,1.6,0,1
2104,Noe Sushi Bar,110,4,38.66,247.59,53.0,0.04,0,6.3,1,0
2105,Chef Choy,32,5,33.56,352.85,40.0,0.69,0,16.8,1,0
2106,Kobe Sushi,10,7,21.91,464.27,40.0,0.05,0,12.3,0,1
2107,Nubori Experience,91,6,66.97,1208.82,45.0,0.17,0,0.7,0,1
2108,Nubori Experience,51,8,46.45,925.56,54.0,0.26,0,2.8,1,0
2109,Kobe Sushi,8,1,18.58,55.57,42.0,0.28,0,7.2,1,0
2110,Nubori Experience,51,4,75.29,1173.65,60.0,0.22,0,2.8,0,1
2111,Kobe Sushi,36,5,18.43,279.61,36.0,0.4,0,15.9,0,0
2112,Kobe Sushi,106,4,11.25,100.41,61.0,0.2,0,0.8,1,0
2113,Kobe Sushi,55,7,13.82,330.57,63.0,0.39,0,28.8,0,0
2114,Nubori Experience,35,8,55.79,885.91,31.0,0.13,0,19.2,0,1
2115,Noe Sushi Bar,36,7,47.35,1252.61,76.0,0.25,0,0.5,0,1
2116,Kobe Sushi,112,6,10.95,215.69,41.0,0.15,0,2.0,1,0
2117,Noe Sushi Bar,56,4,55.56,886.65,64.0,0.13,0,4.9,1,0
2118,Noe Sushi Bar,36,3,49.57,410.91,62.0,0.13,0,10.8,0,1
2119,Kobe Sushi,89,7,16.64,379.01,56.0,0.37,0,5.6,0,1
2120,Nubori Experience,84,8,70.26,1330.97,41.0,0.35,0,6.5,0,0
2121,Nubori Experience,61,7,70.51,922.08,64.0,0.51,0,0.5,0,1
2122,Noe Sushi Bar,62,7,69.36,1575.94,88.0,0.33,0,0.5,0,0
2123,Nubori Experience,116,5,62.77,1013.45,50.0,0.21,0,0.9,0,0
2124,Noe Sushi Bar,109,3,68.84,353.91,49.0,0.44,0,12.4,0,0
2125,Nubori Experience,117,8,86.54,1359.14,52.0,0.56,0,6.9,1,0
2126,Noe Sushi Bar,81,6,72.56,1721.29,32.0,0.29,0,2.5,0,1
2127,Noe Sushi Bar,87,5,45.92,771.31,48.0,0.13,3,0.8,1,0
2128,Kobe Sushi,25,5,22.88,307.51,32.0,0.26,0,4.3,0,0
2129,Nubori Experience,112,5,59.22,1149.36,50.0,0.33,0,0.5,0,1
2130,Noe Sushi Bar,64,4,37.42,443.32,53.0,0.41,0,8.8,0,0
2131,Kobe Sushi,60,4,22.3,155.41,31.0,0.66,0,20.0,0,1
2132,Kobe Sushi,57,2,12.11,72.76,54.0,0.77,0,4.5,0,1
2133,Noe Sushi Bar,113,5,52.44,1024.38,38.0,0.34,1,0.5,1,0
2134,Noe Sushi Bar,95,9,53.92,1149.01,40.0,0.34,0,9.9,1,0
2135,Noe Sushi Bar,70,2,39.35,259.91,48.0,0.38,0,8.8,1,0
2136,Nubori Experience,99,4,93.72,787.44,69.0,0.13,0,10.8,1,0
2137,Kobe Sushi,52,8,10.0,172.73,38.0,0.43,0,3.8,0,1
2138,Noe Sushi Bar,56,3,47.98,355.79,50.0,0.26,0,1.1,0,1
2139,Kobe Sushi,63,9,22.26,401.41,62.0,0.09,3,3.8,1,0
2140,Nubori Experience,68,8,71.3,1851.04,37.0,0.12,0,5.7,1,0
2141,Nubori Experience,104,9,66.27,1718.03,33.0,0.53,0,2.5,1,1
2142,Noe Sushi Bar,20,8,32.49,614.31,55.0,0.12,0,1.4,0,0
2143,Noe Sushi Bar,105,7,40.43,537.47,51.0,0.34,0,9.3,0,1
2144,Kobe Sushi,54,5,12.44,206.8,65.0,0.07,0,10.8,0,1
2145,Noe Sushi Bar,1,4,52.73,596.8,45.0,0.17,0,22.4,0,0
2146,Nubori Experience,109,5,75.47,1030.27,25.0,0.08,0,4.2,1,0
2147,Noe Sushi Bar,90,1,52.52,175.1,51.0,0.47,0,21.2,0,0
2148,Kobe Sushi,98,8,17.18,542.9,54.0,0.27,0,20.2,0,0
2149,Noe Sushi Bar,119,5,37.52,646.28,28.0,0.27,0,4.2,0,0
2150,Nubori Experience,10,7,67.95,1662.25,50.0,0.67,0,23.8,0,1
2151,Kobe Sushi,23,5,17.49,254.29,20.0,0.43,0,7.2,0,0
2152,Kobe Sushi,51,6,17.6,312.99,40.0,0.3,1,4.4,1,0
2153,Noe Sushi Bar,113,3,42.88,343.39,20.0,0.06,0,5.2,1,0
2154,Nubori Experience,24,3,88.35,688.21,80.0,0.08,0,2.7,0,1
2155,Kobe Sushi,13,6,12.87,204.19,55.0,0.3,0,1.7,0,0
2156,Kobe Sushi,29,4,19.52,158.23,27.0,0.68,1,0.6,0,0
2157,Kobe Sushi,58,8,17.91,517.03,39.0,0.34,0,6.7,0,1
2158,Kobe Sushi,110,8,17.57,223.69,39.0,0.16,0,1.8,0,1
2159,Noe Sushi Bar,91,6,39.78,661.88,74.0,0.48,0,9.1,1,0
2160,Noe Sushi Bar,95,4,51.75,355.82,45.0,0.28,0,1.4,0,0
2161,Noe Sushi Bar,43,2,46.24,139.66,61.0,0.1,0,0.5,0,0
2162,Noe Sushi Bar,10,8,28.19,741.19,47.0,0.44,0,0.8,0,0
2163,Kobe Sushi,31,5,13.52,129.95,39.0,0.11,0,10.2,0,0
2164,Nubori Experience,103,1,53.35,163.17,32.0,0.46,0,8.8,0,0
2165,Noe Sushi Bar,74,2,70.97,342.38,40.0,0.78,0,6.2,0,1
2166,Nubori Experience,88,6,43.08,539.42,58.0,0.33,0,14.3,1,0
2167,Noe Sushi Bar,97,9,56.87,1152.7,46.0,0.1,0,2.9,0,1
2168,Kobe Sushi,14,11,22.46,906.81,35.0,0.4,0,8.1,0,1
2169,Noe Sushi Bar,99,5,36.71,524.47,25.0,0.47,0,0.5,1,0
2170,Kobe Sushi,109,6,24.81,556.02,37.0,0.42,0,2.9,0,1
2171,Noe Sushi Bar,34,9,65.56,1529.03,41.0,0.46,0,6.4,0,0
2172,Kobe Sushi,17,5,23.69,235.8,41.0,0.11,0,8.4,0,1
2173,Kobe Sushi,21,7,22.79,479.25,54.0,0.26,1,3.6,0,1
2174,Nubori Experience,96,7,88.0,1337.42,61.0,0.22,0,2.2,0,0
2175,Kobe Sushi,67,6,16.28,317.34,62.0,0.42,0,12.9,1,0
2176,Nubori Experience,58,7,76.21,1660.58,20.0,0.29,0,6.0,0,1
2177,Kobe Sushi,79,10,31.34,1177.26,55.0,0.36,0,4.1,0,1
2178,Noe Sushi Bar,8,5,39.54,718.56,54.0,0.17,0,3.6,1,1
2179,Noe Sushi Bar,96,6,45.16,502.62,31.0,0.41,0,4.2,0,0
2180,Noe Sushi Bar,38,5,27.88,298.67,33.0,0.15,0,2.4,0,0
2181,Kobe Sushi,26,8,11.27,231.57,37.0,0.32,0,1.7,0,0
2182,Kobe Sushi,64,10,19.19,644.06,58.0,0.17,0,8.3,1,0
2183,Kobe Sushi,30,6,14.66,132.83,77.0,0.25,0,6.3,0,0
2184,Kobe Sushi,9,7,13.2,254.98,38.0,0.32,0,4.6,0,1
2185,Noe Sushi Bar,32,4,38.79,467.71,44.0,0.39,2,3.7,0,0
2186,Nubori Experience,11,7,63.14,1277.25,38.0,0.25,0,1.5,0,1
2187,Nubori Experience,86,6,51.67,1129.56,56.0,0.49,0,8.6,0,0
2188,Chef Choy,34,5,29.52,223.3,35.0,0.52,2,17.0,0,1
2189,Chef Choy,105,7,30.78,480.29,30.0,0.04,0,4.5,1,0
2190,Noe Sushi Bar,18,8,46.09,1115.01,60.0,0.52,0,5.0,0,1
2191,Kobe Sushi,19,6,29.0,652.25,40.0,0.31,3,6.8,1,1
2192,Nubori Experience,54,6,95.53,1403.04,45.0,0.39,0,12.4,0,0
2193,Noe Sushi Bar,82,7,50.75,973.2,20.0,0.28,0,4.2,0,0
2194,Noe Sushi Bar,37,2,45.9,208.95,20.0,0.17,0,0.8,0,1
2195,Kobe Sushi,82,6,19.08,191.43,54.0,0.17,0,7.2,0,0
2196,Noe Sushi Bar,12,3,28.94,205.16,45.0,0.33,0,0.6,0,0
2197,Noe Sushi Bar,4,7,54.48,796.2,43.0,0.44,0,5.6,1,0
2198,Nubori Experience,111,6,88.08,1128.23,76.0,0.3,0,17.7,1,0
2199,Noe Sushi Bar,43,3,31.61,204.37,20.0,0.64,0,2.7,0,0
2200,Kobe Sushi,27,4,16.12,111.94,61.0,0.44,1,11.5,0,0
2201,Nubori Experience,51,6,50.47,1170.17,50.0,0.47,0,10.3,0,0
2202,Kobe Sushi,5,4,18.7,170.19,65.0,0.21,0,12.5,1,0
2203,Noe Sushi Bar,6,11,52.64,1738.47,55.0,0.13,0,2.4,0,1
2204,Kobe Sushi,77,9,11.83,315.48,51.0,0.45,0,3.1,0,1
2205,Noe Sushi Bar,87,5,25.46,306.26,37.0,0.09,1,0.6,0,0
2206,Nubori Experience,106,9,58.85,1694.89,55.0,0.09,0,2.2,1,0
2207,Kobe Sushi,56,4,22.21,244.99,50.0,0.26,0,12.4,0,0
2208,Nubori Experience,89,6,67.02,1419.35,62.0,0.31,0,1.5,1,0
2209,Kobe Sushi,110,5,18.39,221.55,32.0,0.18,1,5.1,0,1
2210,Nubori Experience,68,5,57.15,666.41,20.0,0.38,0,1.6,1,0
2211,Chef Choy,116,7,27.59,540.45,50.0,0.71,3,1.5,1,0
2212,Nubori Experience,119,11,58.18,1448.08,73.0,0.17,3,7.0,1,0
2213,Kobe Sushi,96,5,16.74,126.45,28.0,0.36,0,1.0,0,1
2214,Nubori Experience,44,9,93.63,3010.97,65.0,0.52,0,10.3,1,0
2215,Noe Sushi Bar,15,9,42.93,1300.11,43.0,0.13,0,3.1,0,1
2216,Kobe Sushi,90,7,26.04,299.73,54.0,0.07,0,21.4,0,0
2217,Nubori Experience,42,6,64.17,821.84,40.0,0.21,0,4.7,0,0
2218,Kobe Sushi,11,6,16.98,187.61,59.0,0.56,0,1.8,0,1
2219,Nubori Experience,73,8,58.23,1599.86,89.0,0.51,0,1.6,1,0
2220,Kobe Sushi,11,6,11.12,199.58,26.0,0.33,0,1.3,0,0
2221,Noe Sushi Bar,66,7,47.52,622.71,68.0,0.61,0,5.1,0,0
2222,Noe Sushi Bar,109,9,36.83,1257.91,84.0,0.18,0,5.3,1,0
2223,Kobe Sushi,27,8,26.28,454.01,61.0,0.15,0,8.3,0,1
2224,Kobe Sushi,118,7,23.42,613.48,48.0,0.08,1,13.1,0,1
2225,Kobe Sushi,58,7,23.21,450.69,27.0,0.53,0,5.4,0,1
2226,Noe Sushi Bar,90,5,35.38,426.74,54.0,0.09,0,0.8,0,0
2227,Kobe Sushi,72,3,10.0,65.11,43.0,0.09,3,4.0,1,0
2228,Noe Sushi Bar,21,5,25.57,484.22,58.0,0.54,0,0.9,1,1
2229,Kobe Sushi,21,3,22.6,138.67,28.0,0.38,0,22.9,0,1
2230,Kobe Sushi,72,8,13.49,295.19,31.0,0.33,0,3.0,0,1
2231,Noe Sushi Bar,1,4,55.51,684.56,58.0,0.1,0,4.0,0,0
2232,Kobe Sushi,102,3,13.13,65.75,32.0,0.32,1,5.2,1,1
2233,Nubori Experience,58,5,66.12,755.52,45.0,0.4,0,8.3,1,1
2234,Nubori Experience,13,5,75.33,567.13,30.0,0.5,0,0.5,0,1
2235,Noe Sushi Bar,73,3,43.1,449.9,43.0,0.46,0,2.3,1,0
2236,Noe Sushi Bar,92,7,32.6,538.73,34.0,0.12,0,9.8,0,1
2237,Nubori Experience,6,6,86.41,1040.38,62.0,0.44,0,6.3,0,0
2238,Kobe Sushi,111,5,21.55,283.63,51.0,0.29,2,4.3,1,0
2239,Kobe Sushi,87,6,25.13,295.64,61.0,0.35,2,0.8,0,1
2240,Kobe Sushi,112,5,20.09,388.39,43.0,0.2,0,12.8,0,1
2241,Chef Choy,100,2,29.27,233.53,49.0,0.68,1,4.4,0,0
2242,Kobe Sushi,58,5,18.99,288.27,52.0,0.11,0,6.8,1,0
2243,Noe Sushi Bar,17,10,45.91,1626.17,39.0,0.15,0,4.2,0,1
2244,Nubori Experience,73,6,51.51,917.69,57.0,0.64,0,0.8,1,0
2245,Nubori Experience,12,5,50.38,788.36,45.0,0.37,0,0.5,0,1
2246,Noe Sushi Bar,86,9,41.45,1293.68,52.0,0.14,0,28.9,1,0
2247,Kobe Sushi,115,6,10.94,170.32,40.0,0.13,0,15.9,0,0
2248,Nubori Experience,52,7,78.71,916.82,44.0,0.23,0,5.8,0,1
2249,Noe Sushi Bar,76,3,66.36,307.5,44.0,0.29,0,6.2,0,0
2250,Kobe Sushi,118,6,17.93,354.71,56.0,0.03,1,0.5,1,1
2251,Kobe Sushi,70,6,20.46,197.88,40.0,0.11,0,10.8,1,0
2252,Nubori Experience,108,5,72.09,1158.93,52.0,0.35,2,0.8,1,0
2253,Noe Sushi Bar,73,4,49.4,477.66,58.0,0.1,0,2.9,1,0
2254,Nubori Experience,52,5,46.02,508.94,71.0,0.25,0,3.7,0,1
2255,Nubori Experience,37,6,51.07,773.91,20.0,0.67,0,4.4,0,0
2256,Noe Sushi Bar,117,8,41.73,649.9,44.0,0.38,1,4.5,1,0
2257,Noe Sushi Bar,3,6,43.35,1030.23,45.0,0.33,0,5.0,0,1
2258,Noe Sushi Bar,98,9,58.1,2091.08,66.0,0.56,0,0.5,1,0
2259,Kobe Sushi,8,5,14.82,112.32,20.0,0.21,0,1.3,0,0
2260,Noe Sushi Bar,10,6,72.08,1413.61,50.0,0.56,1,0.5,0,1
2261,Chef Choy,47,2,25.32,103.79,42.0,0.46,2,1.2,0,1
2262,Noe Sushi Bar,41,6,51.11,695.87,54.0,0.35,3,7.0,1,0
2263,Nubori Experience,64,8,50.11,1571.9,33.0,0.34,0,2.0,0,1
2264,Noe Sushi Bar,42,4,38.12,498.11,56.0,0.26,0,1.7,1,0
2265,Noe Sushi Bar,43,7,29.58,469.2,54.0,0.38,1,3.5,1,0
2266,Noe Sushi Bar,9,11,17.09,392.75,55.0,0.31,0,1.6,0,1
2267,Noe Sushi Bar,14,5,44.18,710.94,45.0,0.01,0,1.8,0,1
2268,Noe Sushi Bar,101,6,40.83,592.77,40.0,0.39,0,6.3,0,1
2269,Kobe Sushi,91,9,21.88,401.86,58.0,0.33,0,14.5,0,1
2270,Noe Sushi Bar,105,8,43.27,536.7,45.0,0.48,0,4.9,1,0
2271,Kobe Sushi,96,11,18.96,553.3,49.0,0.14,1,1.4,0,0
2272,Kobe Sushi,4,4,20.95,186.0,64.0,0.57,0,6.6,0,0
2273,Noe Sushi Bar,2,6,57.88,1050.4,32.0,0.48,0,0.5,0,1
2274,Noe Sushi Bar,115,9,37.95,666.69,64.0,0.37,3,2.9,0,0
2275,Nubori Experience,97,7,50.26,1199.86,35.0,0.16,0,1.1,1,0
2276,Noe Sushi Bar,85,6,26.52,440.34,66.0,0.33,0,0.7,0,0
2277,Noe Sushi Bar,1,2,44.19,205.19,34.0,0.36,0,1.1,0,1
2278,Noe Sushi Bar,108,6,61.13,963.54,66.0,0.66,0,3.5,1,0
2279,Noe Sushi Bar,75,4,52.71,447.86,37.0,0.73,0,5.1,0,0
2280,Kobe Sushi,65,3,16.07,162.22,32.0,0.26,0,7.6,0,1
2281,Kobe Sushi,46,5,11.85,196.87,63.0,0.58,0,0.7,1,0
2282,Kobe Sushi,59,11,15.13,339.91,42.0,0.44,0,4.7,1,0
2283,Noe Sushi Bar,75,5,29.41,276.0,20.0,0.07,0,24.2,0,0
2284,Kobe Sushi,7,4,13.47,87.06,20.0,0.23,0,4.1,0,1
2285,Kobe Sushi,66,5,16.06,191.36,49.0,0.37,0,5.8,1,0
2286,Kobe Sushi,15,5,19.45,263.06,40.0,0.22,0,1.8,0,1
2287,Nubori Experience,72,8,72.66,1395.23,36.0,0.28,3,0.5,1,0
2288,Kobe Sushi,118,4,19.06,231.35,32.0,0.32,0,7.4,1,0
2289,Noe Sushi Bar,116,5,36.62,731.65,69.0,0.44,0,1.6,0,0
2290,Kobe Sushi,47,5,20.55,187.15,20.0,0.22,0,4.5,1,0
2291,Noe Sushi Bar,90,5,62.72,626.13,33.0,0.72,0,2.1,0,1
2292,Kobe Sushi,40,10,21.54,545.88,31.0,0.37,0,20.5,0,1
2293,Kobe Sushi,42,7,23.88,448.6,45.0,0.42,0,5.9,1,0
2294,Noe Sushi Bar,51,3,33.11,312.97,22.0,0.08,0,4.2,0,0
2295,Kobe Sushi,35,9,14.25,485.91,20.0,0.16,1,2.4,1,0
2296,Kobe Sushi,116,6,18.8,245.53,47.0,0.19,0,8.5,1,0
2297,Kobe Sushi,110,6,17.48,353.14,74.0,0.25,0,6.9,1,0
2298,Kobe Sushi,105,9,21.31,546.58,54.0,0.37,0,0.9,0,1
2299,Kobe Sushi,41,8,10.0,252.16,38.0,0.38,0,10.4,0,1
2300,Kobe Sushi,85,7,21.01,493.34,60.0,0.39,0,18.3,0,0
2301,Nubori Experience,57,9,65.4,899.47,44.0,0.43,0,0.5,0,1
2302,Noe Sushi Bar,38,4,33.81,212.41,55.0,0.13,0,2.4,0,0
2303,Noe Sushi Bar,72,5,46.4,570.22,58.0,0.16,2,3.1,0,1
2304,Kobe Sushi,107,5,11.02,125.44,52.0,0.36,0,0.5,1,0
2305,Nubori Experience,96,4,57.16,570.05,20.0,0.13,0,8.5,0,1
2306,Kobe Sushi,8,4,15.34,239.71,30.0,0.39,0,29.9,0,0
2307,Kobe Sushi,108,4,21.38,150.56,57.0,0.27,0,3.1,1,0
2308,Noe Sushi Bar,74,2,41.2,202.0,34.0,0.19,2,4.1,0,0
2309,Kobe Sushi,63,7,12.79,326.13,44.0,0.48,2,3.4,1,0
2310,Kobe Sushi,87,4,13.48,171.08,42.0,0.46,0,14.0,1,0
2311,Noe Sushi Bar,4,2,31.58,146.85,44.0,0.19,1,0.6,1,0
2312,Nubori Experience,48,4,76.71,1088.82,42.0,0.5,0,3.6,0,1
2313,Noe Sushi Bar,52,4,48.9,560.1,49.0,0.43,1,9.2,0,1
2314,Noe Sushi Bar,38,10,33.1,1192.59,58.0,0.43,0,30.0,0,0
2315,Nubori Experience,94,5,55.58,743.17,80.0,0.0,0,9.7,1,0
2316,Kobe Sushi,105,6,22.11,363.54,60.0,0.28,1,10.5,0,0
2317,Kobe Sushi,87,6,26.15,442.21,65.0,0.13,0,0.5,0,1
2318,Kobe Sushi,5,8,19.1,325.74,46.0,0.01,0,9.7,1,0
2319,Noe Sushi Bar,85,8,60.49,1614.06,53.0,0.58,0,12.2,0,0
2320,Noe Sushi Bar,120,5,36.88,313.99,40.0,0.24,0,9.9,1,0
2321,Nubori Experience,70,7,73.64,1904.63,57.0,0.82,0,5.9,1,0
2322,Noe Sushi Bar,113,5,62.07,863.64,62.0,0.08,1,3.2,1,0
2323,Noe Sushi Bar,81,3,46.65,465.53,43.0,0.34,0,1.3,1,0
2324,Kobe Sushi,89,9,18.49,486.9,47.0,0.4,0,19.5,0,1
2325,Nubori Experience,24,3,24.83,260.82,53.0,0.51,1,2.3,0,0
2326,Nubori Experience,86,4,48.75,615.11,66.0,0.49,3,2.5,0,0
2327,Nubori Experience,77,4,56.09,587.79,53.0,0.44,0,2.0,1,0
2328,Kobe Sushi,17,3,19.39,143.81,40.0,0.25,0,0.5,0,1
2329,Noe Sushi Bar,78,7,27.98,683.55,45.0,0.83,0,5.5,0,0
2330,Kobe Sushi,98,7,10.35,132.26,56.0,0.5,1,11.6,1,0
2331,Kobe Sushi,90,4,19.62,308.17,30.0,0.37,0,1.2,0,1
2332,Kobe Sushi,83,8,11.61,341.4,40.0,0.24,1,8.1,0,0
2333,Noe Sushi Bar,26,5,23.84,324.5,55.0,0.44,0,10.0,0,0
2334,Noe Sushi Bar,3,4,14.89,184.94,71.0,0.08,3,3.1,1,0
2335,Kobe Sushi,2,7,14.95,372.45,26.0,0.52,0,12.7,0,0
2336,Kobe Sushi,92,8,18.63,541.97,63.0,0.14,0,6.8,0,0
2337,Noe Sushi Bar,2,5,60.39,989.29,27.0,0.04,1,4.1,0,1
2338,Kobe Sushi,22,4,15.6,193.37,62.0,0.4,0,17.5,1,0
2339,Kobe Sushi,71,5,16.93,334.79,33.0,0.27,1,8.9,0,0
2340,Noe Sushi Bar,4,3,50.39,354.73,50.0,0.44,0,8.4,0,0
2341,Chef Choy,113,8,28.8,684.68,56.0,0.18,2,8.2,1,0
2342,Kobe Sushi,38,7,11.51,129.59,34.0,0.31,0,13.6,0,1
2343,Kobe Sushi,103,6,21.27,338.63,32.0,0.49,0,8.6,0,0
2344,Kobe Sushi,84,5,15.92,211.9,52.0,0.38,0,7.6,0,1
2345,Nubori Experience,70,8,60.58,1484.68,56.0,0.47,0,1.0,0,1
2346,Noe Sushi Bar,73,6,26.32,468.72,43.0,0.26,0,11.1,0,1
2347,Noe Sushi Bar,52,7,47.72,560.88,69.0,0.37,0,9.4,1,1
2348,Kobe Sushi,31,3,21.77,234.79,53.0,0.6,0,0.5,0,1
2349,Noe Sushi Bar,26,5,31.5,444.39,55.0,0.29,0,0.9,0,1
2350,Kobe Sushi,36,8,18.51,250.06,43.0,0.05,0,19.1,0,0
2351,Noe Sushi Bar,26,4,26.85,382.77,28.0,0.59,0,2.1,1,0
2352,Nubori Experience,28,5,54.61,819.28,37.0,0.3,0,4.3,0,1
2353,Noe Sushi Bar,5,5,36.17,653.24,37.0,0.05,0,16.8,0,0
2354,Nubori Experience,115,6,48.55,1089.99,69.0,0.54,0,10.2,0,1
2355,Noe Sushi Bar,74,3,37.2,402.38,75.0,0.09,1,0.7,0,1
2356,Kobe Sushi,18,7,22.12,615.78,23.0,0.33,0,15.5,0,0
2357,Nubori Experience,15,6,88.62,1463.85,46.0,0.2,1,1.3,0,1
2358,Kobe Sushi,57,5,21.73,168.08,54.0,0.43,0,8.5,0,0
2359,Noe Sushi Bar,97,5,35.29,702.99,58.0,0.36,1,1.4,0,1
2360,Kobe Sushi,5,5,13.21,223.93,22.0,0.36,0,2.2,1,0
2361,Kobe Sushi,37,7,26.93,444.94,25.0,0.38,0,30.0,0,0
2362,Noe Sushi Bar,104,6,35.36,341.54,40.0,0.28,0,11.5,0,0
2363,Kobe Sushi,86,3,10.0,89.0,31.0,0.37,0,2.2,1,0
2364,Noe Sushi Bar,86,5,45.33,729.41,47.0,0.38,0,12.2,0,0
2365,Noe Sushi Bar,22,9,55.82,1572.56,28.0,0.24,0,7.2,0,0
2366,Kobe Sushi,52,8,19.52,297.11,46.0,0.08,0,1.6,0,0
2367,Kobe Sushi,15,11,23.83,397.72,28.0,0.57,0,2.9,0,0
2368,Noe Sushi Bar,17,5,58.75,498.42,58.0,0.73,0,12.6,0,0
2369,Kobe Sushi,51,5,23.99,345.04,51.0,0.64,2,4.3,0,0
2370,Noe Sushi Bar,45,3,57.22,649.66,47.0,0.26,0,8.2,0,0
2371,Noe Sushi Bar,63,3,58.28,400.49,49.0,0.27,0,0.5,0,0
2372,Nubori Experience,28,6,78.56,893.41,68.0,0.3,0,5.8,0,1
2373,Noe Sushi Bar,59,6,42.52,684.04,44.0,0.56,2,18.4,0,1
2374,Noe Sushi Bar,86,6,45.21,501.07,35.0,0.46,2,14.5,1,0
2375,Noe Sushi Bar,21,9,61.45,1331.96,70.0,0.06,2,19.0,1,0
2376,Kobe Sushi,42,6,17.36,176.02,33.0,0.28,0,5.8,0,1
2377,Kobe Sushi,81,10,20.62,630.41,38.0,0.18,0,9.8,0,0
2378,Chef Choy,69,7,15.48,232.41,60.0,0.65,0,0.5,0,0
2379,Noe Sushi Bar,82,6,42.49,406.66,30.0,0.37,0,1.0,0,1
2380,Chef Choy,17,8,12.77,346.79,33.0,0.38,0,5.8,0,1
2381,Nubori Experience,68,3,59.41,316.72,39.0,0.51,1,0.5,0,1
2382,Nubori Experience,118,4,78.34,1107.92,56.0,0.01,0,13.1,1,0
2383,Nubori Experience,7,7,63.23,1375.63,78.0,0.16,0,0.5,0,1
2384,Noe Sushi Bar,89,3,52.47,559.54,43.0,0.1,0,4.7,0,1
2385,Kobe Sushi,101,5,13.44,228.6,26.0,0.46,0,5.5,1,0
2386,Noe Sushi Bar,40,4,32.61,378.8,59.0,0.53,0,13.5,0,0
2387,Kobe Sushi,40,8,21.01,405.27,60.0,0.35,0,1.9,1,0
2388,Noe Sushi Bar,43,7,18.9,260.32,50.0,0.45,0,1.6,0,0
2389,Noe Sushi Bar,73,5,41.15,578.22,60.0,0.26,0,7.1,1,0
2390,Noe Sushi Bar,83,6,47.04,698.37,59.0,0.43,0,8.5,1,0
2391,Kobe Sushi,51,8,13.61,298.68,53.0,0.68,0,4.2,1,0
2392,Kobe Sushi,73,8,23.72,670.38,20.0,0.28,0,14.5,0,0
2393,Noe Sushi Bar,23,2,13.48,49.09,37.0,0.51,0,1.5,0,0
2394,Kobe Sushi,95,6,15.12,227.62,20.0,0.72,0,8.8,0,0
2395,Nubori Experience,32,5,70.3,1259.24,34.0,0.43,0,1.7,0,1
2396,Kobe Sushi,116,7,15.28,343.4,38.0,0.31,1,20.5,0,0
2397,Kobe Sushi,31,7,16.67,252.42,37.0,0.27,0,19.0,0,0
2398,Kobe Sushi,17,7,18.93,246.13,67.0,0.07,0,4.7,0,0
2399,Noe Sushi Bar,112,8,50.23,610.83,58.0,0.28,0,11.3,0,1
2400,Noe Sushi Bar,103,9,58.11,1787.21,45.0,0.12,0,25.1,0,0
2401,Kobe Sushi,58,4,19.48,301.44,62.0,0.35,0,0.7,1,0
2402,Kobe Sushi,86,7,26.58,722.41,68.0,0.46,0,2.0,1,0
2403,Noe Sushi Bar,35,3,33.13,158.81,45.0,0.18,0,4.5,0,0
2404,Kobe Sushi,30,3,15.62,183.28,20.0,0.5,0,4.6,0,0
2405,Noe Sushi Bar,64,2,38.55,257.27,20.0,0.26,0,2.1,1,0
2406,Noe Sushi Bar,53,6,44.61,603.12,59.0,0.1,0,2.0,0,1
2407,Kobe Sushi,51,6,22.48,480.0,29.0,0.13,1,9.7,0,0
2408,Kobe Sushi,104,5,19.02,325.8,39.0,0.47,0,9.9,1,0
2409,Nubori Experience,37,5,57.46,820.03,56.0,0.09,0,3.9,0,0
2410,Noe Sushi Bar,90,4,32.36,250.19,45.0,0.55,0,12.7,0,0
2411,Noe Sushi Bar,6,4,38.93,580.64,30.0,0.46,0,0.8,0,1
2412,Kobe Sushi,34,6,15.45,262.33,52.0,0.42,0,0.6,1,0
2413,Noe Sushi Bar,56,6,49.96,577.66,34.0,0.48,0,6.1,0,0
2414,Kobe Sushi,96,3,11.91,94.68,78.0,0.23,0,4.3,1,0
2415,Noe Sushi Bar,25,4,60.64,753.18,60.0,0.24,0,11.0,0,1
2416,Nubori Experience,115,6,61.49,907.39,53.0,0.35,0,4.4,0,1
2417,Kobe Sushi,13,3,18.16,193.34,30.0,0.21,2,0.7,1,0
2418,Kobe Sushi,63,9,14.92,459.38,63.0,0.4,0,4.9,1,0
2419,Kobe Sushi,102,2,10.24,78.52,55.0,0.24,0,0.6,0,0
2420,Kobe Sushi,102,3,13.11,62.92,39.0,0.07,0,7.3,0,0
2421,Kobe Sushi,66,11,18.31,717.75,52.0,0.27,0,2.6,0,1
2422,Kobe Sushi,120,8,21.64,461.02,46.0,0.2,0,1.5,1,0
2423,Chef Choy,5,3,26.71,201.14,59.0,0.24,0,6.5,0,1
2424,Noe Sushi Bar,75,5,46.19,623.61,47.0,0.32,1,4.7,0,0
2425,Kobe Sushi,11,5,30.46,602.08,28.0,0.43,2,19.8,0,0
2426,Nubori Experience,88,4,68.71,1009.86,39.0,0.18,0,0.6,0,0
2427,Kobe Sushi,78,7,22.47,322.3,48.0,0.41,0,3.3,0,1
2428,Nubori Experience,109,5,63.29,503.33,20.0,0.42,0,6.7,1,0
2429,Kobe Sushi,94,5,16.64,133.3,41.0,0.36,2,4.8,1,0
2430,Nubori Experience,104,6,88.99,1384.84,68.0,0.3,1,1.4,1,0
2431,Noe Sushi Bar,111,7,44.84,959.12,33.0,0.01,1,7.4,0,0
2432,Nubori Experience,44,7,71.62,1742.34,21.0,0.47,0,12.5,0,0
2433,Nubori Experience,99,8,69.54,1132.01,29.0,0.51,2,3.7,1,0
2434,Kobe Sushi,85,6,22.99,453.67,38.0,0.71,0,1.8,0,1
2435,Nubori Experience,119,3,80.89,531.62,58.0,0.65,0,0.5,1,0
2436,Kobe Sushi,69,10,19.16,322.62,47.0,0.21,0,1.2,0,1
2437,Kobe Sushi,102,8,25.6,411.02,68.0,0.1,1,1.0,0,1
2438,Kobe Sushi,2,5,20.9,191.09,20.0,0.48,0,3.5,0,1
2439,Noe Sushi Bar,40,5,59.34,912.75,30.0,0.24,0,3.1,0,0
2440,Kobe Sushi,37,1,15.24,41.93,22.0,0.64,0,1.4,0,0
2441,Noe Sushi Bar,118,10,51.13,1038.55,51.0,0.13,0,4.5,0,0
2442,Noe Sushi Bar,49,7,48.22,676.5,34.0,0.82,2,3.3,1,0
2443,Chef Choy,98,7,26.39,388.08,43.0,0.66,0,16.0,0,0
2444,Nubori Experience,75,5,85.37,1349.72,69.0,0.34,0,6.1,0,1
2445,Noe Sushi Bar,36,5,45.21,869.38,67.0,0.26,0,20.0,0,1
2446,Kobe Sushi,75,7,10.0,154.51,53.0,0.59,0,4.9,0,1
2447,Kobe Sushi,73,8,19.43,304.34,52.0,0.67,0,5.9,0,1
2448,Kobe Sushi,70,7,18.72,505.04,36.0,0.54,0,2.9,0,1
2449,Kobe Sushi,120,5,16.0,183.41,64.0,0.33,0,6.2,0,0
2450,Kobe Sushi,34,8,18.12,365.45,55.0,0.48,1,0.5,1,1
2451,Kobe Sushi,58,4,16.34,164.01,46.0,0.34,0,1.4,1,0
2452,Nubori Experience,111,7,68.04,1757.62,48.0,0.25,0,1.8,0,1
2453,Noe Sushi Bar,37,3,34.12,266.21,63.0,0.3,0,4.7,0,1
2454,Kobe Sushi,96,7,24.77,557.91,25.0,0.36,0,8.8,0,0
2455,Noe Sushi Bar,60,6,25.91,296.53,41.0,0.37,0,2.5,0,0
2456,Kobe Sushi,12,5,28.3,264.54,20.0,0.23,0,5.8,0,0
2457,Noe Sushi Bar,109,4,46.64,477.97,66.0,0.1,1,0.5,1,0
2458,Noe Sushi Bar,32,5,45.5,402.59,28.0,0.62,0,1.5,0,0
2459,Noe Sushi Bar,81,10,82.57,2824.75,20.0,0.3,0,2.1,1,0
2460,Noe Sushi Bar,4,3,37.06,320.63,20.0,0.15,0,2.3,0,0
2461,Nubori Experience,106,4,55.83,662.4,68.0,0.41,0,2.4,1,0
2462,Nubori Experience,33,6,54.62,777.7,35.0,0.32,0,0.5,0,1
2463,Noe Sushi Bar,43,4,47.09,525.27,50.0,0.12,0,4.5,0,1
2464,Noe Sushi Bar,112,5,55.88,566.11,46.0,0.32,0,2.5,1,0
2465,Noe Sushi Bar,107,7,65.07,1320.67,78.0,0.27,0,0.6,1,0
2466,Kobe Sushi,9,12,20.26,806.16,46.0,0.27,0,15.4,0,0
2467,Kobe Sushi,98,7,24.29,322.96,54.0,0.63,0,1.7,0,0
2468,Kobe Sushi,103,4,24.52,270.82,51.0,0.39,0,5.7,0,0
2469,Noe Sushi Bar,51,5,50.98,457.77,23.0,0.5,0,0.7,0,0
2470,Noe Sushi Bar,94,8,30.39,629.19,57.0,0.15,0,5.1,0,0
2471,Kobe Sushi,114,2,17.67,81.54,41.0,0.22,3,15.0,1,0
2472,Nubori Experience,20,6,50.29,1067.34,60.0,0.34,0,13.0,1,0
2473,Nubori Experience,39,5,63.83,650.75,37.0,0.43,0,4.1,0,1
2474,Noe Sushi Bar,23,4,54.31,377.9,53.0,0.55,1,2.6,0,1
2475,Noe Sushi Bar,41,10,54.37,1407.81,52.0,0.5,0,5.7,1,1
2476,Nubori Experience,44,5,66.2,1018.84,20.0,0.57,0,5.8,1,0
2477,Kobe Sushi,35,2,18.2,103.04,39.0,0.51,0,0.5,0,0
2478,Chef Choy,23,6,30.21,317.57,38.0,0.39,0,3.8,0,1
2479,Kobe Sushi,118,9,19.87,325.75,40.0,0.43,2,0.5,1,0
2480,Chef Choy,58,8,27.66,739.42,51.0,0.63,0,2.0,0,1
2481,Kobe Sushi,48,4,16.73,224.56,49.0,0.19,0,9.9,1,0
2482,Nubori Experience,103,4,87.17,1385.34,33.0,0.21,1,3.1,1,0
2483,Nubori Experience,87,5,75.0,937.71,32.0,0.37,1,0.7,0,0
2484,Kobe Sushi,58,10,20.11,330.57,39.0,0.64,0,3.8,1,0
2485,Noe Sushi Bar,101,4,45.97,692.11,38.0,0.08,1,2.5,1,0
2486,Nubori Experience,57,8,67.57,1389.54,26.0,0.13,0,8.1,0,0
2487,Noe Sushi Bar,87,9,42.85,1029.86,29.0,0.17,0,1.1,0,0
2488,Nubori Experience,39,9,36.22,992.36,47.0,0.49,0,7.4,0,1
2489,Noe Sushi Bar,28,4,49.59,472.1,22.0,0.26,1,10.2,1,0
2490,Kobe Sushi,64,2,24.25,137.16,31.0,0.47,0,1.3,0,1
2491,Kobe Sushi,62,3,26.11,233.25,65.0,0.1,0,16.4,1,0
2492,Kobe Sushi,83,3,12.96,60.73,21.0,0.36,0,1.3,0,0
2493,Chef Choy,113,4,22.19,242.58,53.0,0.26,0,3.5,1,0
2494,Kobe Sushi,112,3,15.05,135.8,45.0,0.23,0,12.6,1,0
2495,Noe Sushi Bar,62,9,57.93,983.85,43.0,0.52,0,4.6,1,0
2496,Noe Sushi Bar,94,9,35.94,646.24,50.0,0.42,0,4.0,0,1
2497,Noe Sushi Bar,85,4,57.93,842.52,50.0,0.65,1,11.3,1,0
2498,Nubori Experience,88,7,75.6,934.02,62.0,0.22,0,4.8,0,1
2499,Nubori Experience,85,5,60.0,499.02,73.0,0.1,0,6.0,0,0
2500,Noe Sushi Bar,26,11,23.64,1018.51,47.0,0.17,0,4.0,0,0
2501,Nubori Experience,51,7,62.23,1033.03,66.0,0.15,0,27.7,0,0
2502,Chef Choy,50,5,28.24,254.99,60.0,0.5,0,10.8,0,0
2503,Noe Sushi Bar,115,8,51.54,1279.9,35.0,0.04,0,5.6,1,0
2504,Nubori Experience,36,3,39.02,185.45,62.0,0.09,0,6.0,0,1
2505,Kobe Sushi,26,3,16.44,169.31,46.0,0.44,0,6.9,0,0
2506,Kobe Sushi,33,9,21.63,400.38,36.0,0.47,1,1.2,0,0
2507,Nubori Experience,100,3,54.22,405.1,35.0,0.23,0,0.5,0,0
2508,Noe Sushi Bar,68,6,64.08,945.79,20.0,0.47,1,1.2,0,1
2509,Nubori Experience,73,10,86.84,3190.51,20.0,0.34,0,2.4,0,1
2510,Nubori Experience,8,6,73.27,1619.56,20.0,0.1,0,1.5,0,0
2511,Kobe Sushi,66,6,16.47,289.08,33.0,0.28,0,4.2,1,0
2512,Nubori Experience,93,6,49.9,1141.21,44.0,0.27,0,3.7,0,1
2513,Noe Sushi Bar,23,5,42.97,642.94,55.0,0.57,0,11.3,0,0
2514,Noe Sushi Bar,70,6,36.48,350.93,70.0,0.48,0,8.8,0,0
2515,Noe Sushi Bar,55,6,56.17,875.25,53.0,0.4,1,11.9,0,0
2516,Nubori Experience,43,11,40.96,844.23,48.0,0.18,0,7.3,0,0
2517,Kobe Sushi,100,9,27.58,460.43,40.0,0.26,0,9.0,0,1
2518,Noe Sushi Bar,110,3,55.57,597.62,44.0,0.66,0,1.1,0,1
2519,Noe Sushi Bar,21,7,17.87,203.12,22.0,0.42,0,4.1,0,1
2520,Noe Sushi Bar,22,7,45.12,1104.52,39.0,0.03,0,8.5,0,0
2521,Noe Sushi Bar,9,4,46.04,640.82,58.0,0.16,2,16.4,0,0
2522,Kobe Sushi,34,10,10.0,362.8,35.0,0.24,0,5.8,0,0
2523,Kobe Sushi,59,3,17.05,78.38,36.0,0.19,0,1.4,1,0
2524,Kobe Sushi,26,6,17.05,171.07,55.0,0.3,0,4.2,0,1
2525,Nubori Experience,1,3,84.24,580.62,43.0,0.15,0,1.3,0,1
2526,Kobe Sushi,100,6,21.18,197.47,35.0,0.29,0,5.6,0,1
2527,Kobe Sushi,108,4,10.0,151.48,44.0,0.42,0,9.1,1,0
2528,Nubori Experience,5,2,52.54,384.33,43.0,0.47,0,6.6,0,1
2529,Kobe Sushi,41,8,21.72,391.18,75.0,0.17,0,3.7,0,1
2530,Nubori Experience,63,7,73.6,1090.09,50.0,0.42,1,2.1,1,0
2531,Noe Sushi Bar,22,9,54.17,806.26,39.0,0.55,0,4.8,0,1
2532,Nubori Experience,68,5,59.13,746.01,40.0,0.66,0,24.6,1,0
2533,Kobe Sushi,48,2,16.5,115.7,39.0,0.41,0,0.5,0,1
2534,Kobe Sushi,66,6,16.86,379.76,20.0,0.77,3,8.5,0,1
2535,Noe Sushi Bar,16,5,37.14,511.94,32.0,0.24,0,7.6,0,0
2536,Nubori Experience,80,6,87.65,1630.11,42.0,0.21,0,2.4,0,1
2537,Noe Sushi Bar,53,4,61.76,510.12,37.0,0.26,0,1.8,0,1
2538,Kobe Sushi,120,5,22.09,206.58,26.0,0.53,1,4.1,0,0
2539,Chef Choy,120,6,31.8,299.18,41.0,0.44,0,0.5,1,0
2540,Chef Choy,86,9,20.66,403.9,38.0,0.3,0,4.8,1,0
2541,Noe Sushi Bar,107,6,37.49,512.88,42.0,0.51,0,1.7,1,0
2542,Chef Choy,65,13,34.61,1461.46,58.0,0.18,0,2.8,0,1
2543,Nubori Experience,79,6,38.47,830.19,39.0,0.91,0,1.3,0,1
2544,Noe Sushi Bar,64,7,25.92,538.81,41.0,0.24,0,28.1,0,0
2545,Kobe Sushi,88,2,15.36,83.28,74.0,0.2,0,9.7,1,0
2546,Noe Sushi Bar,68,8,66.79,1119.84,48.0,0.43,0,6.7,1,0
2547,Kobe Sushi,63,4,19.95,188.77,40.0,0.63,0,7.0,0,0
2548,Noe Sushi Bar,62,9,46.35,1344.92,37.0,0.41,2,10.1,0,0
2549,Noe Sushi Bar,82,6,56.22,1124.41,46.0,0.38,0,12.2,1,0
2550,Kobe Sushi,81,5,10.86,185.62,47.0,0.55,0,14.1,1,0
2551,Kobe Sushi,71,7,10.0,136.24,52.0,0.59,0,4.9,0,0
2552,Kobe Sushi,114,5,24.26,450.62,46.0,0.31,0,0.7,0,1
2553,Nubori Experience,45,7,76.05,1096.96,31.0,0.28,0,1.7,0,0
2554,Nubori Experience,52,6,50.23,587.56,59.0,0.19,0,0.8,0,1
2555,Kobe Sushi,116,6,22.08,286.33,55.0,0.29,0,14.9,1,0
2556,Nubori Experience,74,6,85.07,1678.61,26.0,0.16,1,0.5,0,1
2557,Noe Sushi Bar,65,5,45.21,351.42,32.0,0.37,1,4.8,1,0
2558,Kobe Sushi,2,5,12.88,253.99,49.0,0.34,0,4.3,0,0
2559,Kobe Sushi,49,5,10.0,173.63,57.0,0.27,1,9.4,1,1
2560,Noe Sushi Bar,22,6,64.42,1520.86,29.0,0.22,0,4.6,0,1
2561,Chef Choy,96,7,33.96,826.14,59.0,0.25,0,15.7,0,0
2562,Noe Sushi Bar,29,7,38.94,566.72,54.0,0.56,0,0.8,1,0
2563,Kobe Sushi,35,12,18.5,416.32,49.0,0.44,0,1.6,1,0
2564,Kobe Sushi,81,9,16.31,296.52,32.0,0.35,0,2.1,1,0
2565,Noe Sushi Bar,76,7,62.15,774.63,44.0,0.28,0,2.3,1,0
2566,Kobe Sushi,24,6,13.0,263.51,45.0,0.43,0,5.5,1,0
2567,Kobe Sushi,94,9,21.12,341.97,55.0,0.39,0,0.8,1,0
2568,Kobe Sushi,108,4,25.88,191.87,52.0,0.28,0,18.0,1,0
2569,Nubori Experience,30,8,75.46,1591.35,68.0,0.24,0,1.1,0,0
2570,Nubori Experience,84,7,67.37,1254.34,62.0,0.66,0,22.1,1,0
2571,Noe Sushi Bar,42,6,52.28,1195.4,39.0,0.33,2,5.6,0,1
2572,Nubori Experience,71,5,96.02,1313.78,65.0,0.15,1,5.0,1,0
2573,Kobe Sushi,106,8,23.67,486.12,41.0,0.3,0,3.7,0,0
2574,Noe Sushi Bar,50,4,44.86,374.61,55.0,0.22,0,3.1,0,1
2575,Kobe Sushi,118,5,20.89,221.76,35.0,0.19,0,0.8,1,0
2576,Noe Sushi Bar,102,6,28.89,323.97,42.0,0.09,1,1.2,1,0
2577,Nubori Experience,71,2,68.72,338.67,48.0,0.33,0,0.5,0,1
2578,Noe Sushi Bar,60,5,41.51,665.01,50.0,0.36,0,6.2,1,0
2579,Kobe Sushi,113,6,10.0,196.87,71.0,0.29,0,1.1,1,0
2580,Noe Sushi Bar,30,8,43.84,1102.17,46.0,0.23,0,12.4,0,0
2581,Kobe Sushi,12,5,11.14,173.96,50.0,0.27,0,0.8,0,0
2582,Nubori Experience,49,7,69.61,1469.87,31.0,0.14,0,3.9,0,0
2583,Noe Sushi Bar,95,4,33.88,440.7,49.0,0.47,0,1.4,1,0
2584,Noe Sushi Bar,82,5,53.95,628.42,51.0,0.25,2,19.4,1,0
2585,Noe Sushi Bar,46,6,38.96,724.87,74.0,0.59,0,4.9,1,0
2586,Noe Sushi Bar,43,8,24.0,484.35,66.0,0.43,0,11.1,1,0
2587,Kobe Sushi,2,4,10.0,105.42,32.0,0.2,0,5.5,0,0
2588,Noe Sushi Bar,117,9,34.13,937.27,20.0,0.21,0,1.4,0,1
2589,Kobe Sushi,97,6,17.44,397.23,35.0,0.1,0,3.8,0,1
2590,Noe Sushi Bar,75,7,25.41,438.82,61.0,0.18,0,2.6,0,0
2591,Nubori Experience,98,3,37.26,393.17,56.0,0.31,0,10.1,1,0
2592,Nubori Experience,80,4,65.06,501.19,26.0,0.34,0,7.1,1,0
2593,Noe Sushi Bar,54,4,26.26,338.37,48.0,0.74,0,18.3,0,0
2594,Noe Sushi Bar,35,8,28.02,895.09,63.0,0.25,0,2.2,0,1
2595,Kobe Sushi,52,10,22.36,700.79,49.0,0.19,0,11.3,0,0
2596,Chef Choy,33,9,30.79,722.82,33.0,0.47,1,1.9,0,1
2597,Kobe Sushi,85,3,15.89,114.12,53.0,0.2,0,5.2,0,0
2598,Noe Sushi Bar,84,5,50.46,562.01,61.0,0.19,0,4.3,0,1
2599,Kobe Sushi,72,6,24.66,530.8,61.0,0.11,0,0.9,1,0
2600,Kobe Sushi,51,5,15.66,207.4,47.0,0.6,0,6.2,1,0
2601,Noe Sushi Bar,26,7,37.17,560.59,61.0,0.5,0,0.6,0,0
2602,Kobe Sushi,97,7,18.53,453.13,66.0,0.21,0,6.1,0,1
2603,Noe Sushi Bar,62,6,60.7,810.25,45.0,0.05,0,3.3,1,0
2604,Kobe Sushi,61,6,16.78,169.48,46.0,0.13,0,8.7,0,1
2605,Kobe Sushi,26,8,17.41,365.77,35.0,0.32,1,1.5,0,1
2606,Noe Sushi Bar,37,4,67.91,1002.74,29.0,0.34,3,3.9,1,0
2607,Kobe Sushi,30,3,11.92,57.13,46.0,0.4,0,11.2,0,0
2608,Kobe Sushi,95,7,17.15,230.4,42.0,0.32,0,8.3,0,0
2609,Noe Sushi Bar,97,7,26.09,503.89,44.0,0.19,0,10.6,0,0
2610,Kobe Sushi,11,9,17.32,478.75,66.0,0.17,0,8.1,0,1
2611,Nubori Experience,53,8,82.61,1296.63,63.0,0.31,0,10.2,0,0
2612,Kobe Sushi,41,6,22.16,414.19,33.0,0.1,0,26.9,0,0
2613,Kobe Sushi,5,4,10.0,67.56,43.0,0.19,0,9.3,0,0
2614,Noe Sushi Bar,66,4,37.93,564.52,30.0,0.13,0,9.2,0,1
2615,Kobe Sushi,13,7,20.03,503.4,64.0,0.42,0,1.7,0,0
2616,Kobe Sushi,63,8,23.77,383.71,57.0,0.44,0,0.5,0,1
2617,Kobe Sushi,82,11,15.6,515.45,57.0,0.29,0,1.3,1,0
2618,Kobe Sushi,90,7,19.45,466.82,57.0,0.54,0,3.3,1,0
2619,Nubori Experience,25,7,45.28,589.41,55.0,0.58,0,3.5,0,0
2620,Kobe Sushi,44,6,21.59,210.8,50.0,0.24,0,1.4,0,1
2621,Chef Choy,14,3,16.91,105.11,35.0,0.25,0,0.5,0,0
2622,Nubori Experience,69,6,68.83,1589.8,42.0,0.37,0,4.9,1,0
2623,Noe Sushi Bar,59,8,55.06,1215.71,29.0,0.36,0,6.8,0,1
2624,Nubori Experience,56,9,68.3,1778.02,40.0,0.73,0,5.9,0,1
2625,Kobe Sushi,106,4,18.94,250.92,43.0,0.23,1,4.3,0,0
2626,Nubori Experience,52,6,93.86,1119.49,41.0,0.11,0,7.6,0,0
2627,Kobe Sushi,66,7,20.41,392.49,46.0,0.58,0,8.6,0,0
2628,Noe Sushi Bar,68,8,49.22,1030.84,24.0,0.72,0,0.6,1,0
2629,Noe Sushi Bar,12,7,45.13,813.89,51.0,0.29,1,12.7,1,0
2630,Kobe Sushi,75,6,10.0,233.4,50.0,0.15,0,0.5,1,1
2631,Noe Sushi Bar,68,5,10.0,188.32,66.0,0.59,1,2.8,1,0
2632,Noe Sushi Bar,43,5,63.27,1137.27,61.0,0.49,0,0.7,1,0
2633,Kobe Sushi,73,6,16.02,201.84,51.0,0.43,0,10.4,1,0
2634,Kobe Sushi,74,6,19.85,457.76,48.0,0.27,0,5.7,1,0
2635,Noe Sushi Bar,91,12,25.93,932.1,41.0,0.15,0,0.5,1,0
2636,Noe Sushi Bar,6,7,61.2,814.49,40.0,0.21,1,9.2,1,0
2637,Nubori Experience,15,5,43.7,413.07,23.0,0.12,0,1.7,0,1
2638,Chef Choy,42,4,19.54,158.44,20.0,0.55,0,30.0,0,0
2639,Nubori Experience,31,6,65.85,841.62,54.0,0.33,0,1.6,1,0
2640,Noe Sushi Bar,86,4,41.05,630.22,49.0,0.13,0,5.4,1,0
2641,Kobe Sushi,53,8,17.53,462.12,51.0,0.19,0,0.8,1,0
2642,Kobe Sushi,6,6,21.67,500.5,44.0,0.69,0,1.0,0,0
2643,Chef Choy,33,4,27.31,276.67,43.0,0.03,2,3.2,0,1
2644,Noe Sushi Bar,29,8,26.23,504.27,37.0,0.27,0,1.3,0,1
2645,Kobe Sushi,21,4,25.08,360.86,45.0,0.02,0,8.9,0,1
2646,Kobe Sushi,54,3,14.65,116.7,35.0,0.19,0,9.8,0,0
2647,Nubori Experience,56,6,63.37,629.91,51.0,0.59,0,0.5,1,0
2648,Noe Sushi Bar,116,2,36.69,132.1,72.0,0.49,0,5.0,0,1
2649,Noe Sushi Bar,94,6,62.07,1193.48,42.0,0.62,0,5.4,1,0
2650,Noe Sushi Bar,21,8,45.6,1331.01,47.0,0.29,0,16.2,1,0
2651,Kobe Sushi,100,5,19.96,239.83,55.0,0.14,2,0.9,1,0
2652,Kobe Sushi,55,6,18.47,277.83,63.0,0.32,1,7.9,0,0
2653,Kobe Sushi,58,7,17.02,240.01,24.0,0.44,0,10.0,0,1
2654,Kobe Sushi,64,5,18.09,359.68,78.0,0.21,2,2.3,0,1
2655,Chef Choy,86,7,34.14,428.95,49.0,0.38,0,1.4,0,1
2656,Noe Sushi Bar,46,9,44.45,1224.54,64.0,0.27,1,0.5,1,0
2657,Nubori Experience,84,6,77.29,1339.6,66.0,0.15,0,6.1,0,0
2658,Nubori Experience,22,6,64.42,645.05,53.0,0.5,0,8.0,0,1
2659,Kobe Sushi,116,4,26.26,338.0,26.0,0.3,0,3.1,1,0
2660,Noe Sushi Bar,60,9,49.33,1428.06,62.0,0.07,0,10.6,0,1
2661,Noe Sushi Bar,104,7,51.97,1354.32,23.0,0.06,0,3.1,0,0
2662,Nubori Experience,11,3,55.16,636.31,29.0,0.47,0,16.7,0,1
2663,Kobe Sushi,47,4,20.22,315.78,35.0,0.46,0,1.8,0,0
2664,Noe Sushi Bar,31,6,46.24,620.71,56.0,0.71,0,6.6,0,0
2665,Noe Sushi Bar,115,6,52.01,556.25,50.0,0.2,0,6.3,1,0
2666,Kobe Sushi,104,9,14.18,216.31,39.0,0.38,1,2.3,0,1
2667,Kobe Sushi,77,4,19.15,169.96,33.0,0.3,0,0.5,0,0
2668,Noe Sushi Bar,18,5,41.52,568.17,20.0,0.42,0,4.9,0,0
2669,Noe Sushi Bar,22,6,50.6,886.94,50.0,0.58,0,3.1,0,0
2670,Kobe Sushi,56,6,20.48,262.4,50.0,0.31,1,1.8,0,1
2671,Noe Sushi Bar,17,5,44.44,786.55,53.0,0.43,0,0.5,0,0
2672,Kobe Sushi,38,5,29.97,324.06,58.0,0.3,0,3.1,1,0
2673,Noe Sushi Bar,25,6,45.14,850.54,28.0,0.11,0,0.5,0,0
2674,Kobe Sushi,32,8,16.95,341.54,34.0,0.56,0,1.9,0,1
2675,Nubori Experience,15,12,93.17,3322.96,66.0,0.75,0,0.9,0,1
2676,Kobe Sushi,13,5,30.87,236.12,47.0,0.07,0,2.4,1,0
2677,Kobe Sushi,58,6,18.44,167.69,47.0,0.39,0,0.9,0,0
2678,Kobe Sushi,90,8,18.5,408.3,58.0,0.12,0,16.1,1,0
2679,Kobe Sushi,50,3,12.48,102.79,30.0,0.24,0,0.5,1,0
2680,Noe Sushi Bar,11,5,22.69,222.35,64.0,0.12,0,12.0,0,0
2681,Kobe Sushi,13,4,14.88,220.68,59.0,0.58,0,0.9,0,0
2682,Nubori Experience,97,5,54.66,681.63,33.0,0.36,0,13.0,0,1
2683,Kobe Sushi,50,6,15.56,191.77,59.0,0.73,0,2.7,0,0
2684,Kobe Sushi,101,11,22.93,564.94,35.0,0.43,0,5.7,1,0
2685,Kobe Sushi,38,7,15.47,185.94,47.0,0.24,0,16.6,0,0
2686,Kobe Sushi,1,4,12.77,187.39,30.0,0.08,0,0.5,0,0
2687,Kobe Sushi,39,4,23.32,245.21,31.0,0.16,0,11.2,1,0
2688,Noe Sushi Bar,27,7,57.45,986.53,91.0,0.66,0,15.4,1,0
2689,Noe Sushi Bar,36,6,22.6,364.16,43.0,0.53,1,5.7,1,0
2690,Noe Sushi Bar,32,15,45.34,1536.81,40.0,0.21,0,7.4,0,1
2691,Noe Sushi Bar,41,5,52.98,758.11,53.0,0.42,1,0.5,0,0
2692,Noe Sushi Bar,15,7,31.69,438.36,40.0,0.25,2,8.2,0,1
2693,Kobe Sushi,31,6,19.77,263.69,36.0,0.1,0,2.9,0,1
2694,Noe Sushi Bar,6,6,51.07,479.5,48.0,0.43,0,4.3,0,1
2695,Nubori Experience,89,5,70.38,635.86,43.0,0.08,0,1.6,0,0
2696,Noe Sushi Bar,113,5,52.65,454.66,33.0,0.18,0,2.7,1,0
2697,Noe Sushi Bar,52,5,48.13,936.82,44.0,0.27,0,3.9,0,1
2698,Kobe Sushi,82,3,17.52,184.17,49.0,0.27,0,3.2,0,1
2699,Chef Choy,22,7,30.97,832.76,20.0,0.1,0,5.2,0,0
2700,Chef Choy,31,3,11.28,125.28,39.0,0.48,0,5.2,1,0
2701,Noe Sushi Bar,100,3,41.49,450.05,51.0,0.32,0,10.8,0,0
2702,Nubori Experience,73,6,55.62,1166.66,53.0,0.48,0,14.3,0,1
2703,Kobe Sushi,46,5,20.2,288.21,36.0,0.25,0,4.5,0,1
2704,Kobe Sushi,67,3,26.93,272.49,45.0,0.34,1,2.9,0,1
2705,Chef Choy,97,5,42.88,690.13,56.0,0.34,0,4.6,0,0
2706,Nubori Experience,91,6,57.97,1053.15,36.0,0.06,1,20.2,0,0
2707,Kobe Sushi,43,6,17.05,373.94,33.0,0.32,0,1.1,1,0
2708,Kobe Sushi,1,8,17.05,538.3,28.0,0.17,2,0.7,0,1
2709,Kobe Sushi,44,11,18.22,770.69,36.0,0.21,0,2.1,0,0
2710,Kobe Sushi,57,6,23.41,287.4,74.0,0.31,0,16.3,0,0
2711,Chef Choy,9,6,18.65,280.63,75.0,0.16,0,5.3,0,1
2712,Noe Sushi Bar,5,7,52.95,658.77,64.0,0.27,0,2.3,0,0
2713,Kobe Sushi,79,8,15.3,227.9,21.0,0.3,0,20.7,0,0
2714,Kobe Sushi,114,7,14.87,283.51,44.0,0.47,0,17.5,0,0
2715,Kobe Sushi,9,6,19.51,333.48,38.0,0.46,1,5.1,0,1
2716,Kobe Sushi,45,10,19.12,529.39,59.0,0.28,0,2.3,0,1
2717,Noe Sushi Bar,92,5,61.22,1143.67,36.0,0.76,0,4.9,0,0
2718,Nubori Experience,77,9,72.83,2348.0,39.0,0.07,0,16.3,0,0
2719,Nubori Experience,24,7,66.18,1453.59,20.0,0.17,0,1.4,0,0
2720,Kobe Sushi,109,7,16.58,246.84,22.0,0.42,2,6.8,1,0
2721,Nubori Experience,74,6,70.49,1439.84,47.0,0.12,1,0.8,1,0
2722,Chef Choy,42,3,17.08,96.69,20.0,0.33,0,1.5,1,0
2723,Chef Choy,22,5,25.53,297.71,41.0,0.02,0,0.8,0,0
2724,Noe Sushi Bar,103,4,46.86,547.47,46.0,0.5,1,4.1,0,0
2725,Kobe Sushi,60,10,13.11,377.14,42.0,0.38,0,2.0,0,1
2726,Kobe Sushi,86,6,16.36,196.65,40.0,0.14,1,5.7,1,0
2727,Kobe Sushi,37,9,18.37,590.68,63.0,0.16,0,13.4,0,1
2728,Kobe Sushi,116,8,20.84,266.98,46.0,0.27,0,0.5,0,0
2729,Kobe Sushi,39,8,16.3,236.89,30.0,0.41,0,2.1,0,1
2730,Noe Sushi Bar,84,5,44.15,656.14,30.0,0.25,0,8.2,1,0
2731,Noe Sushi Bar,74,4,33.15,348.53,40.0,0.28,0,7.8,0,0
2732,Noe Sushi Bar,74,5,27.99,219.9,33.0,0.38,0,0.7,0,1
2733,Kobe Sushi,90,4,30.38,485.27,75.0,0.11,0,5.8,0,0
2734,Nubori Experience,89,5,54.38,1084.6,33.0,0.16,0,3.6,1,0
2735,Nubori Experience,53,5,61.11,739.06,44.0,0.31,0,6.8,0,0
2736,Chef Choy,120,11,18.78,316.54,70.0,0.31,0,2.2,0,1
2737,Nubori Experience,28,6,62.58,1149.7,36.0,0.28,0,4.4,1,1
2738,Noe Sushi Bar,77,10,59.52,1071.93,39.0,0.34,1,1.9,1,0
2739,Nubori Experience,15,10,69.43,2705.79,38.0,0.44,0,4.8,0,0
2740,Kobe Sushi,60,6,18.82,290.96,81.0,0.47,0,1.1,1,0
2741,Kobe Sushi,60,6,15.67,328.51,52.0,0.05,0,7.5,0,1
2742,Kobe Sushi,6,4,21.91,235.64,50.0,0.23,0,4.2,0,0
2743,Kobe Sushi,52,6,15.55,178.33,35.0,0.22,0,2.6,0,0
2744,Kobe Sushi,12,5,22.08,300.89,39.0,0.03,0,5.1,0,0
2745,Noe Sushi Bar,19,6,34.72,765.02,67.0,0.18,0,1.2,1,0
2746,Chef Choy,96,3,20.85,184.03,46.0,0.28,0,3.2,1,0
2747,Noe Sushi Bar,75,8,46.05,1292.46,43.0,0.33,0,5.4,0,1
2748,Kobe Sushi,102,2,10.0,72.13,42.0,0.38,0,1.0,1,0
2749,Nubori Experience,97,4,63.62,469.48,22.0,0.4,0,14.3,0,0
2750,Noe Sushi Bar,2,5,47.32,774.51,39.0,0.34,0,1.0,0,0
2751,Kobe Sushi,55,6,17.4,194.79,66.0,0.03,0,21.6,0,0
2752,Noe Sushi Bar,15,6,50.02,818.12,30.0,0.16,0,7.0,0,1
2753,Kobe Sushi,64,7,24.86,492.95,52.0,0.12,0,1.8,1,0
2754,Kobe Sushi,100,8,21.27,463.54,43.0,0.08,1,6.7,0,0
2755,Nubori Experience,69,6,72.53,982.88,53.0,0.64,0,3.5,0,0
2756,Kobe Sushi,15,7,24.61,659.56,27.0,0.31,0,10.0,1,0
2757,Noe Sushi Bar,43,6,52.09,804.47,40.0,0.39,0,12.6,1,0
2758,Nubori Experience,74,9,83.09,2486.6,44.0,0.32,0,9.4,0,0
2759,Noe Sushi Bar,17,3,42.51,327.3,63.0,0.11,0,1.9,0,1
2760,Kobe Sushi,98,8,21.89,468.57,58.0,0.13,0,2.4,0,1
2761,Kobe Sushi,116,11,13.75,341.68,41.0,0.28,0,6.4,0,1
2762,Kobe Sushi,24,3,24.01,157.66,33.0,0.29,0,30.0,0,0
2763,Noe Sushi Bar,74,3,50.9,298.6,48.0,0.28,0,8.8,0,0
2764,Noe Sushi Bar,116,7,42.67,489.11,46.0,0.2,0,0.5,0,1
2765,Kobe Sushi,30,7,14.43,337.93,51.0,0.06,0,7.3,0,0
2766,Nubori Experience,67,5,47.61,509.75,44.0,0.28,0,1.4,1,0
2767,Noe Sushi Bar,51,3,40.13,479.3,55.0,0.21,0,4.5,1,0
2768,Kobe Sushi,60,11,11.51,475.04,20.0,0.47,0,3.8,1,0
2769,Noe Sushi Bar,101,5,49.2,804.58,55.0,0.12,0,15.6,0,1
2770,Noe Sushi Bar,3,3,38.93,409.1,48.0,0.21,0,0.5,0,1
2771,Kobe Sushi,104,3,10.0,108.15,20.0,0.51,0,0.8,1,0
2772,Kobe Sushi,5,3,18.11,137.94,38.0,0.42,2,0.9,0,0
2773,Nubori Experience,28,6,59.7,981.16,57.0,0.26,0,2.8,0,1
2774,Noe Sushi Bar,108,5,56.46,509.04,62.0,0.45,1,15.8,0,0
2775,Noe Sushi Bar,78,5,60.34,626.65,52.0,0.52,0,4.1,1,0
2776,Noe Sushi Bar,103,8,35.39,651.39,41.0,0.53,3,2.3,1,0
2777,Kobe Sushi,11,7,27.5,312.06,43.0,0.23,0,0.7,0,0
2778,Kobe Sushi,72,8,14.4,353.46,38.0,0.28,0,1.6,1,0
2779,Noe Sushi Bar,101,5,45.07,715.21,38.0,0.12,0,0.5,0,0
2780,Kobe Sushi,72,7,17.3,223.71,21.0,0.49,0,9.0,0,1
2781,Kobe Sushi,76,5,15.18,129.23,61.0,0.34,0,1.5,1,0
2782,Nubori Experience,15,6,72.9,1567.29,49.0,0.17,0,1.5,0,0
2783,Nubori Experience,83,5,86.6,1570.69,33.0,0.31,0,6.6,0,0
2784,Chef Choy,48,7,36.71,699.47,51.0,0.47,0,7.7,0,0
2785,Nubori Experience,46,5,68.13,1334.94,55.0,0.21,0,9.4,0,1
2786,Kobe Sushi,28,8,21.08,432.37,45.0,0.3,0,0.5,0,1
2787,Nubori Experience,7,6,65.06,644.06,20.0,0.72,1,1.1,0,1
2788,Kobe Sushi,104,10,14.58,385.44,57.0,0.49,0,6.4,0,1
2789,Nubori Experience,71,6,71.73,1444.46,47.0,0.27,0,1.3,1,0
2790,Nubori Experience,94,2,64.01,454.61,23.0,0.11,0,0.5,0,1
2791,Noe Sushi Bar,82,5,54.49,955.16,44.0,0.23,0,2.2,1,0
2792,Nubori Experience,88,7,57.7,646.59,62.0,0.23,0,15.9,1,0
2793,Noe Sushi Bar,6,9,42.9,1528.27,20.0,0.24,0,0.5,0,1
2794,Kobe Sushi,58,3,12.84,62.71,39.0,0.29,0,5.7,1,0
2795,Noe Sushi Bar,115,8,60.01,825.02,32.0,0.14,0,6.4,0,0
2796,Noe Sushi Bar,68,6,64.5,692.98,59.0,0.22,0,0.7,0,1
2797,Kobe Sushi,55,6,23.17,534.93,46.0,0.38,0,5.5,0,1
2798,Noe Sushi Bar,67,7,38.17,725.63,57.0,0.16,0,17.5,0,0
2799,Nubori Experience,49,7,71.75,1739.35,79.0,0.52,3,7.2,1,0
2800,Kobe Sushi,118,10,27.63,511.03,53.0,0.05,0,9.1,1,0
2801,Chef Choy,51,9,23.34,503.62,20.0,0.25,1,0.5,0,0
2802,Nubori Experience,59,9,40.88,1096.81,53.0,0.56,0,19.9,1,0
2803,Nubori Experience,111,7,57.63,1408.62,33.0,0.39,0,6.9,0,1
2804,Nubori Experience,6,3,33.58,391.43,48.0,0.44,0,0.5,0,1
2805,Noe Sushi Bar,90,5,51.14,997.44,25.0,0.72,0,3.1,0,1
2806,Nubori Experience,108,5,64.7,960.72,39.0,0.17,2,0.8,1,0
2807,Chef Choy,51,7,28.51,761.89,46.0,0.37,0,5.3,0,0
2808,Kobe Sushi,38,11,28.67,480.25,33.0,0.51,0,1.2,0,1
2809,Noe Sushi Bar,11,7,55.26,1465.68,36.0,0.15,0,3.5,0,0
2810,Noe Sushi Bar,52,8,51.11,867.8,60.0,0.1,0,30.0,0,0
2811,Kobe Sushi,93,5,16.0,165.9,43.0,0.39,0,2.8,0,0
2812,Noe Sushi Bar,20,8,42.23,1318.13,41.0,0.29,0,5.4,0,0
2813,Noe Sushi Bar,10,5,57.76,1101.82,50.0,0.28,0,15.1,0,0
2814,Kobe Sushi,26,7,20.56,457.53,30.0,0.29,0,2.5,0,0
2815,Noe Sushi Bar,48,10,44.51,1425.64,37.0,0.38,0,8.6,0,1
2816,Chef Choy,91,5,21.8,170.51,43.0,0.25,0,0.9,0,0
2817,Noe Sushi Bar,114,5,30.71,595.27,38.0,0.21,0,13.1,0,0
2818,Kobe Sushi,14,3,18.23,146.44,58.0,0.1,2,5.9,0,1
2819,Kobe Sushi,100,7,18.8,205.61,51.0,0.4,3,2.5,1,0
2820,Kobe Sushi,59,4,10.0,87.57,57.0,0.26,0,12.1,0,0
2821,Nubori Experience,12,2,59.19,298.74,68.0,0.25,0,2.2,0,0
2822,Kobe Sushi,116,5,17.13,140.12,57.0,0.33,0,15.0,0,0
2823,Noe Sushi Bar,23,5,53.48,564.28,88.0,0.61,0,2.3,0,0
2824,Kobe Sushi,85,10,30.34,748.51,41.0,0.44,0,26.6,0,0
2825,Kobe Sushi,72,4,20.0,188.91,36.0,0.33,1,11.4,1,0
2826,Nubori Experience,39,7,69.93,1312.59,39.0,0.32,0,11.3,1,0
2827,Noe Sushi Bar,9,7,64.76,1447.81,29.0,0.51,0,11.6,0,0
2828,Kobe Sushi,88,3,12.54,131.17,36.0,0.29,0,6.4,0,0
2829,Noe Sushi Bar,95,2,52.98,304.48,64.0,0.56,0,18.0,1,0
2830,Kobe Sushi,25,8,13.34,208.01,60.0,0.19,0,8.2,0,0
2831,Noe Sushi Bar,17,6,49.25,886.49,51.0,0.29,0,3.1,0,0
2832,Noe Sushi Bar,42,6,75.96,1507.14,20.0,0.36,0,7.2,0,0
2833,Kobe Sushi,29,11,16.74,501.88,32.0,0.27,0,3.1,0,1
2834,Kobe Sushi,60,9,21.35,753.25,47.0,0.24,0,11.5,1,0
2835,Kobe Sushi,67,6,13.24,263.57,50.0,0.59,0,0.6,0,1
2836,Nubori Experience,85,5,59.59,925.01,39.0,0.58,0,9.9,1,0
2837,Nubori Experience,57,4,72.16,445.34,20.0,0.2,0,8.0,0,0
2838,Kobe Sushi,72,5,16.25,164.26,43.0,0.34,0,2.1,0,1
2839,Chef Choy,14,7,26.93,604.19,26.0,0.66,0,1.9,0,1
2840,Kobe Sushi,39,5,22.92,364.42,59.0,0.08,0,0.5,0,1
2841,Kobe Sushi,16,4,18.46,130.63,20.0,0.16,0,0.7,1,0
2842,Chef Choy,18,7,26.2,702.88,43.0,0.19,0,0.5,0,1
2843,Nubori Experience,95,6,50.12,716.67,30.0,0.19,0,2.1,0,1
2844,Nubori Experience,75,4,74.68,900.66,57.0,0.29,1,7.7,0,0
2845,Noe Sushi Bar,102,6,39.03,805.94,56.0,0.31,0,0.5,0,0
2846,Kobe Sushi,20,2,14.51,104.45,53.0,0.31,1,9.2,0,0
2847,Chef Choy,117,4,16.63,120.56,25.0,0.09,0,6.3,0,0
2848,Kobe Sushi,46,5,25.0,280.6,20.0,0.56,0,0.5,0,0
2849,Noe Sushi Bar,117,8,43.61,1035.6,56.0,0.37,0,20.2,1,0
2850,Kobe Sushi,45,4,23.5,187.48,68.0,0.51,0,4.2,1,0
2851,Noe Sushi Bar,4,5,50.64,961.93,61.0,0.25,0,6.2,0,0
2852,Kobe Sushi,84,8,18.1,324.27,56.0,0.24,0,0.5,1,0
2853,Kobe Sushi,95,7,28.22,433.53,62.0,0.43,0,17.6,0,1
2854,Nubori Experience,20,5,61.82,682.3,30.0,0.25,0,4.1,0,1
2855,Kobe Sushi,11,3,16.97,105.09,63.0,0.32,0,1.2,0,0
2856,Noe Sushi Bar,114,7,31.37,778.18,57.0,0.58,0,0.5,0,1
2857,Kobe Sushi,65,8,12.84,208.6,30.0,0.41,0,3.8,0,0
2858,Kobe Sushi,108,4,18.09,120.86,49.0,0.29,0,0.7,1,0
2859,Kobe Sushi,18,5,18.09,235.84,59.0,0.56,1,0.5,0,0
2860,Kobe Sushi,39,4,21.76,293.28,33.0,0.35,0,6.9,0,1
2861,Nubori Experience,44,9,77.91,2555.14,54.0,0.28,0,6.7,0,0
2862,Kobe Sushi,97,4,16.39,257.43,39.0,0.26,0,1.3,0,0
2863,Nubori Experience,118,8,104.11,2120.11,46.0,0.08,1,0.5,1,0
2864,Noe Sushi Bar,100,8,58.87,1182.6,33.0,0.2,0,1.9,1,0
2865,Noe Sushi Bar,18,5,49.57,939.42,40.0,0.13,0,0.7,0,1
2866,Noe Sushi Bar,47,5,26.67,495.19,28.0,0.35,0,2.0,1,0
2867,Noe Sushi Bar,31,6,47.17,708.05,52.0,0.31,0,4.1,0,1
2868,Chef Choy,99,3,23.1,239.88,64.0,0.15,0,14.0,1,0
2869,Kobe Sushi,39,9,18.55,641.82,61.0,0.24,0,1.1,0,1
2870,Kobe Sushi,38,7,14.83,362.55,44.0,0.36,0,7.5,0,1
2871,Nubori Experience,79,7,73.94,2034.22,42.0,0.49,0,14.6,1,0
2872,Nubori Experience,47,8,53.99,1459.13,46.0,0.74,0,2.5,0,0
2873,Nubori Experience,70,7,79.12,1474.94,52.0,0.42,0,1.3,1,0
2874,Noe Sushi Bar,8,8,43.91,1059.35,20.0,0.26,0,3.0,0,0
2875,Chef Choy,104,2,23.29,143.03,35.0,0.21,0,0.5,0,0
2876,Noe Sushi Bar,86,9,40.82,1013.73,27.0,0.32,3,19.2,1,0
2877,Noe Sushi Bar,65,4,43.87,289.65,63.0,0.18,0,2.7,0,0
2878,Kobe Sushi,13,3,14.3,144.33,47.0,0.74,0,6.3,0,0
2879,Noe Sushi Bar,55,11,53.52,1182.97,35.0,0.72,0,4.9,0,0
2880,Kobe Sushi,88,6,18.8,334.49,28.0,0.04,0,0.5,0,1
2881,Kobe Sushi,85,3,24.49,134.57,51.0,0.32,0,5.2,1,0
2882,Nubori Experience,109,7,77.17,967.67,27.0,0.13,1,9.5,1,0
2883,Kobe Sushi,43,6,14.84,325.77,50.0,0.52,0,4.8,0,0
2884,Kobe Sushi,4,8,19.75,357.55,56.0,0.16,0,3.1,0,0
2885,Kobe Sushi,71,3,24.17,244.83,65.0,0.08,1,18.8,1,1
2886,Nubori Experience,60,5,45.36,860.12,48.0,0.65,0,0.5,0,0
2887,Noe Sushi Bar,12,5,42.09,396.86,52.0,0.29,0,6.5,0,0
2888,Noe Sushi Bar,59,1,59.37,89.91,58.0,0.57,0,16.1,0,0
2889,Nubori Experience,77,3,65.23,304.66,65.0,0.28,0,2.3,1,0
2890,Nubori Experience,54,1,95.91,246.06,51.0,0.09,0,15.6,0,0
2891,Kobe Sushi,44,4,20.02,300.72,48.0,0.46,0,8.7,1,0
2892,Noe Sushi Bar,16,5,33.98,439.33,36.0,0.61,0,0.5,1,0
2893,Chef Choy,6,9,24.3,579.5,50.0,0.18,0,1.4,1,0
2894,Noe Sushi Bar,14,4,58.22,741.92,40.0,0.06,0,5.0,0,0
2895,Kobe Sushi,115,7,15.45,431.07,79.0,0.54,0,1.3,1,0
2896,Nubori Experience,112,7,40.76,751.56,37.0,0.51,0,2.7,0,1
2897,Noe Sushi Bar,58,4,47.24,290.62,69.0,0.23,0,7.5,0,1
2898,Kobe Sushi,31,4,19.3,167.1,48.0,0.26,0,2.4,1,0
2899,Noe Sushi Bar,100,11,20.08,730.44,27.0,0.3,0,6.8,1,0
2900,Kobe Sushi,101,5,22.49,314.58,41.0,0.35,0,6.6,0,0
2901,Kobe Sushi,41,6,10.0,146.8,97.0,0.16,1,4.0,1,0
2902,Chef Choy,120,6,31.25,404.66,28.0,0.75,0,5.5,0,1
2903,Kobe Sushi,35,5,18.3,226.13,40.0,0.68,1,1.6,1,0
2904,Noe Sushi Bar,118,6,20.68,238.07,36.0,0.25,0,2.3,0,0
2905,Noe Sushi Bar,10,8,47.6,759.42,45.0,0.04,0,3.0,1,0
2906,Kobe Sushi,81,5,20.59,288.58,50.0,0.36,0,3.0,1,0
2907,Nubori Experience,115,6,76.91,1788.98,81.0,0.64,0,1.2,1,0
2908,Kobe Sushi,106,3,11.42,113.65,20.0,0.23,0,15.7,0,0
2909,Kobe Sushi,30,9,15.31,323.87,28.0,0.43,0,25.0,0,0
2910,Kobe Sushi,44,7,18.23,315.11,20.0,0.17,0,8.9,0,1
2911,Kobe Sushi,55,10,16.64,400.18,32.0,0.14,2,14.5,0,0
2912,Kobe Sushi,71,5,22.46,351.52,34.0,0.15,0,10.8,0,1
2913,Noe Sushi Bar,18,6,47.02,1017.77,47.0,0.46,0,0.5,0,0
2914,Nubori Experience,83,6,60.17,1019.7,22.0,0.19,0,2.7,0,0
2915,Kobe Sushi,79,11,10.72,242.32,30.0,0.23,0,9.2,0,0
2916,Noe Sushi Bar,103,4,53.3,789.66,49.0,0.12,0,8.2,0,1
2917,Noe Sushi Bar,108,5,52.25,451.63,48.0,0.37,0,5.8,0,0
2918,Nubori Experience,86,8,64.69,1083.48,51.0,0.47,0,4.2,1,0
2919,Noe Sushi Bar,39,9,36.29,894.98,38.0,0.44,0,0.5,0,1
2920,Kobe Sushi,42,6,10.78,121.36,48.0,0.8,1,0.5,0,0
2921,Kobe Sushi,120,8,15.72,364.83,30.0,0.17,2,5.8,0,0
2922,Noe Sushi Bar,54,6,40.44,563.42,41.0,0.19,0,1.2,0,0
2923,Nubori Experience,30,7,66.23,1149.09,39.0,0.14,1,2.7,0,1
2924,Kobe Sushi,20,6,21.01,330.22,48.0,0.2,0,9.4,1,0
2925,Kobe Sushi,96,5,17.4,278.52,60.0,0.18,0,8.8,0,1
2926,Nubori Experience,42,11,66.55,1383.66,45.0,0.39,0,3.4,1,0
2927,Nubori Experience,89,9,78.06,2753.99,85.0,0.23,0,4.6,0,1
2928,Nubori Experience,87,4,84.79,658.05,25.0,0.59,0,2.8,0,0
2929,Chef Choy,5,3,23.44,146.16,41.0,0.45,0,15.1,0,0
2930,Kobe Sushi,50,7,24.66,259.67,58.0,0.57,0,7.0,0,0
2931,Noe Sushi Bar,41,5,39.91,780.26,55.0,0.29,0,5.7,0,0
2932,Noe Sushi Bar,94,7,30.25,552.15,62.0,0.55,1,12.9,0,0
2933,Kobe Sushi,112,3,16.74,145.05,57.0,0.64,0,9.6,0,0
2934,Noe Sushi Bar,39,4,54.11,857.5,27.0,0.26,0,3.5,0,0
2935,Noe Sushi Bar,57,7,43.54,1095.92,37.0,0.27,0,0.5,0,1
2936,Kobe Sushi,91,9,17.59,604.97,44.0,0.25,0,8.2,0,1
2937,Chef Choy,57,4,29.81,417.43,29.0,0.43,1,5.5,1,0
2938,Noe Sushi Bar,106,7,59.39,1293.71,62.0,0.57,0,1.9,0,1
2939,Nubori Experience,37,8,85.27,1616.68,38.0,0.36,0,1.8,0,0
2940,Kobe Sushi,7,4,18.96,154.79,48.0,0.14,1,3.7,0,0
2941,Kobe Sushi,5,5,18.37,235.02,51.0,0.15,1,16.4,0,1
2942,Noe Sushi Bar,79,6,36.91,801.26,36.0,0.25,0,0.5,0,0
2943,Kobe Sushi,51,10,11.66,459.13,22.0,0.27,0,7.2,0,0
2944,Noe Sushi Bar,106,5,24.29,464.6,38.0,0.41,0,16.1,0,0
2945,Chef Choy,8,6,16.78,260.43,40.0,0.07,0,0.8,0,0
2946,Kobe Sushi,56,12,17.73,419.68,29.0,0.35,3,2.0,0,0
2947,Noe Sushi Bar,73,7,35.26,609.45,44.0,0.68,1,5.7,1,0
2948,Noe Sushi Bar,11,6,43.97,1029.67,34.0,0.7,0,8.5,1,0
2949,Kobe Sushi,22,10,10.91,414.87,44.0,0.42,0,0.5,0,1
2950,Nubori Experience,98,6,53.44,831.25,60.0,0.16,1,14.9,1,0
2951,Nubori Experience,99,4,57.37,444.66,31.0,0.32,0,13.3,1,0
2952,Noe Sushi Bar,77,3,68.24,737.77,40.0,0.38,0,3.4,1,0
2953,Noe Sushi Bar,11,5,45.28,708.43,50.0,0.34,0,2.2,0,1
2954,Noe Sushi Bar,60,2,56.49,244.37,28.0,0.37,0,14.2,0,0
2955,Nubori Experience,96,8,62.64,1711.83,35.0,0.45,0,4.4,0,1
2956,Noe Sushi Bar,106,3,39.96,464.69,58.0,0.33,0,3.6,1,0
2957,Noe Sushi Bar,15,5,37.29,366.43,59.0,0.3,0,1.7,0,0
2958,Nubori Experience,38,5,56.62,565.04,48.0,0.47,0,15.8,0,1
2959,Kobe Sushi,1,3,21.1,209.61,51.0,0.57,0,5.2,0,0
2960,Nubori Experience,46,7,20.85,246.28,30.0,0.41,0,17.0,1,0
2961,Kobe Sushi,114,6,19.21,327.7,31.0,0.27,3,5.4,1,0
2962,Kobe Sushi,88,7,14.57,241.28,24.0,0.35,0,4.0,1,0
2963,Kobe Sushi,43,6,16.84,205.5,28.0,0.19,0,2.7,0,0
2964,Nubori Experience,104,4,68.97,631.77,42.0,0.33,0,3.3,0,1
2965,Nubori Experience,22,5,76.59,1245.81,40.0,0.41,1,2.8,0,0
2966,Noe Sushi Bar,3,10,60.18,1497.14,37.0,0.32,0,7.0,0,0
2967,Noe Sushi Bar,14,6,33.3,722.53,61.0,0.51,1,7.4,0,1
2968,Noe Sushi Bar,2,4,41.15,593.61,36.0,0.11,0,13.8,0,1
2969,Nubori Experience,61,5,81.44,1268.5,65.0,0.72,0,3.9,1,0
2970,Noe Sushi Bar,32,9,49.11,1345.88,47.0,0.22,3,2.5,1,0
2971,Kobe Sushi,112,12,23.03,466.65,52.0,0.36,2,2.7,1,0
2972,Kobe Sushi,38,6,25.68,538.02,55.0,0.48,0,16.8,0,0
2973,Chef Choy,97,6,17.6,400.07,26.0,0.16,1,1.6,0,0
2974,Noe Sushi Bar,46,4,46.38,668.24,43.0,0.44,0,8.3,0,1
2975,Kobe Sushi,42,4,11.0,90.66,38.0,0.32,0,11.5,1,0
2976,Kobe Sushi,6,2,15.82,60.85,48.0,0.63,0,1.0,1,0
2977,Nubori Experience,41,5,93.31,1174.8,54.0,0.53,0,7.2,0,1
2978,Kobe Sushi,103,5,14.61,277.76,59.0,0.46,0,15.8,1,1
2979,Noe Sushi Bar,25,5,46.01,717.26,27.0,0.17,2,2.2,1,1
2980,Nubori Experience,98,7,87.11,1572.55,60.0,0.27,2,0.5,1,0
2981,Noe Sushi Bar,11,7,53.13,746.86,56.0,0.59,0,20.6,0,0
2982,Kobe Sushi,110,3,11.12,115.24,46.0,0.29,2,6.7,1,0
2983,Noe Sushi Bar,101,6,62.04,1275.58,31.0,0.49,0,0.5,0,1
2984,Nubori Experience,41,6,73.4,954.32,60.0,0.53,0,0.5,0,1
2985,Noe Sushi Bar,71,7,38.95,863.38,55.0,0.21,0,5.0,0,1
2986,Nubori Experience,57,8,71.9,1229.48,47.0,0.49,1,13.3,1,0
2987,Kobe Sushi,46,11,17.51,664.74,54.0,0.27,0,5.8,0,0
2988,Noe Sushi Bar,112,5,38.57,303.37,31.0,0.43,0,0.8,0,1
2989,Noe Sushi Bar,86,7,63.3,1641.84,42.0,0.3,0,6.0,1,0
2990,Nubori Experience,48,8,86.02,1967.43,25.0,0.18,0,3.0,0,0
2991,Kobe Sushi,63,4,17.91,142.71,42.0,0.22,0,16.9,0,1
2992,Nubori Experience,39,4,48.0,572.07,65.0,0.11,0,2.8,0,1
2993,Noe Sushi Bar,10,6,33.03,657.09,45.0,0.71,0,12.9,0,0
2994,Kobe Sushi,85,6,17.02,341.86,20.0,0.35,0,7.7,0,1
2995,Kobe Sushi,70,5,24.74,479.45,30.0,0.5,0,0.5,0,0
2996,Nubori Experience,113,7,48.71,841.57,24.0,0.14,0,10.0,0,0
2997,Kobe Sushi,65,6,22.1,484.96,57.0,0.08,0,11.7,0,0
2998,Kobe Sushi,98,5,21.13,170.32,48.0,0.18,0,1.2,0,0
2999,Kobe Sushi,59,8,23.72,430.13,35.0,0.24,0,2.4,0,1
3000,Nubori Experience,78,6,45.76,769.07,27.0,0.34,0,1.7,0,0
3001,Noe Sushi Bar,36,5,41.87,764.9,40.0,0.54,0,2.9,0,1
3002,Chef Choy,27,8,20.16,438.15,45.0,0.34,0,4.6,0,1
3003,Kobe Sushi,73,7,23.1,483.96,42.0,0.24,0,3.6,0,0
3004,Noe Sushi Bar,55,6,23.68,296.1,25.0,0.0,2,7.4,0,1
3005,Noe Sushi Bar,70,5,67.01,741.62,60.0,0.22,0,5.2,0,1
3006,Nubori Experience,95,8,104.44,2705.76,40.0,0.51,0,2.7,1,0
3007,Nubori Experience,81,5,72.99,1459.57,34.0,0.62,0,24.4,0,0
3008,Kobe Sushi,53,9,10.0,336.88,51.0,0.39,0,1.2,0,0
3009,Noe Sushi Bar,107,2,39.88,273.72,55.0,0.32,0,0.5,0,1
3010,Kobe Sushi,60,9,27.44,468.01,41.0,0.62,1,9.3,0,1
3011,Noe Sushi Bar,61,2,42.62,299.63,43.0,0.25,0,1.1,0,1
3012,Kobe Sushi,36,7,13.47,321.25,33.0,0.5,0,10.8,0,0
3013,Kobe Sushi,85,3,14.35,74.47,65.0,0.31,0,1.1,1,0
3014,Kobe Sushi,27,7,25.05,365.65,41.0,0.27,0,11.0,1,0
3015,Noe Sushi Bar,41,7,30.09,497.99,65.0,0.49,0,3.3,0,1
3016,Kobe Sushi,28,7,15.65,341.89,22.0,0.13,0,28.3,0,0
3017,Noe Sushi Bar,16,4,47.86,434.42,38.0,0.36,0,5.9,1,0
3018,Noe Sushi Bar,35,7,72.6,911.26,50.0,0.35,0,5.0,1,0
3019,Kobe Sushi,36,6,22.46,217.16,44.0,0.15,0,13.7,0,0
3020,Chef Choy,56,2,25.22,160.37,33.0,0.42,0,1.1,0,0
3021,Kobe Sushi,99,9,24.75,439.58,63.0,0.43,0,9.1,0,1
3022,Noe Sushi Bar,109,5,35.21,641.21,82.0,0.4,0,11.8,1,0
3023,Noe Sushi Bar,19,5,51.77,1024.09,20.0,0.34,0,1.7,1,0
3024,Kobe Sushi,57,4,10.25,96.58,50.0,0.11,0,11.3,0,1
3025,Kobe Sushi,85,6,10.74,244.25,41.0,0.45,1,0.5,0,1
3026,Kobe Sushi,33,6,19.52,359.47,50.0,0.66,0,2.4,0,1
3027,Nubori Experience,23,4,47.43,492.31,29.0,0.41,1,15.3,0,1
3028,Noe Sushi Bar,119,7,10.54,118.65,20.0,0.26,0,20.3,1,0
3029,Noe Sushi Bar,63,2,41.79,207.64,43.0,0.03,0,2.4,0,0
3030,Noe Sushi Bar,70,4,38.28,551.95,30.0,0.25,0,2.1,1,0
3031,Kobe Sushi,96,8,25.67,720.88,38.0,0.59,1,7.8,1,0
3032,Noe Sushi Bar,22,4,52.17,818.72,41.0,0.5,0,6.8,0,0
3033,Chef Choy,67,6,22.9,454.85,59.0,0.18,0,12.1,0,1
3034,Kobe Sushi,99,6,15.41,287.74,67.0,0.19,0,2.0,0,1
3035,Kobe Sushi,80,5,10.0,150.22,46.0,0.29,0,10.8,1,0
3036,Kobe Sushi,106,7,20.29,262.87,42.0,0.23,0,17.6,0,0
3037,Noe Sushi Bar,59,3,28.78,140.51,56.0,0.22,0,24.5,0,0
3038,Nubori Experience,25,4,60.5,637.45,28.0,0.19,0,23.7,0,0
3039,Kobe Sushi,17,8,17.98,534.79,50.0,0.2,2,8.9,1,0
3040,Noe Sushi Bar,39,1,38.33,148.89,38.0,0.55,0,4.0,0,1
3041,Kobe Sushi,77,6,12.88,293.56,28.0,0.31,0,8.0,0,1
3042,Nubori Experience,92,6,55.15,669.34,48.0,0.29,0,2.1,0,1
3043,Kobe Sushi,75,5,14.92,231.88,65.0,0.21,1,1.4,0,1
3044,Noe Sushi Bar,74,3,45.59,501.64,31.0,0.4,0,5.1,0,1
3045,Noe Sushi Bar,39,6,53.75,490.03,44.0,0.24,0,0.5,0,1
3046,Noe Sushi Bar,24,7,37.93,469.65,35.0,0.46,0,0.8,0,1
3047,Noe Sushi Bar,38,5,53.07,1008.28,41.0,0.42,0,28.8,0,0
3048,Kobe Sushi,88,7,14.94,410.24,52.0,0.51,0,4.9,1,0
3049,Kobe Sushi,97,9,23.45,318.61,26.0,0.36,0,0.5,0,0
3050,Kobe Sushi,81,5,11.93,137.35,57.0,0.23,1,6.9,0,0
3051,Kobe Sushi,57,5,10.0,176.65,37.0,0.3,0,1.9,0,1
3052,Noe Sushi Bar,44,7,18.35,217.62,48.0,0.21,0,2.4,0,0
3053,Kobe Sushi,36,12,17.12,554.27,22.0,0.41,0,3.4,0,1
3054,Kobe Sushi,99,7,15.05,407.26,39.0,0.15,0,0.7,0,1
3055,Noe Sushi Bar,70,11,53.82,1850.82,30.0,0.51,0,3.2,1,0
3056,Nubori Experience,80,5,36.18,682.91,44.0,0.59,0,0.5,0,1
3057,Noe Sushi Bar,45,4,35.07,450.24,25.0,0.54,0,10.7,0,1
3058,Kobe Sushi,92,10,19.4,773.58,52.0,0.32,0,13.4,0,0
3059,Kobe Sushi,105,13,14.97,379.37,37.0,0.29,2,3.0,1,0
3060,Nubori Experience,96,6,53.66,491.91,73.0,0.13,0,1.1,0,0
3061,Kobe Sushi,26,5,26.95,251.06,46.0,0.15,0,1.3,0,1
3062,Kobe Sushi,11,7,21.04,414.96,48.0,0.26,0,26.1,0,0
3063,Noe Sushi Bar,52,5,48.78,557.61,54.0,0.6,0,1.4,1,0
3064,Noe Sushi Bar,25,6,13.43,141.46,64.0,0.14,0,4.8,0,0
3065,Noe Sushi Bar,31,6,51.51,509.71,47.0,0.36,0,2.6,1,0
3066,Kobe Sushi,85,4,16.99,106.0,35.0,0.6,0,2.1,1,0
3067,Kobe Sushi,45,7,21.14,259.18,67.0,0.19,0,1.9,0,0
3068,Nubori Experience,119,3,60.82,599.57,41.0,0.41,0,0.5,0,1
3069,Kobe Sushi,115,7,18.11,441.58,49.0,0.31,0,7.8,0,0
3070,Noe Sushi Bar,67,8,33.01,898.32,23.0,0.3,0,6.0,0,0
3071,Noe Sushi Bar,76,4,33.57,395.54,53.0,0.16,0,2.2,0,1
3072,Noe Sushi Bar,115,6,42.93,721.19,40.0,0.41,0,2.4,1,0
3073,Kobe Sushi,40,5,17.68,353.56,42.0,0.22,0,0.8,1,0
3074,Kobe Sushi,46,7,19.28,506.02,58.0,0.44,0,14.7,0,0
3075,Noe Sushi Bar,54,6,31.24,428.09,20.0,0.54,1,7.9,0,0
3076,Nubori Experience,41,4,63.85,532.03,70.0,0.31,0,7.8,1,0
3077,Nubori Experience,89,7,79.84,1352.05,44.0,0.34,0,5.8,0,0
3078,Kobe Sushi,120,5,15.34,211.89,59.0,0.37,0,8.9,0,1
3079,Kobe Sushi,81,12,12.26,323.73,35.0,0.53,0,2.6,0,1
3080,Nubori Experience,38,6,59.74,1017.81,36.0,0.17,0,5.4,0,1
3081,Noe Sushi Bar,100,11,31.24,972.81,26.0,0.48,0,6.0,0,0
3082,Nubori Experience,36,5,56.72,609.22,47.0,0.11,3,5.1,1,0
3083,Kobe Sushi,83,10,10.0,169.06,74.0,0.56,0,5.5,1,0
3084,Noe Sushi Bar,44,5,54.84,726.19,62.0,0.44,0,6.1,0,0
3085,Noe Sushi Bar,57,7,58.86,1093.04,57.0,0.04,0,5.9,0,0
3086,Noe Sushi Bar,66,6,41.74,386.43,49.0,0.01,0,3.6,0,0
3087,Noe Sushi Bar,81,6,64.14,1280.72,47.0,0.37,3,10.8,1,1
3088,Kobe Sushi,30,5,13.5,162.65,45.0,0.35,0,10.2,0,1
3089,Noe Sushi Bar,111,4,42.03,490.98,31.0,0.32,0,11.7,0,0
3090,Kobe Sushi,10,9,15.36,212.09,22.0,0.6,0,4.7,0,1
3091,Noe Sushi Bar,99,13,42.19,956.42,76.0,0.18,0,7.7,1,0
3092,Nubori Experience,61,10,65.09,1499.73,47.0,0.11,1,2.4,0,0
3093,Kobe Sushi,63,6,17.49,411.04,62.0,0.14,0,6.9,0,0
3094,Nubori Experience,116,6,37.1,830.79,37.0,0.23,2,6.7,1,0
3095,Kobe Sushi,36,1,17.0,67.04,48.0,0.14,0,5.8,1,0
3096,Noe Sushi Bar,54,4,58.74,610.07,49.0,0.12,0,6.0,1,0
3097,Nubori Experience,97,5,59.77,465.71,27.0,0.52,0,10.9,1,0
3098,Kobe Sushi,65,6,18.28,282.51,20.0,0.63,0,9.5,1,0
3099,Kobe Sushi,82,7,14.73,266.13,23.0,0.4,0,5.4,1,0
3100,Noe Sushi Bar,4,10,48.76,1923.29,51.0,0.5,0,2.0,0,0
3101,Kobe Sushi,55,7,14.1,176.81,40.0,0.54,0,1.7,0,0
3102,Noe Sushi Bar,54,5,48.33,430.24,20.0,0.27,0,11.6,0,1
3103,Nubori Experience,111,7,66.13,1171.64,41.0,0.63,0,1.2,0,1
3104,Noe Sushi Bar,91,6,33.43,634.51,42.0,0.48,0,7.4,0,0
3105,Kobe Sushi,89,7,21.71,538.89,41.0,0.51,0,3.3,0,1
3106,Noe Sushi Bar,64,10,42.8,1332.61,55.0,0.53,0,2.5,1,0
3107,Noe Sushi Bar,119,9,44.91,1517.68,44.0,0.4,0,2.3,0,0
3108,Kobe Sushi,92,9,15.81,338.96,71.0,0.43,1,3.6,1,1
3109,Noe Sushi Bar,117,4,28.45,362.99,56.0,0.27,0,3.9,0,1
3110,Noe Sushi Bar,22,9,28.65,723.32,55.0,0.31,0,3.1,0,0
3111,Noe Sushi Bar,106,5,35.7,380.76,59.0,0.34,1,11.2,1,0
3112,Kobe Sushi,25,6,21.63,387.74,23.0,0.21,0,0.5,0,1
3113,Noe Sushi Bar,81,10,46.39,1539.05,61.0,0.46,0,7.9,1,0
3114,Kobe Sushi,59,4,25.1,371.7,51.0,0.3,1,1.6,0,1
3115,Kobe Sushi,57,2,13.53,86.91,46.0,0.23,0,4.1,0,0
3116,Nubori Experience,54,5,77.48,1248.02,41.0,0.17,0,8.7,0,1
3117,Noe Sushi Bar,44,5,34.05,289.32,48.0,0.21,0,6.6,0,1
3118,Kobe Sushi,52,6,20.41,293.46,20.0,0.64,0,4.6,0,1
3119,Kobe Sushi,76,2,19.05,107.37,66.0,0.1,0,2.1,1,0
3120,Kobe Sushi,16,6,20.26,370.42,40.0,0.16,1,1.1,0,1
3121,Kobe Sushi,101,1,20.29,51.69,60.0,0.33,0,4.2,0,0
3122,Kobe Sushi,16,3,23.73,268.77,53.0,0.22,0,0.5,0,1
3123,Kobe Sushi,81,4,23.24,171.06,56.0,0.39,2,3.9,1,0
3124,Noe Sushi Bar,55,5,54.62,932.86,38.0,0.3,1,1.0,0,0
3125,Noe Sushi Bar,61,4,50.04,545.3,50.0,0.58,0,2.2,0,1
3126,Noe Sushi Bar,95,7,30.63,353.16,32.0,0.19,0,5.0,0,0
3127,Noe Sushi Bar,79,7,62.18,920.91,22.0,0.3,1,3.6,1,1
3128,Kobe Sushi,77,4,19.62,150.8,37.0,0.72,0,19.3,0,1
3129,Nubori Experience,40,4,64.18,411.19,59.0,0.7,0,2.1,0,1
3130,Nubori Experience,91,3,56.88,522.07,37.0,0.26,0,1.1,0,0
3131,Nubori Experience,21,7,76.92,1487.22,22.0,0.36,0,6.2,1,1
3132,Nubori Experience,66,4,70.25,938.79,29.0,0.24,0,0.8,0,1
3133,Nubori Experience,8,4,61.9,475.53,73.0,0.33,0,8.5,0,1
3134,Noe Sushi Bar,106,5,56.45,1099.79,32.0,0.22,0,14.7,1,0
3135,Kobe Sushi,71,8,21.31,362.07,51.0,0.35,3,5.7,1,0
3136,Noe Sushi Bar,10,4,66.62,917.53,24.0,0.43,0,3.4,0,0
3137,Noe Sushi Bar,57,8,50.61,1601.58,70.0,0.25,0,1.7,0,1
3138,Noe Sushi Bar,4,5,44.3,411.6,69.0,0.32,0,2.7,1,0
3139,Noe Sushi Bar,43,4,33.56,245.57,23.0,0.27,0,10.1,1,0
3140,Kobe Sushi,105,8,13.29,329.43,59.0,0.17,2,6.6,0,0
3141,Kobe Sushi,100,10,20.73,810.99,47.0,0.15,0,0.5,0,1
3142,Nubori Experience,99,5,74.35,716.89,51.0,0.2,1,7.8,0,1
3143,Noe Sushi Bar,63,7,47.04,741.75,54.0,0.21,1,3.6,0,1
3144,Noe Sushi Bar,43,6,63.07,774.92,37.0,0.24,0,0.8,0,1
3145,Kobe Sushi,67,7,19.3,411.94,54.0,0.74,2,1.0,0,1
3146,Kobe Sushi,82,5,19.48,239.35,57.0,0.55,0,4.1,0,0
3147,Nubori Experience,51,7,60.81,1467.81,54.0,0.09,0,0.5,0,1
3148,Noe Sushi Bar,110,6,27.48,461.93,42.0,0.32,0,3.0,0,0
3149,Chef Choy,56,7,29.38,631.17,75.0,0.7,0,23.0,0,0
3150,Noe Sushi Bar,43,4,57.12,421.68,68.0,0.29,0,1.2,1,0
3151,Noe Sushi Bar,24,7,40.06,563.43,39.0,0.34,0,1.0,1,0
3152,Kobe Sushi,96,6,17.89,424.12,29.0,0.16,0,0.8,0,1
3153,Noe Sushi Bar,34,5,43.68,656.82,39.0,0.01,0,6.3,0,0
3154,Noe Sushi Bar,59,8,31.39,932.0,81.0,0.34,0,0.8,0,1
3155,Noe Sushi Bar,2,4,38.2,338.88,20.0,0.53,0,16.1,0,1
3156,Noe Sushi Bar,2,7,29.99,491.31,23.0,0.38,0,2.9,1,1
3157,Nubori Experience,10,8,82.42,1082.46,47.0,0.26,0,2.9,0,1
3158,Kobe Sushi,23,7,10.0,262.52,42.0,0.52,0,19.1,0,0
3159,Nubori Experience,15,7,47.13,615.63,82.0,0.64,0,3.9,1,0
3160,Kobe Sushi,118,8,25.15,462.93,47.0,0.18,0,3.5,0,1
3161,Noe Sushi Bar,76,2,49.49,249.48,52.0,0.49,0,4.3,0,0
3162,Kobe Sushi,107,4,17.4,246.78,64.0,0.06,1,2.2,1,0
3163,Kobe Sushi,17,5,17.92,274.67,45.0,0.32,1,0.5,0,0
3164,Noe Sushi Bar,82,10,42.51,663.28,38.0,0.69,0,1.0,0,1
3165,Kobe Sushi,14,7,12.09,213.64,43.0,0.28,2,6.6,1,0
3166,Noe Sushi Bar,81,8,33.51,1063.09,29.0,0.27,0,0.7,0,1
3167,Nubori Experience,79,4,61.66,819.98,39.0,0.46,0,0.5,1,0
3168,Kobe Sushi,76,5,11.52,117.83,62.0,0.5,0,10.7,0,1
3169,Chef Choy,16,6,36.11,853.84,57.0,0.62,1,3.4,1,0
3170,Noe Sushi Bar,32,5,33.78,531.41,54.0,0.14,0,4.2,0,1
3171,Noe Sushi Bar,23,8,35.18,645.34,26.0,0.41,0,2.6,1,0
3172,Kobe Sushi,102,5,16.23,298.7,66.0,0.17,0,6.3,1,0
3173,Kobe Sushi,34,7,21.49,265.99,58.0,0.06,0,2.1,0,1
3174,Kobe Sushi,98,4,18.9,147.17,41.0,0.58,0,0.5,1,0
3175,Kobe Sushi,16,2,16.19,59.34,60.0,0.64,0,6.1,0,1
3176,Kobe Sushi,34,6,10.0,182.87,52.0,0.23,0,1.4,0,0
3177,Noe Sushi Bar,104,6,49.41,869.03,47.0,0.3,0,15.5,0,1
3178,Nubori Experience,71,7,45.94,997.48,49.0,0.48,0,8.2,0,1
3179,Nubori Experience,33,8,66.07,1610.47,74.0,0.32,0,0.5,0,0
3180,Noe Sushi Bar,68,7,34.43,910.54,52.0,0.21,1,10.0,0,1
3181,Kobe Sushi,43,7,11.07,137.74,65.0,0.21,0,3.6,0,0
3182,Kobe Sushi,64,4,14.92,152.99,60.0,0.24,1,1.5,0,1
3183,Kobe Sushi,116,3,22.07,126.21,39.0,0.41,0,0.9,0,0
3184,Kobe Sushi,71,7,13.59,189.82,58.0,0.19,0,13.8,0,0
3185,Noe Sushi Bar,18,5,48.32,953.25,52.0,0.65,0,2.5,0,1
3186,Noe Sushi Bar,68,5,51.87,585.38,42.0,0.45,0,0.5,0,1
3187,Kobe Sushi,113,6,19.8,412.77,31.0,0.74,0,0.5,0,1
3188,Kobe Sushi,61,3,12.64,77.72,37.0,0.28,0,1.1,1,1
3189,Nubori Experience,75,9,89.14,1292.64,38.0,0.4,0,0.5,1,0
3190,Chef Choy,107,7,34.54,529.86,35.0,0.16,1,2.6,0,1
3191,Kobe Sushi,20,2,23.57,178.45,50.0,0.31,2,6.3,0,0
3192,Nubori Experience,11,7,66.64,912.31,46.0,0.06,0,0.5,1,0
3193,Nubori Experience,79,2,70.43,534.4,36.0,0.13,0,3.5,0,1
3194,Kobe Sushi,46,10,10.0,207.42,59.0,0.53,0,0.5,0,1
3195,Kobe Sushi,64,7,25.15,287.88,52.0,0.42,0,7.3,1,0
3196,Noe Sushi Bar,81,6,30.84,291.25,44.0,0.31,1,3.5,0,1
3197,Nubori Experience,98,6,58.37,727.21,48.0,0.47,1,5.6,1,0
3198,Nubori Experience,114,4,59.23,449.23,44.0,0.06,0,2.3,1,0
3199,Kobe Sushi,112,4,15.5,94.8,52.0,0.22,0,1.8,0,0
3200,Kobe Sushi,76,6,25.78,439.74,91.0,0.18,0,5.2,0,0
3201,Noe Sushi Bar,106,6,49.72,826.68,25.0,0.67,0,2.1,0,0
3202,Noe Sushi Bar,28,8,50.55,1237.42,43.0,0.39,1,1.5,0,1
3203,Kobe Sushi,48,5,16.32,320.77,41.0,0.56,0,0.5,0,1
3204,Nubori Experience,35,7,71.39,1917.99,47.0,0.41,0,1.2,1,0
3205,Noe Sushi Bar,8,3,61.61,315.36,29.0,0.35,0,9.8,1,0
3206,Nubori Experience,91,7,65.88,1807.78,41.0,0.5,0,19.6,0,0
3207,Nubori Experience,22,5,63.33,990.7,67.0,0.36,0,0.5,1,0
3208,Noe Sushi Bar,118,6,42.43,987.16,50.0,0.46,1,30.0,0,0
3209,Noe Sushi Bar,24,7,70.83,1159.45,56.0,0.51,0,7.9,0,1
3210,Noe Sushi Bar,66,12,54.32,1721.62,73.0,0.09,0,6.4,0,1
3211,Kobe Sushi,95,8,20.49,476.37,36.0,0.37,0,2.8,1,0
3212,Noe Sushi Bar,86,9,46.66,1047.94,41.0,0.55,0,19.9,0,1
3213,Kobe Sushi,64,4,23.86,187.37,50.0,0.26,0,3.8,0,1
3214,Noe Sushi Bar,65,9,52.52,1724.52,33.0,0.6,0,5.8,0,1
3215,Kobe Sushi,14,7,31.08,722.46,66.0,0.23,0,1.8,0,1
3216,Kobe Sushi,25,6,14.74,345.13,42.0,0.14,0,2.6,0,0
3217,Kobe Sushi,100,5,11.05,153.16,51.0,0.16,0,0.9,0,0
3218,Kobe Sushi,100,10,25.82,721.57,26.0,0.41,0,0.8,1,0
3219,Noe Sushi Bar,105,3,59.53,496.29,33.0,0.25,0,2.0,0,1
3220,Noe Sushi Bar,3,5,64.44,626.87,47.0,0.23,0,2.3,0,1
3221,Noe Sushi Bar,5,9,16.78,519.55,48.0,0.3,0,6.8,1,1
3222,Kobe Sushi,65,9,15.91,343.7,42.0,0.2,0,6.0,0,1
3223,Kobe Sushi,54,7,10.01,239.21,61.0,0.35,0,1.4,1,0
3224,Kobe Sushi,19,4,21.62,311.71,32.0,0.74,1,7.0,1,0
3225,Kobe Sushi,97,9,17.2,323.25,20.0,0.54,1,14.3,0,0
3226,Nubori Experience,106,9,52.2,753.0,42.0,0.28,1,12.3,1,0
3227,Kobe Sushi,54,7,27.15,461.48,20.0,0.63,0,0.7,0,0
3228,Kobe Sushi,94,8,17.66,539.52,65.0,0.34,0,0.5,0,1
3229,Kobe Sushi,76,5,25.85,402.75,41.0,0.28,0,8.2,0,0
3230,Kobe Sushi,10,6,12.13,157.93,52.0,0.35,0,0.9,0,1
3231,Noe Sushi Bar,98,7,51.13,1033.05,49.0,0.29,0,8.7,1,0
3232,Noe Sushi Bar,16,7,56.32,1523.52,20.0,0.54,0,3.1,0,1
3233,Kobe Sushi,104,4,11.32,121.82,38.0,0.3,0,3.3,0,1
3234,Kobe Sushi,46,3,17.89,85.68,31.0,0.65,0,13.6,0,0
3235,Kobe Sushi,29,10,19.99,566.22,44.0,0.78,0,7.6,0,1
3236,Kobe Sushi,15,11,14.84,368.02,48.0,0.61,0,5.8,0,1
3237,Kobe Sushi,48,5,14.63,180.52,65.0,0.55,0,6.1,1,0
3238,Nubori Experience,11,10,58.68,2213.85,31.0,0.21,0,10.6,0,1
3239,Noe Sushi Bar,108,9,38.67,1074.59,77.0,0.59,0,14.8,1,0
3240,Noe Sushi Bar,34,5,44.67,438.88,39.0,0.45,0,2.4,1,0
3241,Noe Sushi Bar,36,7,54.66,640.65,58.0,0.52,0,13.0,1,0
3242,Noe Sushi Bar,30,5,39.71,471.02,43.0,0.36,0,8.3,1,0
3243,Noe Sushi Bar,99,3,53.31,605.57,52.0,0.49,0,1.2,0,0
3244,Noe Sushi Bar,73,5,44.28,761.28,22.0,0.04,0,1.7,0,1
3245,Noe Sushi Bar,82,9,59.22,1295.06,27.0,0.21,0,4.4,0,1
3246,Kobe Sushi,19,6,21.19,487.46,39.0,0.2,0,6.9,0,0
3247,Noe Sushi Bar,103,3,31.69,346.15,44.0,0.54,0,0.5,1,0
3248,Noe Sushi Bar,68,5,36.21,479.78,41.0,0.35,0,0.5,0,1
3249,Nubori Experience,70,5,85.19,872.1,20.0,0.54,0,0.8,0,0
3250,Noe Sushi Bar,115,4,42.03,294.84,51.0,0.52,0,23.1,1,0
3251,Noe Sushi Bar,33,10,57.65,2015.21,41.0,0.46,0,4.3,0,1
3252,Kobe Sushi,96,5,29.52,291.58,59.0,0.17,0,5.1,0,0
3253,Noe Sushi Bar,80,8,35.1,667.91,71.0,0.61,0,0.5,0,1
3254,Kobe Sushi,75,5,19.21,351.12,20.0,0.34,0,2.9,0,1
3255,Kobe Sushi,22,8,21.67,605.54,37.0,0.18,0,4.4,0,0
3256,Kobe Sushi,36,9,10.0,156.79,56.0,0.31,0,1.6,1,0
3257,Noe Sushi Bar,114,6,40.63,834.27,59.0,0.25,0,3.8,1,0
3258,Kobe Sushi,23,7,22.79,615.34,46.0,0.26,1,2.0,0,0
3259,Kobe Sushi,63,3,15.77,175.75,32.0,0.15,0,2.6,0,1
3260,Nubori Experience,26,3,64.77,448.58,52.0,0.38,0,4.3,0,1
3261,Kobe Sushi,60,6,18.45,439.25,25.0,0.04,0,23.7,0,1
3262,Noe Sushi Bar,95,9,60.48,979.45,50.0,0.1,0,2.6,0,1
3263,Noe Sushi Bar,93,6,33.89,741.46,47.0,0.27,0,9.0,0,0
3264,Kobe Sushi,5,6,13.05,173.26,55.0,0.19,1,0.9,1,0
3265,Chef Choy,54,6,28.19,333.33,37.0,0.07,0,0.8,0,0
3266,Kobe Sushi,38,5,15.99,310.93,61.0,0.28,0,0.5,0,1
3267,Noe Sushi Bar,62,10,29.56,996.39,62.0,0.09,0,1.3,0,1
3268,Noe Sushi Bar,25,8,36.12,858.74,64.0,0.19,0,0.5,0,0
3269,Noe Sushi Bar,98,6,29.5,461.66,27.0,0.07,0,1.9,0,0
3270,Noe Sushi Bar,12,6,43.48,777.85,50.0,0.2,2,2.2,0,0
3271,Kobe Sushi,22,10,10.28,268.94,48.0,0.72,0,19.7,0,0
3272,Kobe Sushi,9,5,22.64,374.66,31.0,0.15,0,1.9,0,1
3273,Noe Sushi Bar,84,6,34.1,745.1,40.0,0.35,0,3.9,0,0
3274,Noe Sushi Bar,29,5,36.24,272.09,22.0,0.23,0,4.5,0,0
3275,Nubori Experience,44,3,61.67,730.81,20.0,0.78,0,5.9,1,0
3276,Nubori Experience,93,9,93.39,2113.74,60.0,0.32,0,12.2,0,1
3277,Nubori Experience,109,6,75.56,823.48,57.0,0.37,1,0.5,1,0
3278,Noe Sushi Bar,27,6,20.36,381.9,55.0,0.25,0,4.8,0,1
3279,Kobe Sushi,118,9,18.08,251.32,54.0,0.31,1,3.2,1,0
3280,Chef Choy,55,7,19.57,477.46,56.0,0.43,0,2.8,0,1
3281,Noe Sushi Bar,81,6,27.36,628.55,51.0,0.05,1,8.1,1,0
3282,Kobe Sushi,5,9,21.89,507.88,43.0,0.37,1,0.8,0,1
3283,Nubori Experience,52,7,74.11,1901.22,36.0,0.45,0,2.2,0,0
3284,Nubori Experience,109,9,83.32,1171.52,20.0,0.54,0,6.1,0,1
3285,Noe Sushi Bar,13,3,64.23,525.67,22.0,0.09,1,3.7,1,0
3286,Kobe Sushi,42,8,17.45,462.04,38.0,0.35,0,6.3,1,1
3287,Kobe Sushi,15,6,20.12,186.91,35.0,0.06,1,0.5,0,1
3288,Nubori Experience,79,3,71.85,439.11,48.0,0.16,0,6.5,0,1
3289,Nubori Experience,18,8,39.17,1212.22,89.0,0.76,0,18.2,0,0
3290,Kobe Sushi,50,2,12.41,75.28,34.0,0.31,0,1.6,0,1
3291,Kobe Sushi,2,2,15.18,119.61,57.0,0.36,0,3.5,0,0
3292,Nubori Experience,87,4,48.53,318.31,42.0,0.15,0,3.2,0,1
3293,Kobe Sushi,107,8,24.81,634.26,53.0,0.18,0,2.9,0,0
3294,Noe Sushi Bar,13,10,55.63,1333.42,46.0,0.37,0,18.5,0,1
3295,Nubori Experience,107,2,54.63,382.75,71.0,0.16,0,3.8,0,0
3296,Kobe Sushi,68,3,21.47,170.52,44.0,0.38,0,3.7,1,0
3297,Noe Sushi Bar,47,4,28.61,452.0,29.0,0.41,1,1.2,1,0
3298,Kobe Sushi,118,10,19.5,692.7,32.0,0.65,0,0.6,1,0
3299,Kobe Sushi,119,3,11.75,63.13,20.0,0.83,0,3.0,1,1
3300,Nubori Experience,89,6,63.29,647.67,44.0,0.15,0,4.1,1,0
3301,Noe Sushi Bar,75,6,23.08,414.13,42.0,0.7,0,2.0,1,0
3302,Nubori Experience,50,3,47.32,321.77,37.0,0.38,0,15.1,0,0
3303,Noe Sushi Bar,112,3,40.51,322.27,60.0,0.51,1,0.5,1,0
3304,Kobe Sushi,106,6,18.77,269.96,52.0,0.46,0,7.0,0,1
3305,Kobe Sushi,12,4,13.32,198.65,33.0,0.12,0,3.0,0,1
3306,Kobe Sushi,13,7,12.17,149.05,36.0,0.41,0,12.0,0,1
3307,Kobe Sushi,9,2,12.33,45.84,48.0,0.25,2,3.4,1,0
3308,Kobe Sushi,59,10,21.29,457.76,57.0,0.23,0,1.3,0,1
3309,Kobe Sushi,117,5,19.83,285.74,24.0,0.61,3,0.5,0,1
3310,Noe Sushi Bar,45,7,44.93,477.73,58.0,0.34,0,0.6,1,0
3311,Noe Sushi Bar,102,5,40.69,379.99,33.0,0.33,1,0.7,0,1
3312,Noe Sushi Bar,70,4,57.35,735.4,58.0,0.37,0,6.1,1,0
3313,Noe Sushi Bar,107,4,61.87,677.75,50.0,0.24,0,3.3,0,0
3314,Kobe Sushi,115,2,22.79,175.7,24.0,0.13,2,11.4,1,0
3315,Kobe Sushi,43,8,19.95,570.5,38.0,0.17,0,8.1,0,0
3316,Noe Sushi Bar,74,7,38.15,835.4,51.0,0.24,0,6.8,0,1
3317,Noe Sushi Bar,23,9,56.43,1420.47,27.0,0.54,0,15.3,0,0
3318,Kobe Sushi,79,7,15.78,369.41,27.0,0.35,0,20.4,1,0
3319,Nubori Experience,45,7,74.09,1783.73,39.0,0.03,0,0.9,0,0
3320,Chef Choy,23,4,23.22,361.8,48.0,0.22,0,1.8,0,0
3321,Noe Sushi Bar,104,4,49.8,687.8,70.0,0.44,0,7.1,1,0
3322,Kobe Sushi,101,4,22.82,294.13,58.0,0.4,1,7.9,0,0
3323,Chef Choy,34,11,37.31,1562.63,43.0,0.19,0,0.5,0,0
3324,Noe Sushi Bar,16,12,34.93,636.36,53.0,0.14,0,4.7,0,1
3325,Chef Choy,63,7,32.06,887.61,69.0,0.13,0,19.5,0,1
3326,Chef Choy,109,6,25.74,423.16,48.0,0.47,0,8.3,0,0
3327,Nubori Experience,51,8,67.16,1804.55,20.0,0.25,2,0.5,1,0
3328,Noe Sushi Bar,105,5,45.66,607.19,61.0,0.5,0,0.5,0,1
3329,Kobe Sushi,111,7,20.68,556.86,70.0,0.24,1,2.2,1,0
3330,Noe Sushi Bar,32,10,40.81,1417.5,53.0,0.22,0,4.9,0,1
3331,Noe Sushi Bar,38,9,37.04,599.34,59.0,0.49,0,4.0,0,0
3332,Noe Sushi Bar,104,2,34.8,132.61,43.0,0.34,0,11.3,0,0
3333,Kobe Sushi,56,8,13.07,404.63,50.0,0.41,0,7.7,0,1
3334,Kobe Sushi,110,8,22.56,505.27,36.0,0.25,0,8.4,0,0
3335,Nubori Experience,69,5,81.97,760.4,45.0,0.33,0,0.5,0,1
3336,Noe Sushi Bar,17,7,42.27,1000.89,26.0,0.17,0,4.5,0,1
3337,Nubori Experience,86,7,87.63,1652.69,67.0,0.15,0,0.5,0,0
3338,Chef Choy,39,3,19.58,117.71,20.0,0.5,0,1.9,1,0
3339,Noe Sushi Bar,41,6,21.95,305.17,51.0,0.15,0,3.3,0,1
3340,Noe Sushi Bar,48,6,55.82,606.71,38.0,0.58,1,10.1,0,1
3341,Nubori Experience,82,7,75.96,1682.72,33.0,0.24,0,2.6,0,0
3342,Noe Sushi Bar,28,9,40.44,1220.8,45.0,0.16,0,8.4,1,0
3343,Noe Sushi Bar,77,4,32.53,200.64,32.0,0.07,2,1.9,1,0
3344,Kobe Sushi,50,5,20.99,332.55,20.0,0.45,0,13.5,1,0
3345,Noe Sushi Bar,106,6,48.22,662.16,47.0,0.06,0,6.5,1,0
3346,Noe Sushi Bar,1,7,57.17,1542.47,52.0,0.23,0,30.0,0,0
3347,Kobe Sushi,117,6,17.96,221.25,45.0,0.54,0,0.5,0,0
3348,Kobe Sushi,50,6,24.71,366.23,62.0,0.36,0,0.5,1,1
3349,Kobe Sushi,19,7,15.57,427.23,26.0,0.44,0,7.1,0,0
3350,Kobe Sushi,98,10,18.17,554.26,28.0,0.3,0,0.5,0,1
3351,Kobe Sushi,59,7,15.63,196.28,50.0,0.36,0,1.5,0,0
3352,Noe Sushi Bar,68,8,33.15,588.58,38.0,0.23,0,10.2,0,0
3353,Nubori Experience,107,7,62.1,1268.32,61.0,0.31,0,5.2,0,0
3354,Noe Sushi Bar,67,7,32.52,692.14,56.0,0.59,0,0.5,0,0
3355,Kobe Sushi,41,8,22.14,283.48,27.0,0.16,0,4.0,0,1
3356,Kobe Sushi,10,3,16.79,162.19,48.0,0.53,0,8.3,0,1
3357,Noe Sushi Bar,28,9,56.14,1134.38,58.0,0.29,2,7.7,0,1
3358,Kobe Sushi,34,4,13.35,126.48,25.0,0.34,0,6.8,0,1
3359,Nubori Experience,39,4,57.09,681.6,62.0,0.48,1,2.7,0,0
3360,Noe Sushi Bar,111,5,43.77,636.14,43.0,0.25,0,18.3,0,1
3361,Chef Choy,83,9,26.35,460.4,20.0,0.35,0,4.6,1,0
3362,Kobe Sushi,106,6,27.04,452.9,49.0,0.4,0,7.5,0,1
3363,Noe Sushi Bar,56,6,37.51,716.61,49.0,0.22,0,5.1,0,1
3364,Kobe Sushi,52,10,21.73,684.53,84.0,0.05,0,4.2,0,1
3365,Nubori Experience,110,4,89.91,607.91,55.0,0.51,0,5.3,0,1
3366,Noe Sushi Bar,100,7,24.55,560.17,57.0,0.63,0,6.2,0,1
3367,Kobe Sushi,107,9,18.58,402.8,42.0,0.49,0,9.8,0,1
3368,Kobe Sushi,3,12,17.61,507.0,53.0,0.46,0,20.9,0,0
3369,Kobe Sushi,23,5,22.49,430.94,23.0,0.18,0,7.7,0,0
3370,Noe Sushi Bar,17,7,26.68,691.19,49.0,0.42,0,0.9,0,0
3371,Kobe Sushi,71,5,15.66,179.87,44.0,0.55,0,6.1,1,0
3372,Noe Sushi Bar,26,5,36.41,411.87,54.0,0.26,0,9.9,1,0
3373,Kobe Sushi,107,8,20.14,290.12,49.0,0.23,0,9.4,1,0
3374,Noe Sushi Bar,18,9,53.18,844.72,27.0,0.32,0,10.4,0,1
3375,Nubori Experience,110,4,53.65,375.4,46.0,0.49,0,19.0,0,0
3376,Chef Choy,46,6,20.94,237.26,70.0,0.65,0,13.1,1,0
3377,Chef Choy,70,5,41.37,341.88,57.0,0.27,1,8.1,1,0
3378,Kobe Sushi,31,3,19.93,143.68,33.0,0.22,0,8.5,0,1
3379,Kobe Sushi,93,9,17.52,497.01,20.0,0.7,0,7.4,1,0
3380,Noe Sushi Bar,9,3,58.17,547.17,60.0,0.1,0,1.8,0,0
3381,Kobe Sushi,118,6,19.87,267.99,45.0,0.42,0,5.2,0,0
3382,Noe Sushi Bar,35,1,33.51,69.03,20.0,0.46,0,0.5,0,0
3383,Kobe Sushi,81,4,17.68,128.5,48.0,0.55,0,3.0,0,1
3384,Kobe Sushi,60,12,13.55,436.87,46.0,0.25,0,2.7,0,1
3385,Kobe Sushi,76,5,10.29,130.93,41.0,0.08,0,3.9,0,0
3386,Nubori Experience,63,7,66.28,1587.1,31.0,0.38,0,5.6,0,0
3387,Kobe Sushi,100,6,13.86,322.32,48.0,0.23,0,2.9,0,0
3388,Noe Sushi Bar,52,7,49.27,1099.04,35.0,0.1,0,0.5,0,1
3389,Kobe Sushi,48,9,27.47,526.54,63.0,0.23,0,8.6,0,0
3390,Noe Sushi Bar,61,7,39.16,465.69,44.0,0.14,0,9.6,0,1
3391,Kobe Sushi,24,6,19.78,291.99,20.0,0.33,0,0.5,1,1
3392,Nubori Experience,74,10,83.82,2390.6,59.0,0.07,0,0.8,0,1
3393,Nubori Experience,58,4,66.51,1017.63,44.0,0.79,0,2.6,1,0
3394,Kobe Sushi,64,5,11.0,161.73,53.0,0.56,2,10.2,1,0
3395,Nubori Experience,30,7,45.96,919.45,59.0,0.39,0,15.0,0,0
3396,Nubori Experience,29,8,56.29,1175.6,43.0,0.36,1,4.3,0,1
3397,Nubori Experience,103,6,68.07,818.17,56.0,0.54,0,9.9,1,0
3398,Nubori Experience,10,4,64.17,409.37,36.0,0.47,0,2.2,0,0
3399,Kobe Sushi,39,5,24.37,200.18,37.0,0.22,0,11.4,0,0
3400,Noe Sushi Bar,55,4,54.6,579.3,28.0,0.32,0,9.8,0,0
3401,Kobe Sushi,28,4,17.35,173.91,58.0,0.13,1,3.6,0,0
3402,Kobe Sushi,18,3,25.39,248.25,33.0,0.13,0,12.5,0,1
3403,Nubori Experience,41,5,94.29,1788.58,40.0,0.3,0,3.5,0,0
3404,Kobe Sushi,118,3,21.64,210.07,47.0,0.41,0,3.4,1,0
3405,Noe Sushi Bar,114,4,35.7,484.78,60.0,0.37,0,9.2,0,0
3406,Nubori Experience,81,4,51.22,592.73,42.0,0.53,1,22.5,0,0
3407,Nubori Experience,75,9,68.85,1419.66,42.0,0.4,0,1.2,0,0
3408,Nubori Experience,65,5,87.13,1181.47,20.0,0.14,0,8.2,1,0
3409,Kobe Sushi,81,7,19.93,267.97,70.0,0.36,0,5.9,0,1
3410,Kobe Sushi,100,7,17.74,313.84,53.0,0.33,0,2.2,0,1
3411,Noe Sushi Bar,100,7,25.31,574.19,45.0,0.35,0,17.9,0,1
3412,Kobe Sushi,46,2,13.52,65.2,35.0,0.3,0,5.9,1,0
3413,Kobe Sushi,60,4,11.7,115.89,58.0,0.09,0,0.5,0,1
3414,Kobe Sushi,9,5,14.0,257.42,63.0,0.62,0,4.9,0,1
3415,Chef Choy,45,4,16.19,199.66,39.0,0.38,0,8.1,0,1
3416,Noe Sushi Bar,60,6,40.47,379.1,43.0,0.28,0,6.6,0,0
3417,Kobe Sushi,28,10,14.66,229.96,56.0,0.32,2,13.7,1,0
3418,Noe Sushi Bar,112,7,64.89,1519.86,36.0,0.32,0,0.5,1,0
3419,Kobe Sushi,97,5,24.35,472.39,22.0,0.36,1,4.1,1,0
3420,Kobe Sushi,3,8,18.31,561.2,37.0,0.85,0,1.1,0,0
3421,Chef Choy,51,5,23.74,184.19,61.0,0.16,0,0.6,1,0
3422,Noe Sushi Bar,8,8,38.11,785.04,33.0,0.41,0,4.1,1,0
3423,Chef Choy,114,5,18.72,233.43,37.0,0.38,0,4.0,0,0
3424,Kobe Sushi,70,3,22.08,126.07,34.0,0.39,1,1.7,0,1
3425,Nubori Experience,59,9,51.75,1433.61,28.0,0.49,0,25.5,0,0
3426,Noe Sushi Bar,116,4,33.02,247.7,40.0,0.3,2,11.0,1,0
3427,Noe Sushi Bar,61,5,45.27,673.9,26.0,0.18,0,9.9,0,1
3428,Noe Sushi Bar,58,11,31.11,1154.16,63.0,0.39,0,0.5,1,1
3429,Nubori Experience,70,7,66.61,1069.07,42.0,0.47,0,3.1,1,0
3430,Noe Sushi Bar,93,4,18.13,153.92,29.0,0.4,1,0.5,0,1
3431,Noe Sushi Bar,101,3,32.54,192.1,33.0,0.72,0,0.5,0,0
3432,Nubori Experience,12,3,90.63,604.6,30.0,0.32,1,1.2,0,1
3433,Chef Choy,9,4,24.74,151.96,24.0,0.45,0,5.4,0,1
3434,Noe Sushi Bar,105,7,37.89,738.07,79.0,0.53,0,0.5,0,1
3435,Noe Sushi Bar,49,8,40.02,1088.91,20.0,0.09,0,4.0,0,1
3436,Kobe Sushi,83,4,20.96,187.14,42.0,0.23,1,18.0,0,0
3437,Kobe Sushi,17,6,14.61,256.93,58.0,0.69,0,20.0,0,0
3438,Noe Sushi Bar,54,6,20.04,358.1,56.0,0.1,0,4.0,0,0
3439,Nubori Experience,112,7,79.6,1069.53,65.0,0.09,0,1.0,0,1
3440,Nubori Experience,44,6,68.2,1172.07,39.0,0.24,0,0.5,0,0
3441,Kobe Sushi,32,7,21.9,259.29,30.0,0.48,0,2.4,0,1
3442,Noe Sushi Bar,35,7,19.91,395.15,35.0,0.16,1,6.0,0,1
3443,Kobe Sushi,78,8,27.25,868.69,31.0,0.38,0,10.0,0,1
3444,Nubori Experience,49,3,50.56,379.52,33.0,0.08,1,24.7,0,0
3445,Nubori Experience,54,9,72.4,1488.71,66.0,0.33,0,4.4,0,1
3446,Noe Sushi Bar,16,5,63.0,633.67,30.0,0.14,0,4.5,0,1
3447,Nubori Experience,85,5,46.71,815.77,30.0,0.39,0,1.0,0,1
3448,Noe Sushi Bar,12,7,31.74,586.9,39.0,0.04,0,3.2,0,0
3449,Noe Sushi Bar,88,5,41.44,723.18,61.0,0.2,0,15.7,1,0
3450,Kobe Sushi,98,6,24.81,564.16,56.0,0.43,0,1.6,0,1
3451,Noe Sushi Bar,8,9,47.77,1575.1,52.0,0.26,0,3.9,0,0
3452,Noe Sushi Bar,108,7,33.4,849.16,35.0,0.38,0,4.8,0,0
3453,Noe Sushi Bar,21,6,47.39,580.66,20.0,0.53,0,8.9,0,1
3454,Kobe Sushi,48,5,18.46,263.9,29.0,0.38,0,2.8,0,1
3455,Nubori Experience,8,6,68.35,1233.43,46.0,0.34,0,7.1,0,1
3456,Kobe Sushi,28,7,21.52,288.43,31.0,0.09,0,0.8,0,0
3457,Noe Sushi Bar,80,2,51.4,346.05,60.0,0.17,0,0.5,0,0
3458,Noe Sushi Bar,10,6,45.28,443.77,44.0,0.35,0,5.0,1,0
3459,Noe Sushi Bar,52,3,35.78,357.92,56.0,0.12,0,2.4,1,0
3460,Noe Sushi Bar,15,11,50.34,1203.6,43.0,0.33,0,5.4,0,1
3461,Kobe Sushi,4,4,11.28,84.15,28.0,0.23,0,12.4,0,1
3462,Kobe Sushi,90,8,17.0,267.26,32.0,0.17,0,2.9,0,1
3463,Noe Sushi Bar,79,11,81.74,2314.45,27.0,0.11,0,14.3,0,0
3464,Noe Sushi Bar,100,5,43.69,575.58,20.0,0.14,0,1.0,0,1
3465,Kobe Sushi,96,7,10.0,187.89,35.0,0.63,0,14.8,1,0
3466,Noe Sushi Bar,62,7,37.5,702.03,28.0,0.34,0,9.0,0,0
3467,Noe Sushi Bar,107,8,62.5,1598.3,33.0,0.74,0,24.5,1,0
3468,Noe Sushi Bar,102,7,49.28,644.6,24.0,0.13,2,7.9,0,1
3469,Nubori Experience,4,8,62.2,1217.28,59.0,0.19,0,0.5,0,1
3470,Kobe Sushi,41,8,16.63,306.56,48.0,0.15,0,11.2,0,1
3471,Kobe Sushi,73,7,20.18,251.36,52.0,0.16,0,0.5,0,1
3472,Chef Choy,99,9,29.12,1011.95,29.0,0.17,0,30.0,1,0
3473,Noe Sushi Bar,55,3,47.13,253.63,34.0,0.07,0,3.9,0,0
3474,Noe Sushi Bar,28,4,37.09,589.16,37.0,0.28,0,12.9,0,1
3475,Nubori Experience,101,10,65.52,1404.44,44.0,0.31,0,9.7,0,1
3476,Nubori Experience,47,12,95.95,2784.68,59.0,0.14,0,5.8,0,1
3477,Nubori Experience,9,7,56.72,1517.36,29.0,0.26,2,3.8,0,1
3478,Noe Sushi Bar,2,4,54.3,684.81,62.0,0.32,1,2.8,0,1
3479,Noe Sushi Bar,67,7,36.14,707.13,42.0,0.33,0,3.7,0,1
3480,Noe Sushi Bar,117,7,61.12,1332.56,35.0,0.32,0,3.5,1,0
3481,Kobe Sushi,108,7,13.49,160.68,52.0,0.69,1,0.5,1,0
3482,Noe Sushi Bar,48,5,40.45,336.61,62.0,0.45,0,2.9,1,0
3483,Kobe Sushi,69,6,18.55,428.41,20.0,0.37,0,1.4,1,0
3484,Nubori Experience,74,9,50.58,1358.56,43.0,0.52,0,2.6,0,1
3485,Noe Sushi Bar,28,6,71.15,1459.92,28.0,0.36,1,4.0,0,1
3486,Noe Sushi Bar,79,8,69.64,2107.58,26.0,0.11,1,4.3,0,1
3487,Kobe Sushi,14,9,23.39,740.79,53.0,0.35,0,2.4,0,0
3488,Kobe Sushi,46,4,18.56,154.05,55.0,0.46,0,2.3,1,0
3489,Kobe Sushi,87,10,20.9,330.49,40.0,0.12,0,4.0,1,0
3490,Noe Sushi Bar,13,6,49.86,700.11,48.0,0.13,2,2.1,1,0
3491,Kobe Sushi,16,8,19.31,293.32,30.0,0.14,0,9.2,0,0
3492,Noe Sushi Bar,94,9,35.13,681.7,50.0,0.33,0,0.5,1,0
3493,Nubori Experience,40,5,47.28,902.31,57.0,0.21,0,16.7,0,1
3494,Nubori Experience,72,5,44.0,359.82,31.0,0.48,0,5.5,0,1
3495,Noe Sushi Bar,81,3,31.95,283.3,39.0,0.79,0,12.0,1,0
3496,Kobe Sushi,30,6,19.64,443.96,32.0,0.75,0,9.9,0,1
3497,Nubori Experience,81,4,39.08,520.95,77.0,0.16,0,4.9,1,0
3498,Nubori Experience,99,5,49.62,521.24,26.0,0.1,0,6.9,0,0
3499,Kobe Sushi,65,4,14.85,129.09,44.0,0.28,2,29.7,1,0
3500,Noe Sushi Bar,113,8,36.4,588.15,37.0,0.18,1,1.0,1,0
3501,Kobe Sushi,58,6,20.75,277.55,40.0,0.18,0,0.9,1,0
3502,Nubori Experience,88,8,97.07,2005.51,76.0,0.03,0,4.4,1,0
3503,Nubori Experience,48,8,68.87,2134.6,36.0,0.64,0,12.9,0,1
3504,Kobe Sushi,49,3,24.53,192.94,34.0,0.22,0,2.3,0,0
3505,Nubori Experience,89,4,40.07,265.18,34.0,0.44,1,1.2,1,0
3506,Noe Sushi Bar,2,3,43.63,222.77,73.0,0.58,0,8.5,0,1
3507,Nubori Experience,89,8,101.83,3130.62,53.0,0.33,0,4.5,0,0
3508,Noe Sushi Bar,14,7,10.03,169.74,28.0,0.66,0,3.8,0,1
3509,Nubori Experience,103,6,74.23,1377.17,47.0,0.61,1,1.1,1,0
3510,Kobe Sushi,115,7,22.02,286.39,36.0,0.33,0,1.2,0,1
3511,Kobe Sushi,97,12,16.26,455.63,54.0,0.27,3,6.1,1,0
3512,Kobe Sushi,17,8,12.27,273.72,39.0,0.72,0,3.6,0,0
3513,Nubori Experience,31,6,58.95,800.0,43.0,0.4,0,0.5,1,0
3514,Nubori Experience,10,2,87.41,303.35,34.0,0.29,0,2.7,0,0
3515,Nubori Experience,70,6,58.29,747.31,67.0,0.34,1,2.0,1,0
3516,Nubori Experience,103,3,73.1,524.42,37.0,0.15,0,0.5,1,0
3517,Kobe Sushi,89,10,15.09,524.47,31.0,0.58,3,4.8,1,0
3518,Kobe Sushi,102,7,14.13,150.24,69.0,0.31,0,4.6,0,0
3519,Kobe Sushi,37,8,10.0,312.99,47.0,0.43,0,2.3,1,0
3520,Kobe Sushi,64,3,23.42,129.3,20.0,0.3,0,0.5,1,0
3521,Kobe Sushi,30,4,22.55,262.1,51.0,0.04,0,3.3,0,1
3522,Noe Sushi Bar,34,7,24.6,659.58,45.0,0.42,0,8.1,0,0
3523,Kobe Sushi,18,7,12.74,236.5,50.0,0.26,0,3.8,1,0
3524,Kobe Sushi,88,3,18.86,218.92,38.0,0.11,0,2.4,0,0
3525,Kobe Sushi,63,4,10.0,96.42,32.0,0.54,1,11.3,0,0
3526,Kobe Sushi,49,5,18.6,214.77,34.0,0.35,0,17.6,1,0
3527,Nubori Experience,56,4,52.76,494.26,27.0,0.43,0,17.2,1,0
3528,Chef Choy,91,5,25.55,422.38,53.0,0.25,0,7.8,0,1
3529,Nubori Experience,58,2,77.43,562.73,26.0,0.19,0,0.5,0,1
3530,Noe Sushi Bar,27,6,35.0,658.28,48.0,0.38,0,7.0,0,1
3531,Kobe Sushi,55,5,18.12,327.17,44.0,0.54,0,4.3,1,0
3532,Chef Choy,103,9,10.0,209.69,21.0,0.43,0,7.5,0,1
3533,Kobe Sushi,85,6,13.42,241.29,50.0,0.03,0,1.3,0,1
3534,Kobe Sushi,19,7,20.09,233.54,38.0,0.11,0,2.4,0,0
3535,Kobe Sushi,103,4,14.75,88.89,46.0,0.02,0,3.3,0,0
3536,Kobe Sushi,23,9,18.05,281.99,31.0,0.49,0,2.7,0,1
3537,Kobe Sushi,103,5,19.07,358.06,44.0,0.31,2,4.0,1,0
3538,Kobe Sushi,112,6,14.31,179.64,63.0,0.46,0,2.9,1,0
3539,Noe Sushi Bar,108,3,28.27,179.9,38.0,0.55,0,3.5,1,0
3540,Kobe Sushi,47,5,20.11,315.59,51.0,0.24,0,0.5,0,0
3541,Kobe Sushi,79,10,22.86,386.78,63.0,0.45,1,0.8,1,0
3542,Nubori Experience,107,7,36.91,706.2,45.0,0.56,0,2.4,0,1
3543,Kobe Sushi,66,1,13.2,31.29,42.0,0.4,2,10.9,0,1
3544,Kobe Sushi,99,5,11.59,185.52,76.0,0.26,0,0.8,1,0
3545,Nubori Experience,51,4,36.88,347.74,57.0,0.66,0,5.3,0,1
3546,Kobe Sushi,84,5,11.97,174.78,49.0,0.07,0,1.2,0,1
3547,Kobe Sushi,28,6,12.22,287.59,26.0,0.31,0,10.7,0,0
3548,Noe Sushi Bar,57,5,37.81,753.79,44.0,0.05,2,5.5,0,0
3549,Kobe Sushi,58,6,22.19,281.6,39.0,0.26,0,2.8,0,0
3550,Noe Sushi Bar,15,7,43.89,646.06,58.0,0.49,0,0.5,0,1
3551,Nubori Experience,16,5,62.99,869.75,53.0,0.06,0,1.2,0,1
3552,Kobe Sushi,97,5,19.7,164.95,32.0,0.14,0,11.9,0,0
3553,Noe Sushi Bar,47,8,36.74,1151.41,25.0,0.41,0,5.2,1,0
3554,Noe Sushi Bar,63,8,54.51,921.98,44.0,0.16,0,2.5,0,0
3555,Kobe Sushi,12,1,21.54,70.83,44.0,0.57,0,3.1,0,1
3556,Noe Sushi Bar,103,9,40.93,1192.99,52.0,0.19,1,4.0,0,0
3557,Kobe Sushi,103,8,15.36,204.36,40.0,0.23,0,11.1,0,1
3558,Noe Sushi Bar,43,3,50.74,370.18,41.0,0.08,0,2.6,0,0
3559,Kobe Sushi,84,13,16.38,581.35,31.0,0.06,1,2.3,0,1
3560,Noe Sushi Bar,29,9,33.77,1031.51,40.0,0.36,0,6.8,0,0
3561,Kobe Sushi,107,6,14.31,303.97,49.0,0.63,0,14.5,1,0
3562,Nubori Experience,49,7,83.77,2064.93,42.0,0.2,0,2.9,0,1
3563,Kobe Sushi,3,10,12.91,429.15,51.0,0.24,0,5.5,0,1
3564,Noe Sushi Bar,112,9,46.19,1001.5,55.0,0.24,0,4.4,0,1
3565,Noe Sushi Bar,69,6,71.41,1534.39,39.0,0.07,0,4.0,0,1
3566,Noe Sushi Bar,60,6,31.89,636.22,57.0,0.43,0,1.4,0,0
3567,Noe Sushi Bar,66,4,37.15,338.57,67.0,0.39,0,3.1,1,0
3568,Noe Sushi Bar,87,12,47.36,1447.14,37.0,0.17,3,12.3,1,0
3569,Chef Choy,90,4,29.36,240.82,45.0,0.63,0,4.9,0,0
3570,Nubori Experience,26,5,75.28,590.31,50.0,0.11,0,1.5,0,1
3571,Kobe Sushi,71,6,14.49,153.33,66.0,0.35,2,1.6,1,0
3572,Noe Sushi Bar,74,7,67.17,851.18,34.0,0.43,0,0.5,0,1
3573,Nubori Experience,69,5,78.83,950.99,48.0,0.12,0,15.3,1,0
3574,Nubori Experience,47,5,99.46,930.74,52.0,0.4,0,6.5,0,1
3575,Nubori Experience,76,3,59.94,593.98,31.0,0.25,3,4.6,0,0
3576,Kobe Sushi,96,5,18.04,297.52,30.0,0.28,0,6.6,1,0
3577,Kobe Sushi,42,3,24.61,156.29,33.0,0.28,0,3.6,0,1
3578,Noe Sushi Bar,31,3,52.43,350.13,61.0,0.41,0,5.1,0,0
3579,Noe Sushi Bar,22,6,46.46,644.14,48.0,0.52,3,1.2,1,1
3580,Noe Sushi Bar,17,4,36.55,346.76,30.0,0.36,0,0.6,0,0
3581,Noe Sushi Bar,84,4,42.98,387.01,44.0,0.57,0,4.3,1,0
3582,Nubori Experience,20,6,75.23,709.73,30.0,0.8,0,0.5,0,0
3583,Kobe Sushi,107,6,23.99,315.23,28.0,0.35,0,1.3,1,0
3584,Nubori Experience,8,10,47.66,792.22,59.0,0.27,0,11.6,0,0
3585,Noe Sushi Bar,111,7,36.43,845.16,41.0,0.13,2,8.2,1,0
3586,Kobe Sushi,98,12,22.94,853.84,47.0,0.53,0,4.3,1,0
3587,Noe Sushi Bar,49,11,35.14,1016.96,62.0,0.58,0,8.3,0,1
3588,Chef Choy,87,5,21.46,234.27,20.0,0.32,2,1.3,0,1
3589,Kobe Sushi,38,5,14.9,249.65,55.0,0.39,0,2.9,1,0
3590,Kobe Sushi,53,7,11.87,175.02,52.0,0.37,0,10.8,1,0
3591,Nubori Experience,28,4,44.54,300.81,25.0,0.49,0,4.4,0,0
3592,Kobe Sushi,77,9,19.77,312.21,32.0,0.42,0,4.6,1,1
3593,Noe Sushi Bar,29,9,24.89,452.88,21.0,0.08,2,17.1,0,0
3594,Noe Sushi Bar,72,9,40.07,567.61,46.0,0.31,0,0.5,1,0
3595,Noe Sushi Bar,11,5,32.6,573.11,66.0,0.5,1,3.9,0,1
3596,Noe Sushi Bar,47,6,62.55,1010.23,47.0,0.62,0,2.8,0,0
3597,Kobe Sushi,45,4,20.1,138.11,46.0,0.07,2,4.0,0,1
3598,Noe Sushi Bar,18,3,41.86,411.06,43.0,0.06,0,1.5,0,1
3599,Kobe Sushi,50,9,17.36,615.23,77.0,0.16,0,2.4,1,0
3600,Noe Sushi Bar,89,2,66.91,301.13,26.0,0.17,0,2.4,0,0
3601,Kobe Sushi,49,7,25.85,679.07,56.0,0.43,0,2.0,0,1
3602,Noe Sushi Bar,22,10,41.62,1465.99,60.0,0.71,0,3.2,0,0
3603,Kobe Sushi,45,8,22.94,490.03,48.0,0.27,0,16.2,1,0
3604,Kobe Sushi,61,3,22.24,108.61,20.0,0.16,0,8.7,0,0
3605,Kobe Sushi,99,4,18.13,133.86,21.0,0.06,1,1.4,0,1
3606,Kobe Sushi,93,2,18.29,127.67,51.0,0.14,1,8.8,0,0
3607,Nubori Experience,21,4,55.93,799.5,46.0,0.31,0,2.0,0,0
3608,Kobe Sushi,120,8,22.14,267.11,58.0,0.13,0,24.5,0,0
3609,Nubori Experience,71,7,69.59,1114.48,39.0,0.53,0,3.9,1,0
3610,Nubori Experience,61,5,94.54,1160.28,55.0,0.71,2,2.9,0,0
3611,Noe Sushi Bar,76,4,68.31,822.86,55.0,0.39,3,12.8,1,0
3612,Kobe Sushi,36,3,15.55,90.09,40.0,0.49,0,2.8,0,0
3613,Kobe Sushi,24,5,16.6,172.62,27.0,0.37,0,3.2,0,0
3614,Chef Choy,32,3,12.73,152.59,55.0,0.37,0,0.5,0,1
3615,Kobe Sushi,91,6,22.57,459.92,40.0,0.45,1,12.8,0,0
3616,Kobe Sushi,96,5,14.35,250.56,43.0,0.08,0,11.7,0,0
3617,Noe Sushi Bar,59,9,48.74,1666.81,20.0,0.27,0,2.7,1,0
3618,Nubori Experience,96,8,81.89,2550.41,48.0,0.31,0,0.6,0,1
3619,Chef Choy,96,3,23.37,201.7,26.0,0.38,0,10.0,1,0
3620,Kobe Sushi,90,3,17.83,82.55,42.0,0.33,0,0.5,0,0
3621,Noe Sushi Bar,75,4,35.76,538.29,55.0,0.27,0,21.2,0,1
3622,Kobe Sushi,110,9,24.28,468.86,36.0,0.47,0,3.5,1,0
3623,Kobe Sushi,82,6,24.99,499.5,51.0,0.16,0,30.0,0,0
3624,Nubori Experience,103,8,44.72,886.46,57.0,0.36,0,0.5,0,0
3625,Kobe Sushi,5,10,18.06,645.62,35.0,0.35,0,1.7,0,1
3626,Kobe Sushi,16,11,20.95,639.74,20.0,0.4,1,0.5,0,0
3627,Kobe Sushi,11,6,18.03,266.72,40.0,0.13,0,17.5,0,1
3628,Nubori Experience,118,8,96.16,1257.66,46.0,0.62,0,13.6,0,1
3629,Chef Choy,35,8,21.0,666.09,60.0,0.16,2,10.8,1,0
3630,Noe Sushi Bar,112,8,49.64,1286.96,37.0,0.7,0,5.5,1,0
3631,Chef Choy,75,7,29.74,494.72,67.0,0.35,0,2.6,0,0
3632,Kobe Sushi,42,4,20.39,240.04,42.0,0.24,1,1.5,0,1
3633,Noe Sushi Bar,87,8,49.7,902.62,41.0,0.65,0,1.4,1,0
3634,Kobe Sushi,119,5,16.21,228.04,31.0,0.7,0,6.4,1,0
3635,Kobe Sushi,98,8,21.47,337.44,60.0,0.37,0,11.7,0,0
3636,Noe Sushi Bar,112,4,59.63,783.26,38.0,0.39,0,6.9,0,0
3637,Nubori Experience,81,4,48.47,643.1,48.0,0.42,0,0.5,0,0
3638,Kobe Sushi,10,6,14.87,212.34,55.0,0.04,1,26.3,1,0
3639,Kobe Sushi,82,5,16.31,287.49,59.0,0.5,0,12.8,0,0
3640,Kobe Sushi,108,4,22.06,287.32,36.0,0.64,0,5.8,0,0
3641,Kobe Sushi,8,9,19.6,393.78,29.0,0.21,0,23.3,0,0
3642,Nubori Experience,26,4,56.38,347.58,30.0,0.89,0,12.4,0,0
3643,Noe Sushi Bar,3,6,35.35,806.53,43.0,0.21,0,0.6,0,0
3644,Noe Sushi Bar,59,5,46.45,807.14,56.0,0.59,0,10.3,0,1
3645,Chef Choy,116,5,21.41,171.82,55.0,0.16,0,10.5,0,1
3646,Kobe Sushi,88,1,10.62,20.54,77.0,0.33,0,15.5,0,1
3647,Noe Sushi Bar,3,7,36.16,748.06,49.0,0.19,0,1.7,0,0
3648,Noe Sushi Bar,38,9,65.88,1410.04,48.0,0.45,0,14.7,0,1
3649,Noe Sushi Bar,2,5,35.18,315.69,60.0,0.46,0,2.9,0,1
3650,Nubori Experience,99,4,65.35,872.99,43.0,0.18,0,12.5,1,0
3651,Chef Choy,17,2,28.74,229.57,60.0,0.29,0,21.6,0,0
3652,Kobe Sushi,73,5,20.54,373.52,55.0,0.19,0,5.6,1,0
3653,Nubori Experience,36,5,75.83,1169.29,57.0,0.57,0,3.9,1,0
3654,Kobe Sushi,86,8,15.38,334.13,24.0,0.46,0,10.9,0,0
3655,Kobe Sushi,95,3,17.39,144.93,54.0,0.3,0,10.2,0,1
3656,Kobe Sushi,119,10,19.26,501.38,35.0,0.49,0,2.3,1,0
3657,Kobe Sushi,98,7,19.3,485.93,59.0,0.28,0,15.7,0,1
3658,Noe Sushi Bar,88,3,45.28,438.68,30.0,0.43,0,2.7,0,1
3659,Noe Sushi Bar,73,5,41.18,765.48,44.0,0.37,0,2.6,0,1
3660,Nubori Experience,110,5,87.09,1005.14,35.0,0.17,0,1.4,1,0
3661,Noe Sushi Bar,107,7,20.18,495.29,49.0,0.21,0,6.9,0,0
3662,Noe Sushi Bar,2,4,41.18,254.49,54.0,0.46,0,3.6,0,1
3663,Kobe Sushi,85,5,19.21,372.43,64.0,0.44,1,11.1,1,0
3664,Kobe Sushi,34,2,18.99,88.99,34.0,0.4,0,14.0,0,0
3665,Noe Sushi Bar,27,5,43.96,482.71,41.0,0.6,0,2.8,0,0
3666,Noe Sushi Bar,37,8,56.14,1203.36,65.0,0.19,0,0.6,0,1
3667,Nubori Experience,71,9,80.36,1166.7,59.0,0.27,0,0.5,0,0
3668,Kobe Sushi,22,9,25.6,771.75,70.0,0.31,0,4.0,0,0
3669,Kobe Sushi,68,7,19.07,456.15,63.0,0.4,0,5.7,0,1
3670,Noe Sushi Bar,14,4,43.91,301.56,28.0,0.46,3,1.1,1,0
3671,Kobe Sushi,98,5,22.68,408.92,35.0,0.12,0,7.9,1,0
3672,Kobe Sushi,23,4,13.72,209.68,23.0,0.04,0,10.2,0,1
3673,Noe Sushi Bar,44,9,36.85,1126.38,41.0,0.23,0,7.1,1,0
3674,Kobe Sushi,106,7,13.41,290.0,63.0,0.53,0,4.6,0,1
3675,Noe Sushi Bar,89,6,69.32,1478.91,36.0,0.33,0,2.3,0,1
3676,Kobe Sushi,65,7,24.46,662.34,53.0,0.18,0,14.6,0,0
3677,Kobe Sushi,115,13,16.35,829.11,30.0,0.53,2,4.7,1,0
3678,Kobe Sushi,119,8,10.0,184.3,57.0,0.36,0,6.8,0,1
3679,Nubori Experience,112,11,60.51,1026.75,63.0,0.36,0,4.2,1,0
3680,Kobe Sushi,79,8,18.67,370.9,32.0,0.57,1,8.4,1,0
3681,Chef Choy,96,11,31.47,1358.36,20.0,0.24,1,2.2,0,0
3682,Kobe Sushi,78,2,21.38,89.8,39.0,0.13,0,7.8,0,1
3683,Chef Choy,105,6,11.73,251.48,20.0,0.24,1,5.4,0,1
3684,Kobe Sushi,61,8,11.86,279.77,60.0,0.34,1,0.5,1,0
3685,Noe Sushi Bar,85,8,36.85,974.85,60.0,0.36,0,2.3,0,1
3686,Noe Sushi Bar,55,3,45.88,431.61,56.0,0.26,0,12.9,0,0
3687,Nubori Experience,111,8,73.72,1877.41,34.0,0.64,1,4.2,0,1
3688,Kobe Sushi,71,5,14.41,152.88,59.0,0.25,0,8.8,1,0
3689,Kobe Sushi,100,6,10.0,195.08,27.0,0.18,1,0.5,0,1
3690,Kobe Sushi,85,8,12.49,324.08,20.0,0.24,0,3.7,0,1
3691,Nubori Experience,50,5,63.62,703.36,44.0,0.29,0,25.2,0,0
3692,Noe Sushi Bar,104,5,48.36,856.4,24.0,0.35,0,1.7,0,0
3693,Chef Choy,12,4,37.37,318.14,50.0,0.12,0,0.7,0,0
3694,Kobe Sushi,79,6,21.87,437.22,60.0,0.58,2,1.7,1,1
3695,Kobe Sushi,15,8,18.9,407.01,42.0,0.18,0,13.9,0,1
3696,Kobe Sushi,17,7,16.24,172.86,45.0,0.2,0,12.0,1,0
3697,Nubori Experience,34,7,88.78,2239.39,28.0,0.36,2,13.4,1,0
3698,Noe Sushi Bar,108,9,36.52,506.72,20.0,0.28,1,0.5,0,0
3699,Nubori Experience,35,4,96.37,1317.35,37.0,0.46,0,5.3,0,1
3700,Kobe Sushi,39,8,15.14,374.99,31.0,0.04,0,23.1,0,0
3701,Noe Sushi Bar,102,9,60.33,1132.26,64.0,0.27,0,0.5,1,0
3702,Noe Sushi Bar,78,7,30.41,818.24,60.0,0.37,0,11.9,0,0
3703,Kobe Sushi,55,3,19.72,121.63,28.0,0.29,0,8.3,1,0
3704,Nubori Experience,59,6,85.1,1292.91,33.0,0.63,0,1.7,0,0
3705,Nubori Experience,5,6,60.58,732.86,70.0,0.7,0,7.4,0,0
3706,Nubori Experience,30,8,94.44,2879.62,30.0,0.29,0,22.7,0,0
3707,Noe Sushi Bar,4,5,32.31,616.52,45.0,0.25,1,1.9,0,1
3708,Kobe Sushi,15,6,14.97,202.05,22.0,0.18,0,9.0,0,1
3709,Kobe Sushi,103,8,18.6,461.15,47.0,0.37,0,4.5,0,0
3710,Nubori Experience,35,3,47.27,363.38,69.0,0.25,0,8.4,0,1
3711,Kobe Sushi,109,3,24.95,252.96,73.0,0.31,0,11.8,0,0
3712,Noe Sushi Bar,74,6,45.62,890.69,43.0,0.46,0,1.8,0,1
3713,Noe Sushi Bar,55,4,38.43,321.97,53.0,0.78,0,5.7,1,0
3714,Noe Sushi Bar,66,6,57.69,1279.57,64.0,0.63,0,4.7,1,0
3715,Nubori Experience,108,8,78.85,1442.53,24.0,0.87,0,8.3,1,0
3716,Kobe Sushi,60,7,23.75,396.34,45.0,0.69,0,1.9,0,1
3717,Kobe Sushi,24,2,25.95,81.31,39.0,0.2,0,7.4,0,1
3718,Kobe Sushi,92,7,17.23,470.46,42.0,0.35,1,17.3,1,0
3719,Noe Sushi Bar,22,5,59.35,601.45,52.0,0.13,0,1.5,0,1
3720,Kobe Sushi,44,8,20.45,528.01,38.0,0.09,0,5.1,0,1
3721,Kobe Sushi,32,7,18.41,292.68,67.0,0.59,0,2.8,1,1
3722,Nubori Experience,95,4,86.98,1191.67,62.0,0.27,0,23.6,1,0
3723,Nubori Experience,83,3,79.72,389.46,28.0,0.44,0,8.8,1,0
3724,Kobe Sushi,51,5,10.0,79.89,49.0,0.12,0,4.0,0,0
3725,Kobe Sushi,85,4,10.09,149.27,47.0,0.24,0,2.8,1,0
3726,Nubori Experience,3,5,92.3,1461.37,68.0,0.55,1,10.6,0,1
3727,Kobe Sushi,70,5,14.04,201.35,51.0,0.28,0,3.8,0,0
3728,Kobe Sushi,32,2,12.2,87.85,20.0,0.12,0,0.7,0,0
3729,Kobe Sushi,2,9,19.0,574.29,40.0,0.11,0,8.1,0,1
3730,Noe Sushi Bar,88,7,35.28,519.73,20.0,0.44,0,3.3,0,0
3731,Kobe Sushi,109,7,10.0,217.78,32.0,0.2,0,15.5,0,1
3732,Nubori Experience,59,6,78.19,729.26,25.0,0.55,0,0.7,0,1
3733,Noe Sushi Bar,91,4,50.06,630.34,30.0,0.42,0,2.1,0,1
3734,Noe Sushi Bar,73,6,52.79,1112.48,65.0,0.48,1,0.7,0,0
3735,Kobe Sushi,77,4,22.7,234.04,55.0,0.11,0,4.7,0,1
3736,Noe Sushi Bar,119,7,59.69,1033.51,34.0,0.29,0,5.8,1,0
3737,Noe Sushi Bar,14,7,53.43,922.07,48.0,0.63,1,4.6,1,0
3738,Chef Choy,51,8,29.69,365.49,42.0,0.27,0,0.8,0,0
3739,Chef Choy,11,2,29.11,120.86,43.0,0.23,0,2.9,0,0
3740,Noe Sushi Bar,78,5,61.83,501.1,33.0,0.63,1,2.8,0,1
3741,Nubori Experience,80,6,65.85,1243.14,54.0,0.55,1,2.0,0,1
3742,Nubori Experience,10,8,50.87,1104.37,51.0,0.66,0,21.2,0,0
3743,Chef Choy,84,4,10.0,99.33,33.0,0.62,0,15.5,1,0
3744,Kobe Sushi,80,5,16.33,285.31,41.0,0.64,0,8.0,0,0
3745,Kobe Sushi,58,5,19.98,392.86,45.0,0.51,0,0.5,0,1
3746,Kobe Sushi,34,6,17.34,343.8,30.0,0.14,0,4.2,0,0
3747,Noe Sushi Bar,80,5,41.03,347.79,65.0,0.14,0,3.3,0,1
3748,Noe Sushi Bar,78,3,27.53,214.92,62.0,0.12,0,5.3,1,0
3749,Noe Sushi Bar,53,4,29.62,285.36,44.0,0.15,1,7.4,0,0
3750,Nubori Experience,28,7,26.03,674.37,45.0,0.4,0,9.7,0,0
3751,Nubori Experience,18,3,43.57,393.23,37.0,0.25,0,1.7,0,1
3752,Nubori Experience,26,4,85.24,1361.66,54.0,0.64,0,1.8,0,1
3753,Kobe Sushi,102,9,20.28,571.98,27.0,0.45,0,0.5,1,0
3754,Noe Sushi Bar,7,9,51.94,794.75,41.0,0.17,0,1.4,0,1
3755,Kobe Sushi,45,6,15.96,319.03,45.0,0.27,0,10.0,0,1
3756,Kobe Sushi,98,9,20.04,435.56,58.0,0.41,0,1.9,1,0
3757,Kobe Sushi,111,5,16.32,179.99,25.0,0.34,0,5.4,0,0
3758,Kobe Sushi,113,5,22.07,326.39,53.0,0.58,1,9.2,0,1
3759,Noe Sushi Bar,45,4,63.03,793.18,45.0,0.71,0,1.0,0,1
3760,Nubori Experience,71,4,73.51,1069.12,20.0,0.12,0,13.2,0,0
3761,Kobe Sushi,97,6,10.0,126.02,50.0,0.36,0,1.4,1,0
3762,Noe Sushi Bar,35,6,29.76,503.84,56.0,0.22,1,2.9,0,1
3763,Noe Sushi Bar,52,5,21.43,308.64,63.0,0.2,0,8.2,0,1
3764,Kobe Sushi,114,7,10.0,183.27,48.0,0.21,0,10.2,1,0
3765,Noe Sushi Bar,103,9,50.94,704.02,28.0,0.35,0,2.3,0,1
3766,Kobe Sushi,21,10,10.02,286.3,48.0,0.09,0,5.0,1,0
3767,Noe Sushi Bar,113,5,25.42,292.71,33.0,0.24,1,7.6,0,0
3768,Noe Sushi Bar,28,9,46.89,753.56,46.0,0.7,0,2.7,0,0
3769,Kobe Sushi,96,5,21.08,349.41,32.0,0.22,0,6.4,0,0
3770,Kobe Sushi,44,7,15.73,365.68,72.0,0.14,0,4.7,0,1
3771,Noe Sushi Bar,80,5,68.72,1293.45,67.0,0.1,0,2.0,1,0
3772,Nubori Experience,56,7,48.67,541.49,39.0,0.19,0,1.6,1,0
3773,Kobe Sushi,10,5,15.39,166.76,53.0,0.1,0,7.4,1,0
3774,Noe Sushi Bar,23,10,31.39,974.06,20.0,0.05,0,4.7,1,0
3775,Noe Sushi Bar,48,8,42.09,1222.49,48.0,0.51,0,2.3,0,0
3776,Nubori Experience,52,6,76.83,855.97,26.0,0.34,0,1.6,0,0
3777,Nubori Experience,114,6,67.8,855.25,44.0,0.43,0,2.6,0,1
3778,Noe Sushi Bar,15,4,58.73,675.75,52.0,0.15,0,0.8,0,1
3779,Noe Sushi Bar,55,5,60.52,553.43,39.0,0.64,0,4.3,0,1
3780,Nubori Experience,43,5,53.64,563.02,25.0,0.48,0,5.1,0,0
3781,Kobe Sushi,50,8,14.59,347.34,63.0,0.51,0,3.5,0,1
3782,Kobe Sushi,6,6,12.07,175.67,41.0,0.65,0,4.7,0,1
3783,Kobe Sushi,33,4,19.11,233.13,65.0,0.34,0,6.4,1,0
3784,Nubori Experience,62,5,54.84,707.81,69.0,0.21,0,4.0,0,1
3785,Nubori Experience,55,5,60.56,1143.6,65.0,0.36,0,1.3,0,1
3786,Kobe Sushi,39,5,31.26,587.18,42.0,0.61,0,7.5,0,1
3787,Noe Sushi Bar,12,8,26.47,845.41,21.0,0.12,0,9.0,0,0
3788,Noe Sushi Bar,116,4,43.12,296.12,66.0,0.04,0,2.5,1,0
3789,Kobe Sushi,100,7,19.86,388.2,66.0,0.51,1,9.6,1,0
3790,Nubori Experience,31,6,62.55,1010.93,51.0,0.28,0,4.9,0,0
3791,Kobe Sushi,74,12,15.87,601.18,68.0,0.16,0,3.4,0,0
3792,Kobe Sushi,53,6,19.3,239.8,31.0,0.18,2,30.0,1,0
3793,Noe Sushi Bar,34,7,38.58,426.75,46.0,0.11,0,15.4,0,0
3794,Noe Sushi Bar,41,3,42.74,452.94,34.0,0.19,0,1.6,1,0
3795,Kobe Sushi,10,7,18.73,521.27,35.0,0.61,0,19.5,1,0
3796,Noe Sushi Bar,52,6,20.02,269.48,80.0,0.37,0,7.7,1,0
3797,Noe Sushi Bar,75,5,53.45,920.96,51.0,0.14,0,0.6,0,1
3798,Kobe Sushi,57,4,26.84,302.64,64.0,0.35,0,1.0,0,0
3799,Kobe Sushi,78,2,20.55,133.69,37.0,0.07,1,13.5,0,0
3800,Noe Sushi Bar,3,5,48.11,588.71,45.0,0.12,0,2.0,0,1
3801,Kobe Sushi,57,6,20.15,383.31,48.0,0.13,0,1.0,0,1
3802,Nubori Experience,33,5,57.2,680.43,50.0,0.45,0,9.4,0,0
3803,Nubori Experience,7,2,73.5,312.18,40.0,0.58,0,3.6,0,0
3804,Nubori Experience,4,9,85.98,1353.46,33.0,0.07,3,1.7,1,0
3805,Kobe Sushi,39,4,13.94,104.94,50.0,0.38,0,3.1,0,0
3806,Nubori Experience,48,9,38.05,722.77,32.0,0.53,0,4.0,0,0
3807,Noe Sushi Bar,74,3,32.28,321.85,48.0,0.36,0,9.6,0,0
3808,Kobe Sushi,79,6,18.16,370.28,81.0,0.32,1,1.8,0,1
3809,Kobe Sushi,16,5,24.91,256.46,41.0,0.18,0,2.8,0,0
3810,Kobe Sushi,38,4,10.0,150.55,25.0,0.48,0,0.7,0,1
3811,Noe Sushi Bar,4,7,42.26,739.85,53.0,0.32,0,1.7,0,1
3812,Noe Sushi Bar,4,5,41.38,723.91,49.0,0.48,0,1.1,0,1
3813,Kobe Sushi,120,4,27.01,223.51,52.0,0.45,2,2.9,1,0
3814,Noe Sushi Bar,119,4,34.56,458.88,43.0,0.34,0,8.1,0,0
3815,Kobe Sushi,100,4,11.57,119.63,66.0,0.23,0,2.6,0,1
3816,Noe Sushi Bar,27,4,59.8,427.33,37.0,0.38,1,13.9,1,1
3817,Kobe Sushi,86,4,14.82,101.5,43.0,0.6,0,7.8,0,1
3818,Nubori Experience,86,11,66.89,1399.85,25.0,0.44,0,5.5,0,0
3819,Nubori Experience,17,11,64.45,2278.37,49.0,0.58,1,11.4,1,0
3820,Noe Sushi Bar,109,7,41.12,688.97,41.0,0.42,0,3.0,0,0
3821,Kobe Sushi,98,6,16.87,398.27,57.0,0.28,0,3.7,1,0
3822,Kobe Sushi,96,4,22.93,290.04,44.0,0.1,2,0.5,0,1
3823,Nubori Experience,116,7,87.32,933.93,52.0,0.42,0,2.5,0,1
3824,Kobe Sushi,70,5,20.95,186.88,58.0,0.73,1,0.6,1,0
3825,Kobe Sushi,54,7,19.76,470.98,63.0,0.71,0,6.8,0,0
3826,Kobe Sushi,97,6,21.48,283.65,76.0,0.06,0,3.7,0,1
3827,Noe Sushi Bar,8,1,35.46,128.48,48.0,0.52,0,17.6,1,1
3828,Noe Sushi Bar,114,9,24.35,646.61,42.0,0.84,0,3.0,1,1
3829,Nubori Experience,53,7,80.0,1637.71,48.0,0.18,0,13.2,1,0
3830,Kobe Sushi,100,4,10.0,67.79,59.0,0.39,1,16.7,1,0
3831,Kobe Sushi,5,8,18.01,236.77,52.0,0.36,0,1.4,1,0
3832,Nubori Experience,69,6,74.84,681.37,23.0,0.45,0,0.5,0,0
3833,Nubori Experience,47,5,65.22,1182.96,67.0,0.65,1,0.5,0,1
3834,Kobe Sushi,74,3,16.13,179.54,44.0,0.5,0,6.6,1,0
3835,Noe Sushi Bar,40,7,59.55,1166.26,44.0,0.09,0,7.4,0,0
3836,Kobe Sushi,7,5,23.27,268.96,51.0,0.19,0,4.4,1,0
3837,Nubori Experience,12,7,83.98,1734.23,26.0,0.15,0,1.4,0,0
3838,Kobe Sushi,94,4,17.34,192.97,45.0,0.26,0,16.8,1,0
3839,Nubori Experience,25,8,92.26,2784.52,30.0,0.6,2,16.6,0,1
3840,Noe Sushi Bar,28,4,44.7,379.41,47.0,0.14,1,4.5,0,1
3841,Noe Sushi Bar,43,6,51.07,1200.2,50.0,0.31,0,2.0,1,0
3842,Kobe Sushi,77,5,10.0,79.7,44.0,0.29,0,0.7,1,0
3843,Noe Sushi Bar,47,6,38.21,796.75,42.0,0.27,0,3.0,1,0
3844,Noe Sushi Bar,49,3,55.17,602.41,32.0,0.18,0,22.6,0,0
3845,Kobe Sushi,86,7,24.98,360.39,66.0,0.44,0,2.8,1,0
3846,Noe Sushi Bar,54,4,36.81,234.91,20.0,0.16,0,3.7,0,0
3847,Nubori Experience,18,4,49.54,461.58,34.0,0.25,1,2.1,0,0
3848,Noe Sushi Bar,27,4,34.07,218.26,43.0,0.37,0,0.9,0,0
3849,Noe Sushi Bar,72,6,55.06,710.7,58.0,0.16,0,13.9,0,0
3850,Kobe Sushi,6,8,24.09,298.7,46.0,0.17,0,4.1,0,0
3851,Noe Sushi Bar,75,5,52.65,605.3,49.0,0.16,0,7.7,0,1
3852,Kobe Sushi,93,7,20.33,350.9,47.0,0.42,0,8.9,1,0
3853,Noe Sushi Bar,105,5,52.62,412.47,37.0,0.37,0,4.7,1,0
3854,Nubori Experience,69,9,78.28,1840.71,46.0,0.24,0,0.8,1,0
3855,Noe Sushi Bar,71,11,54.47,2244.06,49.0,0.17,1,2.9,0,1
3856,Kobe Sushi,22,5,17.26,318.02,31.0,0.31,0,7.6,0,1
3857,Kobe Sushi,59,8,16.08,462.92,41.0,0.2,0,0.7,1,0
3858,Noe Sushi Bar,47,6,49.68,852.3,58.0,0.54,1,21.1,1,0
3859,Noe Sushi Bar,117,10,55.26,1183.78,61.0,0.22,0,0.5,0,1
3860,Nubori Experience,118,5,91.7,901.27,43.0,0.14,0,2.8,1,0
3861,Nubori Experience,68,11,86.28,2742.06,34.0,0.64,0,30.0,0,0
3862,Noe Sushi Bar,32,4,40.61,302.69,34.0,0.5,0,9.2,0,1
3863,Kobe Sushi,83,5,16.67,164.35,34.0,0.36,0,24.1,0,0
3864,Kobe Sushi,109,4,11.27,110.86,48.0,0.42,0,1.1,0,1
3865,Kobe Sushi,97,5,20.5,250.9,69.0,0.26,0,2.8,1,0
3866,Kobe Sushi,1,9,18.05,245.06,53.0,0.37,0,3.8,0,0
3867,Noe Sushi Bar,54,6,38.17,895.94,55.0,0.56,3,2.7,0,1
3868,Noe Sushi Bar,46,3,42.37,448.21,20.0,0.29,0,4.5,0,1
3869,Noe Sushi Bar,41,10,58.06,1711.08,57.0,0.25,0,1.7,0,0
3870,Kobe Sushi,120,2,11.2,42.68,44.0,0.39,0,5.2,0,0
3871,Kobe Sushi,108,7,16.95,229.2,56.0,0.39,0,17.2,0,0
3872,Kobe Sushi,114,3,12.58,119.89,62.0,0.55,0,2.6,0,1
3873,Kobe Sushi,41,8,20.69,372.91,54.0,0.27,0,1.5,0,1
3874,Nubori Experience,8,7,64.03,1437.5,42.0,0.35,0,3.2,0,1
3875,Kobe Sushi,32,6,15.15,348.24,48.0,0.25,0,0.5,0,0
3876,Noe Sushi Bar,30,6,43.77,941.75,48.0,0.07,0,2.0,0,0
3877,Kobe Sushi,46,5,17.3,283.38,33.0,0.12,0,5.1,1,0
3878,Nubori Experience,92,4,75.72,854.21,58.0,0.22,0,6.0,1,0
3879,Noe Sushi Bar,105,7,73.64,1002.16,25.0,0.29,1,4.7,1,1
3880,Kobe Sushi,52,4,21.92,315.78,61.0,0.19,0,6.3,1,0
3881,Noe Sushi Bar,96,5,53.61,551.38,46.0,0.43,0,3.8,0,1
3882,Noe Sushi Bar,89,7,48.69,1180.41,69.0,0.54,0,27.7,1,0
3883,Nubori Experience,98,9,61.65,1119.24,67.0,0.06,0,16.7,0,0
3884,Kobe Sushi,61,9,25.74,791.24,44.0,0.19,0,0.5,1,0
3885,Nubori Experience,97,6,62.27,709.75,37.0,0.3,0,1.2,0,1
3886,Nubori Experience,13,6,66.81,885.6,50.0,0.42,0,0.9,0,1
3887,Nubori Experience,89,4,57.02,393.1,47.0,0.54,0,10.5,1,0
3888,Noe Sushi Bar,106,6,45.74,521.63,55.0,0.22,1,2.1,0,0
3889,Noe Sushi Bar,40,9,55.29,803.88,31.0,0.59,0,0.9,0,1
3890,Noe Sushi Bar,103,6,42.2,499.25,45.0,0.14,0,12.8,1,0
3891,Chef Choy,61,4,22.2,252.05,36.0,0.4,0,13.5,0,0
3892,Noe Sushi Bar,120,4,28.52,442.2,58.0,0.22,0,2.4,0,1
3893,Noe Sushi Bar,44,6,59.74,558.48,31.0,0.54,0,1.4,0,1
3894,Noe Sushi Bar,113,6,32.24,585.61,20.0,0.14,0,2.8,0,1
3895,Noe Sushi Bar,62,5,45.96,862.3,31.0,0.24,1,3.4,0,0
3896,Nubori Experience,44,4,59.21,540.16,32.0,0.46,0,3.4,0,0
3897,Kobe Sushi,48,5,11.11,168.72,20.0,0.16,0,7.9,0,0
3898,Nubori Experience,74,9,53.44,1498.01,48.0,0.57,2,1.5,1,0
3899,Noe Sushi Bar,59,7,41.92,1090.02,52.0,0.17,0,14.5,0,1
3900,Nubori Experience,57,6,61.45,888.02,29.0,0.49,1,1.3,0,1
3901,Noe Sushi Bar,95,4,37.1,330.46,57.0,0.37,0,1.2,1,0
3902,Kobe Sushi,108,10,12.41,313.35,50.0,0.03,0,2.5,0,0
3903,Nubori Experience,11,6,61.98,578.31,65.0,0.26,0,8.9,1,0
3904,Kobe Sushi,25,9,12.71,350.94,60.0,0.09,0,12.3,0,1
3905,Nubori Experience,61,4,76.71,805.47,22.0,0.23,0,13.0,0,1
3906,Noe Sushi Bar,46,4,51.97,388.64,59.0,0.17,0,8.9,0,0
3907,Noe Sushi Bar,54,6,54.17,1067.18,27.0,0.37,0,8.3,0,0
3908,Kobe Sushi,116,4,17.93,177.77,54.0,0.38,0,26.0,1,0
3909,Noe Sushi Bar,109,8,55.97,1003.08,54.0,0.32,0,8.4,0,1
3910,Kobe Sushi,34,6,19.68,465.79,25.0,0.47,0,1.9,0,1
3911,Kobe Sushi,84,2,15.23,78.51,49.0,0.18,0,0.5,0,1
3912,Kobe Sushi,7,8,23.61,510.58,70.0,0.35,0,5.2,1,0
3913,Kobe Sushi,97,6,17.73,163.08,43.0,0.69,1,18.2,0,0
3914,Nubori Experience,62,5,47.22,450.93,27.0,0.02,0,6.2,1,0
3915,Nubori Experience,57,8,68.84,2033.9,47.0,0.41,1,2.3,0,1
3916,Kobe Sushi,99,5,18.2,146.35,26.0,0.4,0,4.3,0,0
3917,Noe Sushi Bar,93,6,52.66,1036.68,48.0,0.39,0,9.3,0,0
3918,Kobe Sushi,116,7,21.32,447.91,39.0,0.08,0,2.8,0,0
3919,Noe Sushi Bar,76,8,29.22,739.23,45.0,0.48,0,2.8,0,1
3920,Nubori Experience,5,3,102.6,1057.75,23.0,0.57,0,9.3,1,0
3921,Nubori Experience,76,8,76.66,1466.2,22.0,0.36,0,10.2,0,1
3922,Noe Sushi Bar,93,8,37.01,921.92,61.0,0.29,0,9.8,1,0
3923,Chef Choy,35,2,30.85,136.92,50.0,0.15,0,4.2,0,0
3924,Kobe Sushi,84,10,22.97,567.51,55.0,0.3,0,7.4,0,0
3925,Nubori Experience,37,4,59.63,829.44,44.0,0.66,0,1.1,0,0
3926,Kobe Sushi,60,9,20.51,664.08,32.0,0.24,0,2.5,0,1
3927,Noe Sushi Bar,65,6,42.57,436.24,51.0,0.55,2,3.6,1,0
3928,Noe Sushi Bar,16,4,32.86,452.94,57.0,0.64,0,3.5,0,0
3929,Noe Sushi Bar,30,5,44.44,517.05,46.0,0.07,0,1.6,0,0
3930,Kobe Sushi,73,7,24.67,586.69,20.0,0.66,0,2.3,0,1
3931,Nubori Experience,42,4,83.08,999.03,65.0,0.31,0,0.5,1,0
3932,Kobe Sushi,61,6,18.23,391.85,20.0,0.37,0,10.9,1,0
3933,Noe Sushi Bar,74,6,48.86,552.91,31.0,0.24,2,7.5,1,1
3934,Kobe Sushi,77,5,13.19,237.61,50.0,0.14,2,3.6,1,0
3935,Kobe Sushi,48,2,10.0,57.14,70.0,0.54,0,13.3,1,0
3936,Noe Sushi Bar,62,7,27.22,726.71,61.0,0.69,0,3.6,0,0
3937,Noe Sushi Bar,84,7,65.41,878.96,31.0,0.37,0,6.5,0,0
3938,Kobe Sushi,93,5,20.39,174.93,48.0,0.21,0,4.6,0,1
3939,Kobe Sushi,64,4,21.05,276.09,20.0,0.31,0,0.5,0,0
3940,Noe Sushi Bar,57,8,63.98,771.48,53.0,0.07,2,0.5,1,0
3941,Chef Choy,68,5,22.19,369.53,36.0,0.34,3,0.6,1,0
3942,Nubori Experience,46,5,75.76,753.11,29.0,0.35,0,8.0,0,1
3943,Kobe Sushi,113,5,21.62,350.2,28.0,0.33,0,7.1,1,1
3944,Kobe Sushi,28,6,22.02,480.6,45.0,0.19,0,1.0,0,1
3945,Kobe Sushi,101,6,19.66,189.14,58.0,0.23,0,0.5,1,0
3946,Kobe Sushi,77,10,11.71,282.37,42.0,0.34,1,2.3,1,0
3947,Noe Sushi Bar,3,4,61.98,729.3,63.0,0.32,1,12.0,1,0
3948,Noe Sushi Bar,37,5,55.08,850.98,38.0,0.45,0,0.8,0,1
3949,Kobe Sushi,48,2,15.18,106.96,65.0,0.04,0,0.8,0,0
3950,Kobe Sushi,19,3,23.07,223.73,55.0,0.79,0,1.2,0,0
3951,Kobe Sushi,92,11,21.81,466.39,38.0,0.41,0,5.0,0,1
3952,Nubori Experience,83,10,59.75,1018.41,37.0,0.2,0,7.3,0,0
3953,Nubori Experience,17,6,71.26,1635.61,56.0,0.55,0,17.0,0,0
3954,Kobe Sushi,82,8,15.8,307.73,20.0,0.18,0,4.2,0,1
3955,Kobe Sushi,82,8,18.13,395.26,43.0,0.31,0,8.7,0,1
3956,Nubori Experience,87,5,66.6,728.1,70.0,0.35,0,15.6,0,1
3957,Nubori Experience,40,7,66.38,1098.64,31.0,0.32,0,7.0,0,1
3958,Noe Sushi Bar,50,6,56.33,987.33,20.0,0.41,0,1.5,0,0
3959,Kobe Sushi,73,6,10.45,168.69,51.0,0.35,0,3.0,0,1
3960,Kobe Sushi,29,7,20.77,576.65,42.0,0.38,0,0.5,0,1
3961,Noe Sushi Bar,51,5,45.36,589.38,58.0,0.37,0,1.3,0,1
3962,Kobe Sushi,42,5,14.38,207.82,41.0,0.2,0,1.4,0,0
3963,Kobe Sushi,29,11,19.41,752.25,42.0,0.38,0,3.2,0,1
3964,Noe Sushi Bar,66,6,52.21,1210.76,41.0,0.32,0,1.1,0,0
3965,Kobe Sushi,17,13,24.12,1134.02,20.0,0.34,0,5.4,0,0
3966,Chef Choy,120,4,35.4,436.32,84.0,0.34,0,0.7,1,0
3967,Kobe Sushi,109,8,26.3,368.24,68.0,0.58,0,1.9,1,0
3968,Kobe Sushi,31,2,19.8,150.98,44.0,0.49,0,8.5,0,0
3969,Noe Sushi Bar,92,9,48.09,1691.33,42.0,0.49,0,1.2,0,1
3970,Kobe Sushi,107,4,15.49,181.21,61.0,0.17,0,0.5,0,1
3971,Nubori Experience,112,8,77.19,1217.87,45.0,0.35,0,2.2,1,0
3972,Noe Sushi Bar,52,5,36.08,300.51,42.0,0.31,0,8.3,0,0
3973,Kobe Sushi,39,11,20.83,350.04,53.0,0.41,0,4.6,1,0
3974,Noe Sushi Bar,60,5,42.68,692.24,36.0,0.15,1,8.6,0,0
3975,Kobe Sushi,94,9,10.0,218.19,51.0,0.61,0,1.0,0,1
3976,Nubori Experience,99,9,72.68,1539.84,50.0,0.25,0,3.5,1,0
3977,Kobe Sushi,112,5,19.98,193.47,47.0,0.09,0,5.1,1,0
3978,Noe Sushi Bar,51,5,44.27,638.61,46.0,0.37,2,16.7,1,0
3979,Kobe Sushi,84,4,13.04,205.72,52.0,0.35,0,7.2,1,0
3980,Noe Sushi Bar,16,4,45.83,437.36,57.0,0.25,0,1.2,0,0
3981,Nubori Experience,98,5,79.01,1103.22,24.0,0.33,0,28.0,0,0
3982,Nubori Experience,14,5,73.43,836.41,40.0,0.3,0,11.8,0,1
3983,Kobe Sushi,90,3,17.55,97.57,26.0,0.11,0,0.6,0,0
3984,Kobe Sushi,84,9,11.93,297.17,36.0,0.35,2,6.2,0,1
3985,Nubori Experience,42,8,48.7,770.98,46.0,0.52,0,3.1,0,0
3986,Nubori Experience,51,8,57.54,1365.51,37.0,0.14,0,0.5,0,1
3987,Kobe Sushi,24,3,25.58,165.32,54.0,0.36,0,1.4,0,1
3988,Noe Sushi Bar,107,10,33.26,856.99,56.0,0.26,0,2.1,0,0
3989,Kobe Sushi,82,3,15.27,163.06,40.0,0.18,0,5.2,1,0
3990,Nubori Experience,43,9,52.88,981.01,31.0,0.71,1,2.4,0,1
3991,Kobe Sushi,73,4,24.08,324.55,42.0,0.11,0,0.5,1,0
3992,Kobe Sushi,19,5,17.29,267.71,40.0,0.53,0,19.4,0,0
3993,Chef Choy,84,12,29.92,1322.86,52.0,0.54,0,12.1,0,0
3994,Kobe Sushi,61,7,11.24,309.19,44.0,0.47,0,3.8,0,0
3995,Noe Sushi Bar,106,6,43.23,498.53,54.0,0.03,0,8.4,0,1
3996,Noe Sushi Bar,94,10,25.0,951.09,38.0,0.19,0,18.2,0,1
3997,Kobe Sushi,63,6,20.81,383.64,61.0,0.13,0,0.5,1,0
3998,Kobe Sushi,26,5,22.99,306.76,55.0,0.31,0,3.4,0,1
3999,Noe Sushi Bar,95,7,49.49,1043.59,35.0,0.51,0,11.7,1,0
4000,Kobe Sushi,35,3,24.99,209.8,59.0,0.14,0,2.0,0,1
4001,Noe Sushi Bar,67,8,59.47,1845.62,63.0,0.55,0,8.0,0,1
4002,Nubori Experience,56,9,96.78,1730.08,61.0,0.17,0,4.6,0,1
4003,Chef Choy,40,4,26.52,230.34,56.0,0.44,0,8.4,0,0
4004,Kobe Sushi,29,3,18.66,183.17,26.0,0.37,0,3.2,0,0
4005,Kobe Sushi,6,4,11.89,163.12,30.0,0.29,0,2.4,0,0
4006,Kobe Sushi,52,10,10.0,318.01,43.0,0.4,0,0.5,0,1
4007,Kobe Sushi,1,7,14.99,311.45,48.0,0.35,2,7.0,1,0
4008,Noe Sushi Bar,52,3,31.73,189.67,31.0,0.2,0,4.5,0,1
4009,Noe Sushi Bar,24,8,46.15,1211.78,35.0,0.4,0,8.7,0,1
4010,Kobe Sushi,102,7,18.4,385.2,31.0,0.56,3,6.3,1,0
4011,Kobe Sushi,34,4,22.77,250.91,52.0,0.21,0,0.8,0,0
4012,Kobe Sushi,115,5,19.54,275.69,20.0,0.31,0,6.0,1,0
4013,Noe Sushi Bar,7,6,48.84,586.49,36.0,0.2,0,0.5,0,1
4014,Kobe Sushi,75,8,27.57,569.42,53.0,0.32,0,2.3,0,1
4015,Noe Sushi Bar,11,7,63.27,1473.35,45.0,0.14,0,0.5,0,1
4016,Kobe Sushi,36,4,10.0,103.01,49.0,0.34,0,0.5,0,0
4017,Nubori Experience,20,10,60.58,2112.53,26.0,0.72,0,0.5,0,1
4018,Nubori Experience,63,5,58.47,565.37,62.0,0.24,0,6.5,0,1
4019,Kobe Sushi,80,4,20.64,238.44,40.0,0.47,0,5.6,0,0
4020,Kobe Sushi,63,7,10.05,184.69,20.0,0.04,0,3.1,1,0
4021,Noe Sushi Bar,69,5,43.41,824.4,45.0,0.23,0,13.0,0,0
4022,Kobe Sushi,88,10,11.18,292.42,20.0,0.36,1,6.7,0,1
4023,Noe Sushi Bar,30,3,59.3,656.9,65.0,0.26,0,9.2,0,1
4024,Nubori Experience,30,6,56.39,563.13,48.0,0.27,0,10.3,0,0
4025,Noe Sushi Bar,103,8,32.6,410.5,57.0,0.41,0,7.2,1,0
4026,Nubori Experience,112,8,43.26,897.54,56.0,0.69,3,9.1,1,0
4027,Kobe Sushi,111,9,12.32,339.81,39.0,0.47,0,11.6,0,1
4028,Kobe Sushi,101,6,10.0,160.53,54.0,0.43,0,9.2,1,0
4029,Noe Sushi Bar,97,7,44.56,830.33,23.0,0.63,0,6.1,1,0
4030,Kobe Sushi,84,7,27.91,747.55,42.0,0.22,0,4.2,1,0
4031,Noe Sushi Bar,118,3,54.31,647.48,20.0,0.33,0,4.9,1,0
4032,Kobe Sushi,22,3,10.0,68.56,63.0,0.42,0,3.6,0,1
4033,Kobe Sushi,105,8,19.12,495.53,71.0,0.58,0,4.3,1,0
4034,Nubori Experience,61,8,67.63,1331.9,26.0,0.41,0,4.6,0,1
4035,Kobe Sushi,21,4,22.72,181.73,34.0,0.04,0,9.5,0,0
4036,Nubori Experience,37,6,41.34,689.28,26.0,0.16,0,23.7,0,0
4037,Nubori Experience,118,6,65.2,883.7,84.0,0.49,0,14.6,1,0
4038,Chef Choy,27,4,27.53,202.5,54.0,0.53,0,6.4,0,0
4039,Noe Sushi Bar,102,5,28.43,241.67,56.0,0.71,1,10.8,0,0
4040,Noe Sushi Bar,35,4,47.04,461.26,22.0,0.42,0,0.5,0,1
4041,Nubori Experience,38,3,49.74,258.71,29.0,0.04,0,3.6,0,0
4042,Kobe Sushi,104,7,17.2,399.06,33.0,0.71,0,6.8,1,0
4043,Noe Sushi Bar,60,8,70.93,1247.78,70.0,0.68,0,4.5,1,0
4044,Noe Sushi Bar,70,5,62.57,806.59,47.0,0.25,0,4.8,1,0
4045,Noe Sushi Bar,32,6,47.2,561.9,47.0,0.04,0,4.9,0,1
4046,Noe Sushi Bar,80,7,57.05,1094.02,48.0,0.17,3,0.5,1,0
4047,Kobe Sushi,92,7,11.62,208.69,63.0,0.15,0,11.3,1,0
4048,Noe Sushi Bar,80,8,36.35,1011.03,52.0,0.16,0,3.7,0,0
4049,Nubori Experience,27,6,84.08,1880.29,65.0,0.55,0,5.1,0,0
4050,Kobe Sushi,117,3,23.1,116.11,45.0,0.26,2,0.7,0,1
4051,Nubori Experience,3,7,31.11,545.08,45.0,0.41,0,7.4,0,1
4052,Noe Sushi Bar,49,9,52.53,1679.05,44.0,0.44,0,0.7,1,0
4053,Nubori Experience,85,8,59.34,1636.73,38.0,0.17,0,4.9,0,0
4054,Noe Sushi Bar,102,6,63.67,878.04,35.0,0.5,0,6.5,0,1
4055,Chef Choy,102,6,24.25,265.21,44.0,0.39,0,6.0,0,1
4056,Kobe Sushi,30,9,12.7,313.14,41.0,0.27,0,14.1,0,0
4057,Nubori Experience,22,8,56.96,1021.51,26.0,0.41,3,15.6,0,0
4058,Kobe Sushi,19,6,11.14,213.35,52.0,0.14,0,4.8,0,1
4059,Nubori Experience,31,7,67.56,1006.21,57.0,0.37,0,12.0,0,0
4060,Nubori Experience,20,7,50.93,537.48,30.0,0.64,0,12.3,0,1
4061,Kobe Sushi,111,5,17.37,258.23,45.0,0.27,0,5.6,1,0
4062,Kobe Sushi,19,5,11.09,200.36,37.0,0.21,0,5.7,0,0
4063,Chef Choy,2,8,26.61,770.44,65.0,0.2,0,6.0,0,1
4064,Kobe Sushi,40,3,21.28,117.78,49.0,0.17,0,8.3,0,0
4065,Nubori Experience,39,4,67.29,818.65,32.0,0.76,0,8.7,1,0
4066,Kobe Sushi,91,3,14.57,149.48,47.0,0.2,0,15.5,1,0
4067,Kobe Sushi,72,3,22.12,130.95,51.0,0.25,0,9.1,0,0
4068,Nubori Experience,109,7,77.65,1315.27,22.0,0.26,0,1.5,0,1
4069,Noe Sushi Bar,54,3,33.2,261.73,58.0,0.02,1,3.3,1,0
4070,Nubori Experience,27,6,49.54,610.64,27.0,0.5,0,3.8,1,0
4071,Kobe Sushi,79,7,25.15,386.29,43.0,0.13,0,0.5,0,1
4072,Noe Sushi Bar,12,4,32.07,194.15,32.0,0.26,0,1.5,0,1
4073,Noe Sushi Bar,111,8,32.09,529.21,43.0,0.04,1,2.9,1,0
4074,Noe Sushi Bar,78,6,27.78,349.04,42.0,0.17,0,3.7,0,0
4075,Noe Sushi Bar,71,6,61.02,1044.5,49.0,0.59,0,10.5,1,0
4076,Noe Sushi Bar,17,3,33.31,211.36,36.0,0.51,0,5.9,0,0
4077,Noe Sushi Bar,90,11,40.64,695.42,51.0,0.44,0,0.5,1,0
4078,Kobe Sushi,101,3,12.9,128.92,52.0,0.09,0,1.0,0,1
4079,Chef Choy,84,4,37.23,259.76,49.0,0.35,0,5.5,1,0
4080,Kobe Sushi,10,6,10.0,102.52,56.0,0.28,0,6.9,0,0
4081,Noe Sushi Bar,19,6,36.22,550.54,70.0,0.15,0,5.3,1,0
4082,Kobe Sushi,82,6,18.74,298.05,34.0,0.58,0,2.1,1,0
4083,Noe Sushi Bar,30,11,28.37,994.16,48.0,0.38,0,1.8,0,0
4084,Noe Sushi Bar,30,6,45.8,521.02,28.0,0.19,0,2.0,0,1
4085,Kobe Sushi,25,8,18.76,422.2,46.0,0.35,0,4.3,0,0
4086,Kobe Sushi,88,6,23.4,382.52,49.0,0.53,0,6.0,0,0
4087,Kobe Sushi,74,8,17.61,502.19,73.0,0.29,0,9.1,0,0
4088,Noe Sushi Bar,66,6,46.09,550.32,56.0,0.29,0,3.5,0,0
4089,Nubori Experience,102,5,61.34,705.04,51.0,0.22,0,1.8,0,0
4090,Kobe Sushi,96,4,17.95,223.66,24.0,0.54,0,0.9,0,0
4091,Noe Sushi Bar,35,7,44.11,576.76,62.0,0.3,0,5.8,0,0
4092,Kobe Sushi,51,4,14.62,134.25,67.0,0.29,0,0.6,0,1
4093,Noe Sushi Bar,101,4,39.03,325.79,41.0,0.17,0,2.9,1,0
4094,Nubori Experience,71,8,64.2,820.8,40.0,0.44,0,3.4,1,0
4095,Kobe Sushi,71,9,21.86,669.24,38.0,0.05,2,7.0,0,1
4096,Noe Sushi Bar,27,6,56.19,1078.85,34.0,0.03,2,12.1,1,0
4097,Kobe Sushi,10,6,16.92,175.47,35.0,0.03,0,4.4,0,1
4098,Kobe Sushi,97,5,20.09,207.07,69.0,0.68,0,5.7,1,0
4099,Kobe Sushi,43,6,10.0,94.98,42.0,0.31,0,7.9,0,0
4100,Kobe Sushi,55,5,21.34,244.17,43.0,0.25,1,3.0,1,0
4101,Noe Sushi Bar,71,4,44.19,492.08,32.0,0.39,0,12.1,0,0
4102,Noe Sushi Bar,6,5,45.25,364.94,35.0,0.55,0,12.7,0,1
4103,Noe Sushi Bar,6,4,38.27,293.63,45.0,0.38,0,6.8,0,0
4104,Kobe Sushi,77,8,10.0,196.45,50.0,0.14,0,8.5,0,0
4105,Kobe Sushi,48,11,23.66,551.49,58.0,0.57,0,8.2,0,1
4106,Noe Sushi Bar,77,6,39.44,517.56,44.0,0.41,0,1.2,0,1
4107,Nubori Experience,2,7,48.99,816.67,49.0,0.13,0,1.1,0,1
4108,Kobe Sushi,83,5,15.8,249.96,49.0,0.61,0,9.1,0,0
4109,Nubori Experience,51,5,56.23,616.75,39.0,0.36,0,5.8,1,0
4110,Noe Sushi Bar,61,8,44.77,1209.18,38.0,0.22,0,4.0,1,0
4111,Noe Sushi Bar,19,8,33.85,816.9,59.0,0.3,0,11.1,0,0
4112,Noe Sushi Bar,114,7,52.56,1450.66,58.0,0.42,0,9.7,0,1
4113,Kobe Sushi,102,3,17.55,178.78,46.0,0.39,0,5.4,0,1
4114,Kobe Sushi,2,5,15.79,206.19,37.0,0.27,1,4.4,0,0
4115,Noe Sushi Bar,51,9,61.12,1094.28,67.0,0.45,0,1.6,1,0
4116,Kobe Sushi,26,10,22.68,459.48,20.0,0.47,1,3.8,0,1
4117,Nubori Experience,70,12,46.15,919.3,37.0,0.24,0,2.9,0,1
4118,Noe Sushi Bar,20,5,52.54,535.7,40.0,0.47,0,1.5,0,0
4119,Kobe Sushi,23,6,17.53,351.1,46.0,0.28,0,6.1,0,0
4120,Noe Sushi Bar,54,7,61.72,765.41,33.0,0.35,0,0.8,0,0
4121,Kobe Sushi,15,4,16.22,124.69,70.0,0.23,0,0.5,0,1
4122,Noe Sushi Bar,6,3,19.05,184.66,29.0,0.77,0,0.5,0,1
4123,Noe Sushi Bar,92,11,41.8,1306.13,20.0,0.09,0,8.9,0,0
4124,Nubori Experience,35,8,78.51,1076.29,50.0,0.31,0,0.9,0,1
4125,Chef Choy,75,6,21.35,210.55,24.0,0.29,0,1.7,0,1
4126,Noe Sushi Bar,8,6,59.72,1408.12,43.0,0.22,0,1.1,0,0
4127,Noe Sushi Bar,57,4,42.63,570.41,52.0,0.55,0,3.5,1,0
4128,Nubori Experience,118,3,65.15,734.73,29.0,0.22,0,1.1,1,0
4129,Kobe Sushi,50,4,18.34,190.37,54.0,0.25,0,2.8,1,0
4130,Kobe Sushi,49,7,19.28,396.67,34.0,0.47,0,5.3,0,0
4131,Kobe Sushi,115,4,25.38,276.41,46.0,0.5,0,2.5,1,0
4132,Kobe Sushi,115,8,15.75,311.77,53.0,0.91,0,5.7,0,0
4133,Noe Sushi Bar,88,2,35.56,247.12,52.0,0.24,1,0.5,1,0
4134,Noe Sushi Bar,21,9,33.58,801.17,20.0,0.39,0,2.2,1,0
4135,Noe Sushi Bar,113,9,54.07,1030.57,47.0,0.12,2,1.1,0,0
4136,Kobe Sushi,36,5,23.15,308.5,21.0,0.52,0,4.9,0,0
4137,Noe Sushi Bar,71,4,41.38,456.25,67.0,0.02,0,12.3,1,0
4138,Kobe Sushi,69,5,23.46,344.95,56.0,0.27,0,10.5,0,0
4139,Noe Sushi Bar,58,5,36.27,558.55,64.0,0.17,2,3.3,1,0
4140,Noe Sushi Bar,63,4,50.28,584.84,34.0,0.3,0,13.9,1,0
4141,Kobe Sushi,93,7,19.3,483.03,67.0,0.38,0,1.3,0,1
4142,Kobe Sushi,16,6,18.01,202.89,33.0,0.74,0,8.6,0,1
4143,Kobe Sushi,6,13,23.05,1065.71,70.0,0.37,0,0.8,0,1
4144,Nubori Experience,78,6,63.76,1272.9,34.0,0.4,0,2.4,0,0
4145,Nubori Experience,52,6,63.61,1122.56,28.0,0.22,2,10.0,0,0
4146,Noe Sushi Bar,2,4,56.53,393.89,73.0,0.15,0,14.2,0,0
4147,Kobe Sushi,89,10,11.25,230.71,20.0,0.54,0,2.7,1,0
4148,Noe Sushi Bar,95,6,40.97,451.94,54.0,0.25,0,1.0,0,0
4149,Noe Sushi Bar,114,9,71.4,1301.92,61.0,0.71,0,9.3,0,0
4150,Chef Choy,114,7,10.0,116.58,46.0,0.49,0,3.0,0,0
4151,Kobe Sushi,77,4,22.16,254.17,56.0,0.18,0,7.3,1,0
4152,Kobe Sushi,18,4,15.37,168.6,54.0,0.34,1,2.3,0,1
4153,Noe Sushi Bar,81,5,57.92,833.52,64.0,0.37,0,14.8,0,0
4154,Kobe Sushi,109,10,19.99,455.98,20.0,0.37,0,10.4,1,0
4155,Kobe Sushi,92,9,11.22,351.48,44.0,0.65,0,11.4,1,0
4156,Kobe Sushi,76,8,19.2,376.91,42.0,0.5,0,1.9,1,0
4157,Noe Sushi Bar,35,6,40.12,409.58,34.0,0.36,0,2.3,1,0
4158,Nubori Experience,86,9,87.63,1641.21,20.0,0.39,1,0.5,0,1
4159,Nubori Experience,39,7,52.84,812.99,43.0,0.26,0,3.7,1,0
4160,Noe Sushi Bar,1,5,62.5,1171.74,55.0,0.46,0,0.5,0,1
4161,Noe Sushi Bar,37,4,30.77,303.67,45.0,0.36,0,0.5,0,0
4162,Kobe Sushi,21,5,16.35,157.35,39.0,0.4,0,17.9,0,1
4163,Noe Sushi Bar,1,4,48.07,516.16,74.0,0.33,0,4.3,0,0
4164,Kobe Sushi,4,4,10.0,143.81,46.0,0.5,0,5.7,0,1
4165,Noe Sushi Bar,96,4,33.61,283.69,34.0,0.44,0,5.6,1,0
4166,Kobe Sushi,58,6,14.4,194.98,48.0,0.22,1,5.9,0,0
4167,Kobe Sushi,1,6,16.07,374.9,33.0,0.08,1,2.0,0,1
4168,Kobe Sushi,13,5,18.65,209.41,48.0,0.49,0,7.5,1,0
4169,Kobe Sushi,46,6,19.0,229.3,30.0,0.23,0,9.4,1,0
4170,Kobe Sushi,47,4,18.5,268.47,24.0,0.2,0,21.8,0,0
4171,Kobe Sushi,81,5,20.26,353.86,52.0,0.39,0,3.9,1,0
4172,Nubori Experience,76,2,68.72,241.96,38.0,0.3,2,2.4,0,0
4173,Noe Sushi Bar,7,11,40.49,1307.88,21.0,0.16,0,18.4,0,0
4174,Noe Sushi Bar,119,10,36.78,933.23,37.0,0.33,0,0.5,1,0
4175,Nubori Experience,51,4,59.21,598.2,51.0,0.44,0,13.3,0,0
4176,Nubori Experience,119,13,56.87,1957.41,20.0,0.06,3,7.5,1,1
4177,Noe Sushi Bar,3,11,44.6,1349.45,52.0,0.25,0,1.8,0,1
4178,Nubori Experience,50,6,55.99,1215.88,66.0,0.16,0,0.7,0,0
4179,Kobe Sushi,26,9,10.0,142.04,62.0,0.06,0,0.5,0,1
4180,Kobe Sushi,31,7,16.6,462.54,69.0,0.35,0,2.0,1,0
4181,Noe Sushi Bar,100,6,65.78,1014.04,20.0,0.54,0,16.3,1,0
4182,Noe Sushi Bar,62,7,39.54,671.37,57.0,0.35,0,0.5,0,1
4183,Noe Sushi Bar,26,6,56.88,819.61,41.0,0.16,0,1.8,0,1
4184,Kobe Sushi,67,6,20.71,400.83,50.0,0.43,0,3.1,0,1
4185,Kobe Sushi,108,6,15.91,297.28,45.0,0.25,0,1.4,0,0
4186,Noe Sushi Bar,55,4,45.2,576.59,33.0,0.07,0,3.2,1,0
4187,Kobe Sushi,28,8,21.79,552.46,59.0,0.14,0,10.5,0,0
4188,Noe Sushi Bar,44,4,64.45,726.57,47.0,0.26,0,0.7,0,0
4189,Noe Sushi Bar,81,4,40.34,503.18,37.0,0.87,0,0.5,1,0
4190,Noe Sushi Bar,38,7,40.98,468.55,60.0,0.36,0,1.9,0,1
4191,Chef Choy,111,10,25.77,963.14,48.0,0.62,0,1.9,1,0
4192,Nubori Experience,30,9,91.88,1276.66,33.0,0.37,0,3.3,0,1
4193,Noe Sushi Bar,66,6,51.57,471.37,49.0,0.1,2,0.5,0,1
4194,Noe Sushi Bar,8,12,44.19,1789.77,54.0,0.19,0,2.7,0,0
4195,Noe Sushi Bar,14,7,34.95,582.85,53.0,0.23,0,3.8,0,0
4196,Kobe Sushi,101,7,13.67,250.78,42.0,0.36,1,10.9,1,0
4197,Kobe Sushi,99,4,14.38,135.8,32.0,0.35,0,3.4,0,1
4198,Kobe Sushi,106,2,27.53,97.84,50.0,0.11,0,10.3,0,0
4199,Noe Sushi Bar,103,5,26.03,422.14,55.0,0.17,0,1.5,0,1
4200,Noe Sushi Bar,62,4,60.07,385.02,47.0,0.23,0,0.8,0,0
4201,Nubori Experience,75,5,63.37,977.67,58.0,0.15,0,1.4,0,1
4202,Kobe Sushi,63,3,17.18,198.9,32.0,0.25,0,25.5,0,0
4203,Kobe Sushi,79,4,18.79,188.88,29.0,0.37,0,3.1,0,0
4204,Nubori Experience,66,5,45.03,502.31,43.0,0.31,0,3.1,0,1
4205,Kobe Sushi,101,6,16.94,286.27,29.0,0.2,0,8.0,1,0
4206,Noe Sushi Bar,107,8,43.62,1024.22,59.0,0.21,0,4.4,1,0
4207,Noe Sushi Bar,96,3,24.7,285.13,42.0,0.41,0,4.1,0,0
4208,Noe Sushi Bar,40,10,34.37,1038.29,63.0,0.59,0,3.1,0,1
4209,Kobe Sushi,13,5,21.43,308.5,27.0,0.18,0,1.4,0,1
4210,Kobe Sushi,107,7,16.26,196.41,49.0,0.27,0,6.8,1,0
4211,Kobe Sushi,17,4,19.98,296.96,49.0,0.56,1,3.8,1,0
4212,Noe Sushi Bar,15,8,56.31,1556.18,53.0,0.66,0,5.6,0,1
4213,Noe Sushi Bar,33,6,14.86,212.01,42.0,0.16,0,9.5,0,0
4214,Kobe Sushi,115,9,26.12,396.44,51.0,0.51,0,1.3,0,0
4215,Noe Sushi Bar,16,11,45.27,952.25,58.0,0.32,0,3.1,0,1
4216,Nubori Experience,115,6,92.67,1970.82,31.0,0.25,0,4.8,1,0
4217,Kobe Sushi,13,6,24.18,517.71,53.0,0.4,0,16.6,0,0
4218,Noe Sushi Bar,119,6,31.27,339.82,25.0,0.4,2,0.9,1,0
4219,Noe Sushi Bar,86,4,39.36,405.0,27.0,0.6,2,16.1,0,0
4220,Kobe Sushi,23,7,20.52,434.2,38.0,0.11,0,7.0,0,0
4221,Kobe Sushi,36,7,20.82,345.8,70.0,0.38,0,10.3,0,0
4222,Noe Sushi Bar,43,5,31.52,436.45,28.0,0.17,0,0.5,0,1
4223,Nubori Experience,50,2,41.02,164.67,30.0,0.32,0,1.7,1,0
4224,Nubori Experience,114,5,67.2,1149.05,29.0,0.16,2,2.6,1,0
4225,Noe Sushi Bar,74,5,39.34,709.28,56.0,0.63,0,1.3,0,1
4226,Noe Sushi Bar,81,6,70.23,1282.25,55.0,0.54,0,6.8,1,0
4227,Kobe Sushi,94,8,12.49,261.2,66.0,0.46,0,14.7,0,0
4228,Noe Sushi Bar,13,7,16.96,391.75,27.0,0.3,0,5.0,0,0
4229,Noe Sushi Bar,30,5,45.84,880.71,39.0,0.66,0,5.7,0,1
4230,Kobe Sushi,57,6,20.27,342.87,69.0,0.57,0,8.6,0,0
4231,Noe Sushi Bar,110,6,41.23,555.99,31.0,0.5,0,0.6,0,1
4232,Noe Sushi Bar,30,3,51.62,392.68,46.0,0.7,0,1.6,1,0
4233,Kobe Sushi,71,5,18.28,243.77,37.0,0.24,1,6.6,0,0
4234,Nubori Experience,10,4,51.26,428.81,49.0,0.35,0,1.8,0,0
4235,Kobe Sushi,99,5,24.09,223.2,43.0,0.27,1,4.5,1,0
4236,Kobe Sushi,66,5,21.58,307.38,68.0,0.4,0,11.4,1,0
4237,Kobe Sushi,94,8,16.45,242.87,61.0,0.43,1,17.6,1,0
4238,Chef Choy,83,4,24.48,327.18,50.0,0.15,0,1.4,0,1
4239,Noe Sushi Bar,39,4,74.23,1025.36,37.0,0.05,0,0.5,0,1
4240,Kobe Sushi,37,5,17.98,262.93,50.0,0.3,0,2.5,0,0
4241,Noe Sushi Bar,3,8,41.93,1312.38,43.0,0.2,1,1.9,1,0
4242,Kobe Sushi,89,8,16.96,433.79,47.0,0.37,1,0.5,1,0
4243,Chef Choy,34,3,21.52,229.81,57.0,0.69,0,8.0,0,0
4244,Noe Sushi Bar,119,4,51.26,631.86,62.0,0.38,0,12.4,0,1
4245,Noe Sushi Bar,86,5,37.79,296.49,34.0,0.03,0,3.6,1,0
4246,Nubori Experience,38,5,80.62,867.07,46.0,0.57,0,6.4,1,0
4247,Kobe Sushi,14,6,12.52,184.95,36.0,0.4,1,4.4,0,1
4248,Kobe Sushi,64,3,24.58,126.67,43.0,0.26,0,1.4,0,0
4249,Noe Sushi Bar,39,8,46.62,1394.38,50.0,0.19,0,2.2,1,0
4250,Nubori Experience,54,5,59.08,985.87,55.0,0.22,0,5.5,1,0
4251,Kobe Sushi,2,10,23.62,587.2,38.0,0.49,1,0.8,1,0
4252,Kobe Sushi,96,6,21.85,337.77,49.0,0.52,0,0.5,1,0
4253,Kobe Sushi,43,9,14.32,451.85,45.0,0.3,3,7.7,1,0
4254,Noe Sushi Bar,53,8,54.85,990.49,37.0,0.07,0,2.5,0,0
4255,Kobe Sushi,3,5,20.35,299.8,36.0,0.71,0,7.4,0,1
4256,Noe Sushi Bar,41,8,33.85,1070.34,33.0,0.17,1,0.9,0,1
4257,Nubori Experience,8,7,51.39,731.61,30.0,0.34,0,7.6,0,1
4258,Noe Sushi Bar,90,11,47.65,1718.19,31.0,0.31,0,1.1,1,0
4259,Kobe Sushi,96,9,25.96,706.43,53.0,0.37,0,8.9,1,0
4260,Noe Sushi Bar,75,4,54.39,555.63,55.0,0.21,0,9.8,1,0
4261,Kobe Sushi,114,4,14.39,93.81,50.0,0.34,0,2.8,1,0
4262,Nubori Experience,63,7,77.65,1447.85,46.0,0.36,0,2.5,0,1
4263,Noe Sushi Bar,65,3,44.13,225.93,44.0,0.65,0,10.0,0,1
4264,Kobe Sushi,79,6,14.4,219.2,60.0,0.57,0,4.7,1,0
4265,Noe Sushi Bar,4,7,49.8,1074.23,44.0,0.63,0,6.7,0,0
4266,Noe Sushi Bar,68,4,44.58,377.4,35.0,0.22,0,1.8,0,0
4267,Noe Sushi Bar,92,7,35.25,882.79,54.0,0.4,0,2.4,1,0
4268,Kobe Sushi,10,4,29.69,407.51,54.0,0.27,0,16.4,1,0
4269,Nubori Experience,75,9,74.36,1031.15,34.0,0.71,3,1.1,0,1
4270,Nubori Experience,50,6,39.11,470.8,54.0,0.51,0,8.5,0,0
4271,Noe Sushi Bar,23,6,61.92,1091.39,65.0,0.02,0,0.5,0,1
4272,Nubori Experience,61,7,66.32,1339.78,47.0,0.21,1,2.9,0,0
4273,Kobe Sushi,47,7,13.79,167.1,54.0,0.58,0,9.2,1,0
4274,Noe Sushi Bar,3,5,33.95,337.64,41.0,0.31,0,5.4,0,0
4275,Noe Sushi Bar,103,4,39.09,405.01,49.0,0.18,0,4.3,0,1
4276,Noe Sushi Bar,103,8,40.19,993.84,67.0,0.12,0,0.5,0,1
4277,Noe Sushi Bar,17,6,48.22,899.22,48.0,0.16,1,21.8,0,0
4278,Kobe Sushi,22,2,10.0,45.86,43.0,0.17,0,22.4,0,1
4279,Kobe Sushi,116,9,13.55,412.48,36.0,0.57,1,6.6,0,0
4280,Kobe Sushi,91,9,17.97,459.38,43.0,0.44,0,0.8,1,0
4281,Kobe Sushi,120,7,15.93,233.05,40.0,0.65,1,3.5,1,0
4282,Noe Sushi Bar,16,2,64.9,362.79,38.0,0.43,0,4.4,0,1
4283,Kobe Sushi,80,7,23.04,353.89,63.0,0.22,0,3.8,0,1
4284,Kobe Sushi,104,4,17.99,147.72,51.0,0.11,0,8.3,0,0
4285,Noe Sushi Bar,3,4,46.14,688.59,33.0,0.79,0,3.3,1,0
4286,Noe Sushi Bar,52,6,49.36,992.48,33.0,0.22,0,8.5,0,1
4287,Nubori Experience,111,3,59.01,533.9,56.0,0.47,0,1.2,1,0
4288,Noe Sushi Bar,33,3,40.49,184.56,60.0,0.64,0,8.8,0,0
4289,Kobe Sushi,42,4,14.33,148.45,50.0,0.18,0,18.6,0,0
4290,Nubori Experience,2,4,58.96,737.09,65.0,0.03,1,3.3,0,0
4291,Noe Sushi Bar,39,8,25.0,644.49,37.0,0.23,0,0.5,0,1
4292,Kobe Sushi,46,11,22.43,874.62,53.0,0.13,0,7.5,0,1
4293,Noe Sushi Bar,48,8,52.46,955.53,55.0,0.74,0,3.4,0,0
4294,Nubori Experience,27,6,82.39,851.23,67.0,0.47,0,2.3,0,1
4295,Kobe Sushi,15,4,16.15,228.22,20.0,0.33,0,1.3,0,1
4296,Kobe Sushi,7,6,10.0,203.6,52.0,0.54,0,12.4,0,0
4297,Kobe Sushi,109,8,17.89,253.62,56.0,0.13,2,8.7,0,1
4298,Kobe Sushi,57,5,15.9,173.0,39.0,0.47,0,19.3,1,0
4299,Noe Sushi Bar,42,7,60.6,1180.42,26.0,0.36,1,18.6,1,1
4300,Noe Sushi Bar,9,11,55.26,988.98,52.0,0.25,0,5.7,0,1
4301,Kobe Sushi,105,6,17.04,269.19,50.0,0.19,3,1.1,1,0
4302,Nubori Experience,6,4,90.83,797.3,33.0,0.2,0,1.4,0,1
4303,Chef Choy,120,4,25.55,157.15,48.0,0.37,0,5.2,0,0
4304,Noe Sushi Bar,57,2,36.82,286.51,41.0,0.17,0,10.2,0,1
4305,Nubori Experience,76,7,61.93,1357.37,22.0,0.17,1,5.4,1,0
4306,Kobe Sushi,30,4,19.05,261.91,55.0,0.06,0,2.1,0,0
4307,Noe Sushi Bar,55,7,12.24,230.01,42.0,0.43,0,3.4,0,0
4308,Noe Sushi Bar,84,12,38.42,1395.0,60.0,0.06,0,1.0,0,1
4309,Nubori Experience,84,4,87.27,621.19,39.0,0.21,0,3.4,0,1
4310,Chef Choy,54,5,20.35,298.76,39.0,0.29,0,9.8,0,1
4311,Kobe Sushi,110,8,20.79,296.91,64.0,0.77,0,0.5,0,0
4312,Nubori Experience,27,3,85.83,822.74,66.0,0.19,0,1.3,0,0
4313,Kobe Sushi,84,7,15.86,346.93,20.0,0.36,1,11.8,0,0
4314,Nubori Experience,59,7,72.02,1294.5,49.0,0.11,0,0.5,0,0
4315,Nubori Experience,7,4,74.7,667.67,45.0,0.22,0,8.4,0,1
4316,Kobe Sushi,40,9,15.59,262.25,51.0,0.21,0,3.4,0,0
4317,Noe Sushi Bar,104,3,26.47,249.64,36.0,0.4,1,3.9,1,0
4318,Kobe Sushi,94,9,10.0,347.09,53.0,0.43,0,4.0,1,0
4319,Noe Sushi Bar,72,3,74.37,582.21,20.0,0.5,0,1.0,0,0
4320,Noe Sushi Bar,2,3,79.73,926.7,73.0,0.28,2,14.0,0,1
4321,Noe Sushi Bar,14,6,37.39,772.65,45.0,0.22,2,2.5,0,1
4322,Nubori Experience,10,8,47.8,1334.7,52.0,0.32,0,6.8,0,1
4323,Noe Sushi Bar,50,5,63.23,1082.02,30.0,0.49,0,1.7,0,1
4324,Noe Sushi Bar,18,8,73.62,954.77,38.0,0.45,0,0.7,0,1
4325,Nubori Experience,18,8,68.7,2095.22,20.0,0.35,0,15.3,0,1
4326,Nubori Experience,16,5,71.04,1205.59,37.0,0.7,0,9.4,0,0
4327,Kobe Sushi,52,9,21.3,301.9,52.0,0.5,0,2.8,0,1
4328,Nubori Experience,69,8,87.99,1402.55,58.0,0.55,0,1.4,0,1
4329,Kobe Sushi,52,8,16.82,315.13,41.0,0.36,1,0.5,0,0
4330,Nubori Experience,31,9,77.97,2183.9,51.0,0.35,1,1.2,1,0
4331,Kobe Sushi,101,9,10.0,280.54,50.0,0.47,1,7.5,1,0
4332,Kobe Sushi,84,6,20.2,342.18,49.0,0.2,0,0.5,1,0
4333,Noe Sushi Bar,23,7,47.57,1054.57,37.0,0.55,0,2.6,0,1
4334,Noe Sushi Bar,96,6,36.48,536.92,51.0,0.19,0,0.8,0,0
4335,Kobe Sushi,42,3,16.58,185.98,51.0,0.26,0,5.1,0,0
4336,Kobe Sushi,81,4,16.36,98.29,42.0,0.79,0,10.3,0,1
4337,Noe Sushi Bar,62,5,39.52,476.48,40.0,0.33,0,3.7,0,1
4338,Nubori Experience,77,2,71.6,364.46,45.0,0.16,0,5.2,0,0
4339,Kobe Sushi,113,9,15.39,357.1,52.0,0.55,0,0.8,1,0
4340,Kobe Sushi,50,6,19.42,250.42,61.0,0.45,1,0.5,1,0
4341,Noe Sushi Bar,77,4,42.07,475.15,49.0,0.13,0,7.2,0,0
4342,Kobe Sushi,81,2,14.24,73.85,24.0,0.24,2,0.5,0,1
4343,Nubori Experience,15,3,54.57,414.79,56.0,0.31,0,1.5,0,1
4344,Nubori Experience,90,6,91.32,1302.46,40.0,0.76,0,4.7,0,0
4345,Noe Sushi Bar,44,3,58.56,679.47,46.0,0.05,0,1.8,0,0
4346,Kobe Sushi,92,6,19.94,422.66,26.0,0.13,0,3.6,0,0
4347,Chef Choy,42,6,37.61,670.49,50.0,0.06,0,4.3,0,0
4348,Noe Sushi Bar,45,8,58.39,1000.45,71.0,0.45,0,5.2,0,0
4349,Nubori Experience,94,4,48.06,440.18,68.0,0.18,0,2.2,0,0
4350,Noe Sushi Bar,107,3,30.68,169.62,58.0,0.31,0,7.7,1,0
4351,Chef Choy,35,7,10.0,128.04,20.0,0.51,0,4.4,0,1
4352,Noe Sushi Bar,22,4,81.69,1109.01,52.0,0.43,3,14.3,1,0
4353,Noe Sushi Bar,74,8,45.85,826.88,35.0,0.29,0,2.5,0,1
4354,Nubori Experience,75,7,66.42,954.73,44.0,0.27,0,1.9,0,1
4355,Noe Sushi Bar,38,5,42.64,524.34,47.0,0.15,1,12.1,0,0
4356,Noe Sushi Bar,97,5,44.2,737.9,42.0,0.44,0,4.2,1,0
4357,Kobe Sushi,70,3,17.29,103.87,50.0,0.66,1,4.2,1,0
4358,Noe Sushi Bar,64,7,33.32,603.07,62.0,0.31,0,1.6,1,0
4359,Noe Sushi Bar,101,8,58.3,1326.45,65.0,0.28,0,3.2,1,1
4360,Kobe Sushi,7,7,11.69,274.49,44.0,0.38,0,13.3,0,0
4361,Kobe Sushi,118,7,24.13,270.52,35.0,0.27,0,5.6,0,1
4362,Noe Sushi Bar,44,11,42.15,1124.91,44.0,0.18,0,3.9,0,1
4363,Chef Choy,76,5,21.42,323.74,48.0,0.24,0,0.9,1,0
4364,Noe Sushi Bar,7,5,17.4,314.38,35.0,0.41,0,18.0,0,0
4365,Kobe Sushi,66,6,22.39,507.57,52.0,0.43,0,4.4,0,0
4366,Noe Sushi Bar,60,7,29.34,505.79,48.0,0.16,0,8.9,0,1
4367,Kobe Sushi,1,5,20.83,161.83,58.0,0.2,0,16.5,0,1
4368,Noe Sushi Bar,62,7,49.44,563.51,60.0,0.18,0,7.6,0,1
4369,Kobe Sushi,87,8,16.07,365.52,64.0,0.46,0,2.7,1,0
4370,Kobe Sushi,89,5,17.43,242.39,58.0,0.27,3,7.1,1,0
4371,Kobe Sushi,18,5,12.86,136.11,51.0,0.42,1,11.2,0,1
4372,Kobe Sushi,108,6,13.32,223.54,67.0,0.16,0,0.9,0,1
4373,Kobe Sushi,7,4,23.16,293.29,45.0,0.03,0,3.9,0,1
4374,Kobe Sushi,115,1,14.85,38.36,69.0,0.23,0,10.2,0,1
4375,Noe Sushi Bar,54,6,47.33,494.4,54.0,0.32,0,4.5,1,0
4376,Noe Sushi Bar,67,6,19.23,267.36,55.0,0.38,0,10.8,0,0
4377,Kobe Sushi,93,2,18.06,112.98,48.0,0.29,0,2.4,1,0
4378,Nubori Experience,10,3,67.16,489.51,52.0,0.28,0,5.5,0,1
4379,Kobe Sushi,61,8,10.0,138.68,48.0,0.48,0,2.7,0,0
4380,Noe Sushi Bar,59,5,57.31,753.94,45.0,0.42,0,2.8,0,1
4381,Kobe Sushi,59,7,16.02,303.18,32.0,0.28,0,1.8,0,0
4382,Kobe Sushi,107,10,12.27,337.87,58.0,0.62,0,7.0,1,0
4383,Noe Sushi Bar,69,5,53.92,728.83,43.0,0.41,0,1.0,0,1
4384,Noe Sushi Bar,63,4,43.54,412.7,26.0,0.28,0,25.7,1,0
4385,Nubori Experience,98,6,81.05,1401.99,32.0,0.5,1,1.6,0,0
4386,Noe Sushi Bar,8,7,57.87,741.96,43.0,0.13,0,1.5,0,1
4387,Nubori Experience,78,4,64.97,635.43,64.0,0.48,0,0.6,0,0
4388,Kobe Sushi,104,9,22.96,460.95,42.0,0.59,1,0.5,1,0
4389,Kobe Sushi,55,10,34.92,733.99,40.0,0.55,3,6.8,1,0
4390,Kobe Sushi,6,7,16.01,298.28,37.0,0.45,0,13.4,0,0
4391,Kobe Sushi,1,5,18.83,324.35,77.0,0.38,1,8.2,1,0
4392,Noe Sushi Bar,56,8,59.71,1467.97,44.0,0.28,0,0.5,0,1
4393,Noe Sushi Bar,97,5,57.05,497.6,20.0,0.13,0,0.7,1,1
4394,Kobe Sushi,104,5,24.82,335.24,69.0,0.3,0,7.6,1,0
4395,Nubori Experience,75,6,75.16,1653.39,61.0,0.15,3,4.3,1,0
4396,Nubori Experience,114,3,74.71,860.48,44.0,0.45,1,4.0,0,1
4397,Kobe Sushi,88,4,12.64,152.98,38.0,0.42,0,8.4,1,0
4398,Kobe Sushi,10,8,19.7,465.43,60.0,0.84,0,7.7,1,0
4399,Kobe Sushi,108,6,23.39,416.15,32.0,0.31,0,5.8,1,0
4400,Kobe Sushi,116,6,11.25,229.96,49.0,0.07,0,0.5,0,0
4401,Kobe Sushi,23,3,14.0,152.4,25.0,0.23,0,10.4,0,0
4402,Noe Sushi Bar,16,7,24.98,490.99,66.0,0.27,0,7.0,1,0
4403,Kobe Sushi,101,8,15.49,306.12,33.0,0.08,0,3.8,0,1
4404,Kobe Sushi,16,6,10.0,233.32,44.0,0.64,0,7.1,1,0
4405,Nubori Experience,56,8,85.74,1488.48,49.0,0.5,0,0.5,1,0
4406,Noe Sushi Bar,108,7,43.16,751.78,51.0,0.41,0,24.6,1,0
4407,Nubori Experience,95,4,68.39,960.65,72.0,0.6,0,9.3,0,1
4408,Kobe Sushi,6,5,10.0,83.29,55.0,0.38,1,0.5,0,1
4409,Kobe Sushi,30,8,21.6,450.53,23.0,0.39,0,1.0,0,1
4410,Noe Sushi Bar,63,3,53.78,420.43,29.0,0.37,0,13.6,0,0
4411,Kobe Sushi,101,9,15.1,473.45,39.0,0.11,0,0.7,0,1
4412,Kobe Sushi,1,6,10.0,183.16,27.0,0.21,0,3.5,0,0
4413,Noe Sushi Bar,51,2,38.2,145.42,52.0,0.68,0,5.5,0,1
4414,Noe Sushi Bar,106,5,44.32,511.23,66.0,0.25,0,2.3,0,1
4415,Noe Sushi Bar,89,3,25.08,237.63,80.0,0.47,0,2.4,0,1
4416,Noe Sushi Bar,46,6,49.62,654.03,69.0,0.43,1,0.5,1,0
4417,Noe Sushi Bar,21,7,58.99,1311.17,64.0,0.59,0,2.5,0,1
4418,Kobe Sushi,99,8,21.07,294.33,39.0,0.39,0,3.3,1,0
4419,Kobe Sushi,38,4,11.94,96.93,74.0,0.34,0,20.5,0,0
4420,Kobe Sushi,69,6,10.0,186.25,54.0,0.11,0,5.0,0,1
4421,Kobe Sushi,63,4,33.8,223.71,48.0,0.56,0,1.4,0,1
4422,Nubori Experience,113,9,88.08,3095.22,34.0,0.64,0,1.1,1,0
4423,Noe Sushi Bar,50,7,49.2,1209.48,65.0,0.25,0,16.6,0,0
4424,Noe Sushi Bar,12,6,26.46,475.09,70.0,0.31,0,14.3,0,1
4425,Kobe Sushi,69,7,18.0,270.56,63.0,0.57,0,13.0,0,1
4426,Kobe Sushi,73,9,25.18,719.0,22.0,0.14,0,2.4,0,0
4427,Kobe Sushi,44,9,12.65,320.09,28.0,0.39,0,7.5,0,0
4428,Kobe Sushi,52,5,20.12,313.86,23.0,0.15,0,7.0,0,0
4429,Kobe Sushi,9,2,22.24,129.93,46.0,0.21,0,1.4,0,1
4430,Chef Choy,99,9,10.33,157.05,53.0,0.73,0,1.6,0,0
4431,Noe Sushi Bar,65,7,52.76,1354.18,58.0,0.13,0,5.3,0,0
4432,Noe Sushi Bar,118,3,16.12,105.94,50.0,0.51,0,0.9,0,1
4433,Noe Sushi Bar,111,8,42.98,733.33,40.0,0.33,0,23.0,0,1
4434,Nubori Experience,10,3,53.78,358.27,39.0,0.32,1,3.3,0,0
4435,Kobe Sushi,46,9,21.71,469.06,44.0,0.12,0,1.1,0,1
4436,Kobe Sushi,103,7,18.67,243.99,30.0,0.44,0,5.9,0,1
4437,Kobe Sushi,100,6,20.94,266.01,47.0,0.23,0,0.5,1,0
4438,Chef Choy,58,7,34.13,562.69,46.0,0.59,0,1.1,0,0
4439,Nubori Experience,37,6,69.46,771.47,48.0,0.17,0,1.5,0,0
4440,Kobe Sushi,52,7,11.23,226.37,54.0,0.28,0,3.6,1,0
4441,Nubori Experience,112,3,74.93,410.03,48.0,0.36,1,0.5,1,0
4442,Nubori Experience,99,3,73.7,404.97,58.0,0.15,0,0.9,1,0
4443,Kobe Sushi,81,11,18.35,636.02,30.0,0.11,0,10.3,1,0
4444,Kobe Sushi,13,6,13.59,313.98,48.0,0.21,0,15.5,0,1
4445,Noe Sushi Bar,6,7,37.51,692.43,52.0,0.27,0,25.6,0,0
4446,Nubori Experience,58,5,62.99,742.7,72.0,0.55,0,5.5,0,0
4447,Kobe Sushi,101,5,17.82,299.0,61.0,0.1,0,11.7,0,0
4448,Chef Choy,48,11,15.76,498.45,20.0,0.72,0,1.0,0,0
4449,Kobe Sushi,32,5,18.06,244.8,46.0,0.13,0,0.5,0,0
4450,Noe Sushi Bar,11,6,68.84,1197.73,61.0,0.41,0,2.5,0,1
4451,Noe Sushi Bar,81,7,49.38,1363.31,38.0,0.12,0,0.7,0,0
4452,Noe Sushi Bar,5,4,61.0,868.62,20.0,0.1,0,15.7,0,1
4453,Nubori Experience,6,4,53.94,844.33,37.0,0.05,0,8.4,0,1
4454,Nubori Experience,74,3,81.09,602.42,29.0,0.55,0,6.5,0,1
4455,Nubori Experience,117,7,79.3,1757.69,48.0,0.38,0,0.6,0,1
4456,Kobe Sushi,97,11,25.6,930.09,61.0,0.13,0,30.0,1,0
4457,Noe Sushi Bar,94,8,64.14,799.36,34.0,0.38,0,0.5,0,0
4458,Kobe Sushi,21,7,20.92,433.21,40.0,0.5,0,15.0,0,0
4459,Noe Sushi Bar,42,6,41.5,606.35,20.0,0.48,0,2.2,0,0
4460,Noe Sushi Bar,81,7,32.85,842.59,56.0,0.53,0,0.5,1,0
4461,Noe Sushi Bar,27,10,29.05,516.67,38.0,0.22,1,9.1,0,0
4462,Noe Sushi Bar,3,6,34.34,319.32,39.0,0.56,0,1.6,0,1
4463,Nubori Experience,60,8,83.55,1896.97,71.0,0.5,0,2.9,0,0
4464,Kobe Sushi,93,9,15.89,456.68,64.0,0.34,1,8.9,1,0
4465,Noe Sushi Bar,66,2,52.83,315.77,28.0,0.28,1,5.4,0,1
4466,Kobe Sushi,93,4,18.55,197.15,37.0,0.6,0,12.1,0,0
4467,Kobe Sushi,49,6,17.91,410.14,51.0,0.28,0,6.0,0,1
4468,Kobe Sushi,100,7,28.5,302.33,46.0,0.61,0,10.1,0,0
4469,Nubori Experience,34,6,59.51,697.39,20.0,0.75,0,21.1,0,0
4470,Nubori Experience,37,7,53.62,971.09,33.0,0.17,0,5.1,0,1
4471,Nubori Experience,42,4,57.97,375.59,42.0,0.14,0,2.0,0,1
4472,Nubori Experience,65,4,59.06,930.68,53.0,0.64,0,20.0,0,1
4473,Kobe Sushi,60,6,26.63,364.72,26.0,0.14,1,15.3,0,1
4474,Kobe Sushi,90,2,10.0,45.3,51.0,0.18,0,13.5,0,0
4475,Noe Sushi Bar,1,7,53.29,1255.97,72.0,0.23,0,4.1,1,0
4476,Noe Sushi Bar,59,8,45.54,1004.78,59.0,0.13,0,0.5,0,1
4477,Noe Sushi Bar,4,8,46.15,829.09,20.0,0.08,0,2.4,0,0
4478,Kobe Sushi,103,6,17.47,300.41,43.0,0.48,0,16.2,1,1
4479,Noe Sushi Bar,14,7,37.59,878.42,69.0,0.52,0,11.2,0,0
4480,Noe Sushi Bar,110,8,66.05,804.55,63.0,0.58,0,5.0,0,1
4481,Kobe Sushi,18,7,13.73,363.58,54.0,0.41,2,4.6,0,1
4482,Noe Sushi Bar,34,9,40.9,1407.72,42.0,0.22,1,1.3,0,1
4483,Noe Sushi Bar,1,4,36.31,546.58,49.0,0.63,0,4.6,0,0
4484,Noe Sushi Bar,53,8,54.97,948.07,55.0,0.3,0,6.0,1,0
4485,Kobe Sushi,22,5,17.42,181.03,43.0,0.24,0,8.7,1,0
4486,Noe Sushi Bar,80,5,34.14,290.3,52.0,0.19,0,0.9,1,0
4487,Kobe Sushi,61,9,16.67,255.52,22.0,0.28,0,3.4,0,1
4488,Kobe Sushi,22,10,21.42,618.25,40.0,0.49,0,30.0,0,0
4489,Chef Choy,50,9,21.13,298.04,33.0,0.31,0,12.9,1,0
4490,Noe Sushi Bar,16,3,42.43,331.2,45.0,0.27,0,3.5,0,1
4491,Kobe Sushi,28,11,10.06,332.39,42.0,0.19,0,0.5,1,0
4492,Noe Sushi Bar,92,5,55.49,607.39,41.0,0.28,0,2.7,1,0
4493,Noe Sushi Bar,119,6,34.02,641.91,58.0,0.37,0,11.2,0,1
4494,Chef Choy,86,5,21.5,183.76,25.0,0.32,0,2.6,0,1
4495,Noe Sushi Bar,120,6,33.82,360.9,51.0,0.13,0,13.5,0,0
4496,Noe Sushi Bar,70,2,47.35,295.39,60.0,0.54,0,10.8,1,0
4497,Noe Sushi Bar,89,4,28.8,334.79,54.0,0.25,0,7.1,1,0
4498,Kobe Sushi,42,5,21.97,240.44,53.0,0.29,0,0.5,0,0
4499,Kobe Sushi,66,6,25.62,493.1,66.0,0.73,0,5.1,0,0
4500,Noe Sushi Bar,71,3,57.36,362.39,77.0,0.14,0,9.0,1,0
4501,Noe Sushi Bar,117,9,36.34,508.1,34.0,0.3,1,10.4,1,0
4502,Noe Sushi Bar,81,4,69.57,546.07,62.0,0.08,0,13.2,1,0
4503,Kobe Sushi,35,4,19.97,252.2,43.0,0.19,0,2.1,0,0
4504,Kobe Sushi,20,6,21.62,346.52,52.0,0.16,0,7.5,0,1
4505,Noe Sushi Bar,108,5,50.63,786.32,54.0,0.04,0,8.0,0,0
4506,Kobe Sushi,2,3,14.73,111.77,47.0,0.48,0,6.5,0,0
4507,Noe Sushi Bar,7,9,46.07,1107.73,34.0,0.19,0,6.8,0,0
4508,Kobe Sushi,96,6,25.07,245.59,45.0,0.29,0,4.6,1,0
4509,Noe Sushi Bar,49,14,29.67,1537.17,53.0,0.09,0,12.0,0,0
4510,Nubori Experience,83,4,72.64,554.37,49.0,0.35,3,1.4,1,0
4511,Kobe Sushi,76,10,14.41,248.32,53.0,0.23,0,11.7,0,1
4512,Noe Sushi Bar,9,6,28.93,521.22,65.0,0.17,0,28.0,0,0
4513,Kobe Sushi,27,4,26.66,241.84,52.0,0.1,0,11.3,0,0
4514,Noe Sushi Bar,78,5,35.82,689.61,44.0,0.19,0,1.2,0,0
4515,Noe Sushi Bar,2,8,50.06,926.96,47.0,0.42,0,1.9,0,1
4516,Noe Sushi Bar,85,8,25.92,797.55,30.0,0.23,1,3.5,1,0
4517,Noe Sushi Bar,68,3,41.6,371.98,24.0,0.1,0,3.0,0,0
4518,Nubori Experience,60,3,51.82,610.7,56.0,0.3,0,2.4,0,1
4519,Kobe Sushi,115,5,13.59,115.8,38.0,0.27,0,2.8,1,0
4520,Kobe Sushi,85,5,20.06,395.22,75.0,0.26,0,9.7,0,1
4521,Nubori Experience,112,10,70.28,1857.44,38.0,0.36,0,8.0,0,1
4522,Noe Sushi Bar,86,5,48.12,604.04,45.0,0.59,0,5.3,1,0
4523,Nubori Experience,49,10,57.32,1819.88,59.0,0.43,1,1.6,1,0
4524,Noe Sushi Bar,2,7,38.18,940.7,41.0,0.41,0,6.9,0,0
4525,Nubori Experience,17,8,58.45,1755.67,34.0,0.51,2,3.3,0,1
4526,Noe Sushi Bar,83,9,33.28,1036.62,42.0,0.12,0,11.0,1,0
4527,Noe Sushi Bar,104,3,47.2,393.63,63.0,0.19,0,7.6,1,0
4528,Nubori Experience,88,5,61.13,1085.13,52.0,0.45,0,1.2,0,1
4529,Noe Sushi Bar,20,3,49.46,480.68,29.0,0.25,0,5.8,0,0
4530,Kobe Sushi,102,5,23.79,362.92,24.0,0.45,0,0.5,1,1
4531,Kobe Sushi,76,8,27.91,621.81,70.0,0.26,0,1.3,1,0
4532,Kobe Sushi,89,8,19.71,387.84,64.0,0.23,1,9.2,0,0
4533,Kobe Sushi,87,3,17.85,84.19,38.0,0.08,0,1.4,0,1
4534,Kobe Sushi,114,3,13.12,59.25,22.0,0.15,1,3.6,0,0
4535,Noe Sushi Bar,98,3,37.73,224.3,30.0,0.13,0,0.5,1,0
4536,Noe Sushi Bar,32,7,53.0,1162.64,68.0,0.29,0,16.5,1,0
4537,Noe Sushi Bar,51,3,49.16,497.34,47.0,0.5,2,4.5,1,0
4538,Noe Sushi Bar,88,10,51.09,2024.4,41.0,0.57,2,3.4,1,0
4539,Kobe Sushi,42,4,15.92,244.53,42.0,0.14,0,2.4,1,0
4540,Kobe Sushi,63,6,11.98,274.75,60.0,0.18,0,7.3,1,0
4541,Kobe Sushi,89,4,25.53,179.56,46.0,0.44,0,0.6,1,0
4542,Noe Sushi Bar,61,2,41.39,308.26,20.0,0.53,0,0.9,0,1
4543,Kobe Sushi,62,9,20.01,666.83,43.0,0.46,0,1.8,0,1
4544,Kobe Sushi,3,3,13.57,77.92,54.0,0.41,0,13.1,0,0
4545,Noe Sushi Bar,89,7,44.28,867.21,50.0,0.25,0,2.2,1,0
4546,Nubori Experience,92,11,62.05,2541.02,46.0,0.29,0,0.6,1,0
4547,Kobe Sushi,76,10,21.4,369.29,36.0,0.51,0,22.9,1,0
4548,Noe Sushi Bar,26,7,32.7,376.43,62.0,0.24,1,1.2,0,1
4549,Noe Sushi Bar,48,4,37.45,545.52,55.0,0.44,1,0.6,0,0
4550,Chef Choy,108,3,28.87,319.57,41.0,0.56,0,0.5,0,0
4551,Nubori Experience,8,5,74.98,605.84,41.0,0.09,0,4.1,0,1
4552,Kobe Sushi,5,5,12.96,131.25,28.0,0.15,0,3.6,0,1
4553,Kobe Sushi,11,7,10.0,262.36,32.0,0.42,1,8.1,1,0
4554,Nubori Experience,42,2,47.8,183.53,61.0,0.18,0,2.4,0,0
4555,Noe Sushi Bar,99,4,56.75,750.58,42.0,0.08,0,4.4,1,0
4556,Noe Sushi Bar,91,4,37.75,335.18,79.0,0.27,0,3.8,0,1
4557,Noe Sushi Bar,119,5,25.96,494.35,51.0,0.44,1,4.0,0,0
4558,Noe Sushi Bar,41,4,52.43,637.97,40.0,0.16,1,0.8,0,1
4559,Nubori Experience,108,7,67.57,1821.83,33.0,0.67,0,8.9,1,0
4560,Nubori Experience,102,4,58.05,804.68,59.0,0.31,0,3.5,0,1
4561,Noe Sushi Bar,19,6,60.7,918.91,63.0,0.24,1,0.5,0,1
4562,Kobe Sushi,48,7,10.0,271.85,30.0,0.36,0,8.0,0,0
4563,Nubori Experience,53,2,79.62,405.89,62.0,0.26,0,6.0,0,1
4564,Kobe Sushi,55,8,16.39,281.14,44.0,0.46,1,2.9,0,1
4565,Kobe Sushi,120,5,14.33,256.36,37.0,0.12,0,7.3,0,1
4566,Nubori Experience,61,4,94.28,1185.14,52.0,0.31,0,3.7,0,1
4567,Kobe Sushi,32,5,16.31,147.56,54.0,0.33,0,5.3,0,0
4568,Kobe Sushi,46,2,12.32,37.85,49.0,0.78,0,0.9,0,1
4569,Kobe Sushi,92,5,10.0,131.96,24.0,0.21,0,0.7,0,1
4570,Nubori Experience,36,2,74.27,476.76,64.0,0.04,0,1.0,0,0
4571,Noe Sushi Bar,18,3,35.4,385.97,40.0,0.38,0,1.3,1,1
4572,Noe Sushi Bar,74,4,28.2,438.9,49.0,0.43,0,1.3,0,1
4573,Kobe Sushi,96,5,23.13,398.5,50.0,0.38,1,1.4,1,0
4574,Chef Choy,18,9,21.78,713.55,51.0,0.33,2,0.6,0,0
4575,Chef Choy,12,6,36.81,553.41,31.0,0.55,0,5.5,0,1
4576,Kobe Sushi,115,6,18.21,181.01,43.0,0.27,0,5.6,1,0
4577,Noe Sushi Bar,72,7,40.52,785.88,33.0,0.51,1,3.9,0,0
4578,Kobe Sushi,97,6,21.84,381.03,52.0,0.33,2,11.0,0,1
4579,Nubori Experience,46,7,51.0,983.0,44.0,0.06,0,10.1,0,1
4580,Noe Sushi Bar,55,13,17.62,388.68,20.0,0.16,1,3.9,0,1
4581,Nubori Experience,38,5,71.68,876.18,44.0,0.15,2,3.2,1,0
4582,Kobe Sushi,78,3,18.91,98.2,64.0,0.22,0,10.3,0,1
4583,Chef Choy,2,4,33.41,523.99,44.0,0.1,0,5.7,0,0
4584,Chef Choy,9,8,18.96,294.3,32.0,0.17,0,8.2,1,0
4585,Noe Sushi Bar,108,5,55.63,598.19,70.0,0.2,0,1.8,0,1
4586,Nubori Experience,5,8,47.94,842.39,48.0,0.21,0,0.5,0,1
4587,Kobe Sushi,98,6,14.29,213.63,38.0,0.09,0,1.6,0,0
4588,Kobe Sushi,19,2,17.96,122.76,39.0,0.38,2,1.6,0,0
4589,Noe Sushi Bar,71,5,45.75,483.65,29.0,0.48,0,17.8,0,0
4590,Noe Sushi Bar,39,10,23.95,849.12,64.0,0.09,0,3.3,0,1
4591,Noe Sushi Bar,42,5,56.99,466.97,41.0,0.17,0,3.5,0,1
4592,Kobe Sushi,17,8,15.57,407.22,51.0,0.28,1,8.8,1,0
4593,Noe Sushi Bar,63,7,46.36,1112.5,63.0,0.24,0,5.8,0,1
4594,Kobe Sushi,90,2,26.17,79.72,80.0,0.56,0,2.6,0,0
4595,Noe Sushi Bar,46,4,41.08,327.24,78.0,0.14,0,8.6,0,1
4596,Noe Sushi Bar,91,6,38.08,565.16,54.0,0.11,0,6.4,0,0
4597,Noe Sushi Bar,107,8,26.44,418.5,26.0,0.42,0,8.3,0,0
4598,Kobe Sushi,92,3,20.96,228.43,30.0,0.4,2,1.1,0,0
4599,Noe Sushi Bar,20,8,17.33,301.83,20.0,0.49,0,19.6,0,0
4600,Kobe Sushi,70,7,15.33,211.64,43.0,0.34,0,9.0,1,0
4601,Kobe Sushi,8,5,18.32,172.46,33.0,0.23,0,5.6,0,1
4602,Chef Choy,96,8,31.88,843.28,40.0,0.08,0,2.1,0,0
4603,Nubori Experience,19,9,81.78,2686.93,39.0,0.4,0,6.0,0,1
4604,Kobe Sushi,32,6,13.6,141.21,53.0,0.11,0,3.1,0,0
4605,Chef Choy,19,4,18.38,280.22,51.0,0.34,0,3.7,0,0
4606,Nubori Experience,24,4,78.57,1099.88,32.0,0.15,1,4.7,0,1
4607,Nubori Experience,24,4,59.5,428.02,55.0,0.2,1,2.0,1,0
4608,Kobe Sushi,56,6,17.94,356.09,71.0,0.49,0,0.5,0,1
4609,Nubori Experience,81,7,56.75,1579.32,31.0,0.34,0,3.3,0,1
4610,Kobe Sushi,120,4,12.27,117.35,37.0,0.34,0,3.6,0,1
4611,Kobe Sushi,120,10,21.34,706.15,53.0,0.51,0,1.4,0,1
4612,Kobe Sushi,18,7,26.93,316.38,31.0,0.46,1,3.4,0,0
4613,Noe Sushi Bar,12,8,48.65,1443.39,47.0,0.28,0,11.6,0,0
4614,Kobe Sushi,41,6,24.43,431.84,72.0,0.59,0,1.3,1,0
4615,Kobe Sushi,87,9,23.44,484.58,42.0,0.38,0,13.0,0,0
4616,Kobe Sushi,120,6,15.01,256.27,37.0,0.43,0,1.3,1,0
4617,Nubori Experience,48,6,28.3,625.64,56.0,0.38,0,22.0,0,0
4618,Nubori Experience,82,4,58.78,495.37,23.0,0.41,0,1.3,1,0
4619,Kobe Sushi,64,6,18.41,193.41,51.0,0.37,0,8.9,0,1
4620,Nubori Experience,16,6,55.16,689.88,47.0,0.6,0,4.7,0,1
4621,Nubori Experience,80,6,83.68,895.19,63.0,0.27,0,0.8,0,1
4622,Chef Choy,100,8,29.65,645.63,20.0,0.22,3,8.3,1,0
4623,Kobe Sushi,23,8,17.03,406.03,53.0,0.07,0,1.7,1,0
4624,Noe Sushi Bar,86,8,32.51,677.61,85.0,0.25,0,1.9,0,1
4625,Nubori Experience,39,5,49.99,411.91,51.0,0.35,0,8.2,0,1
4626,Noe Sushi Bar,33,6,42.3,742.35,60.0,0.48,0,0.6,0,1
4627,Kobe Sushi,24,10,33.45,853.9,34.0,0.4,0,1.4,0,1
4628,Noe Sushi Bar,61,6,21.95,458.08,45.0,0.54,0,1.8,0,0
4629,Noe Sushi Bar,55,5,41.51,761.12,29.0,0.32,0,13.5,0,1
4630,Noe Sushi Bar,61,5,29.15,563.22,44.0,0.05,0,2.5,0,0
4631,Kobe Sushi,84,10,16.8,514.07,42.0,0.58,0,1.6,1,0
4632,Kobe Sushi,97,10,21.43,797.12,23.0,0.24,0,0.6,0,1
4633,Nubori Experience,95,7,37.97,662.07,41.0,0.46,0,0.5,0,1
4634,Nubori Experience,40,4,63.55,861.11,62.0,0.32,0,2.5,1,0
4635,Kobe Sushi,58,8,23.26,281.32,82.0,0.74,1,4.3,0,0
4636,Nubori Experience,119,6,78.26,774.96,50.0,0.18,0,2.3,0,1
4637,Kobe Sushi,72,5,23.59,374.7,27.0,0.15,0,2.8,0,0
4638,Noe Sushi Bar,74,9,45.89,1597.29,29.0,0.43,0,2.2,0,0
4639,Chef Choy,1,9,30.48,933.19,22.0,0.31,1,20.1,1,0
4640,Nubori Experience,85,5,67.3,523.04,27.0,0.28,0,0.8,1,0
4641,Nubori Experience,25,4,57.14,908.77,55.0,0.18,0,1.7,0,0
4642,Kobe Sushi,96,9,23.92,658.61,57.0,0.08,0,10.1,0,0
4643,Nubori Experience,53,9,66.71,1128.8,32.0,0.09,1,14.7,0,1
4644,Kobe Sushi,61,7,29.26,412.0,35.0,0.44,0,0.5,0,0
4645,Noe Sushi Bar,46,8,35.35,942.52,64.0,0.42,0,5.4,1,0
4646,Noe Sushi Bar,110,8,49.0,934.77,45.0,0.24,0,2.0,1,0
4647,Noe Sushi Bar,74,5,42.85,842.29,35.0,0.19,0,1.2,0,1
4648,Kobe Sushi,60,8,10.87,293.63,39.0,0.67,0,8.0,1,0
4649,Nubori Experience,51,4,53.99,661.36,41.0,0.56,0,16.6,0,0
4650,Kobe Sushi,112,8,20.93,585.75,61.0,0.28,0,3.2,0,0
4651,Kobe Sushi,73,7,12.69,207.72,58.0,0.25,0,1.5,1,0
4652,Noe Sushi Bar,84,3,43.14,310.79,47.0,0.56,0,9.1,1,0
4653,Noe Sushi Bar,48,6,26.84,513.43,21.0,0.44,0,4.1,0,1
4654,Nubori Experience,84,4,54.59,776.38,44.0,0.13,0,3.7,0,0
4655,Kobe Sushi,40,7,19.28,243.59,56.0,0.61,1,2.5,0,0
4656,Kobe Sushi,7,6,19.07,425.95,34.0,0.49,0,4.1,0,0
4657,Nubori Experience,75,6,68.47,639.08,64.0,0.23,0,3.0,0,0
4658,Noe Sushi Bar,85,7,38.69,1075.18,30.0,0.66,0,2.3,1,0
4659,Kobe Sushi,102,7,17.88,394.16,36.0,0.33,0,10.0,0,0
4660,Noe Sushi Bar,111,5,47.61,926.19,41.0,0.12,0,1.9,1,0
4661,Noe Sushi Bar,19,5,61.8,813.92,55.0,0.08,0,8.2,0,0
4662,Noe Sushi Bar,110,3,44.66,419.17,36.0,0.09,0,5.1,0,0
4663,Noe Sushi Bar,15,2,53.45,323.29,20.0,0.11,0,8.4,0,1
4664,Nubori Experience,70,9,57.17,1728.85,41.0,0.43,1,2.6,1,0
4665,Nubori Experience,61,6,78.64,1221.93,51.0,0.22,0,0.6,0,0
4666,Noe Sushi Bar,56,9,40.83,746.57,69.0,0.28,0,4.9,1,0
4667,Kobe Sushi,10,7,24.54,643.92,68.0,0.23,0,1.6,0,0
4668,Nubori Experience,46,8,85.25,1796.09,38.0,0.35,0,0.5,1,0
4669,Noe Sushi Bar,80,7,48.54,599.5,33.0,0.15,0,4.1,0,0
4670,Noe Sushi Bar,109,11,44.68,907.09,33.0,0.19,0,4.3,0,1
4671,Kobe Sushi,75,3,19.95,183.18,36.0,0.8,1,7.1,1,0
4672,Nubori Experience,57,8,60.34,787.51,40.0,0.43,0,16.5,1,0
4673,Noe Sushi Bar,35,2,32.92,204.0,47.0,0.36,1,12.8,1,1
4674,Kobe Sushi,72,7,10.0,123.86,42.0,0.58,0,0.5,0,0
4675,Noe Sushi Bar,92,4,57.22,759.57,32.0,0.39,0,0.6,0,0
4676,Nubori Experience,3,5,85.82,866.6,29.0,0.46,0,3.0,0,0
4677,Kobe Sushi,66,10,19.02,665.3,65.0,0.22,0,7.1,0,0
4678,Nubori Experience,53,4,56.18,532.9,20.0,0.53,0,10.0,0,1
4679,Noe Sushi Bar,78,5,46.25,744.53,50.0,0.14,0,1.7,1,0
4680,Noe Sushi Bar,52,5,32.71,441.62,63.0,0.47,0,1.6,0,1
4681,Kobe Sushi,93,5,23.18,462.45,37.0,0.48,0,14.0,0,0
4682,Kobe Sushi,53,4,10.0,101.67,39.0,0.18,0,0.5,1,1
4683,Nubori Experience,54,4,66.57,975.07,67.0,0.36,0,3.1,0,0
4684,Kobe Sushi,47,5,19.01,359.77,47.0,0.21,1,1.4,0,1
4685,Chef Choy,3,5,33.94,510.28,55.0,0.71,0,2.3,0,1
4686,Kobe Sushi,65,7,19.18,273.11,53.0,0.49,0,11.9,0,0
4687,Kobe Sushi,15,9,24.47,790.78,36.0,0.15,1,2.4,0,1
4688,Kobe Sushi,84,9,13.52,443.54,56.0,0.65,0,0.5,0,1
4689,Noe Sushi Bar,86,7,52.68,586.58,42.0,0.49,0,7.4,0,1
4690,Nubori Experience,34,8,74.69,2334.26,41.0,0.26,0,13.1,0,1
4691,Kobe Sushi,50,4,14.11,188.17,32.0,0.29,0,19.1,0,0
4692,Kobe Sushi,33,5,18.28,222.45,28.0,0.39,0,3.1,0,0
4693,Kobe Sushi,73,3,13.46,139.87,20.0,0.14,2,17.8,0,0
4694,Noe Sushi Bar,3,9,48.04,1202.38,43.0,0.47,0,15.4,0,0
4695,Noe Sushi Bar,2,5,47.33,378.19,61.0,0.2,0,2.2,0,1
4696,Nubori Experience,4,7,68.98,960.8,47.0,0.32,0,6.0,0,0
4697,Noe Sushi Bar,16,6,36.05,655.11,74.0,0.32,0,0.5,0,1
4698,Noe Sushi Bar,54,7,54.43,1209.25,68.0,0.42,0,3.1,0,0
4699,Kobe Sushi,33,8,10.0,302.22,23.0,0.31,0,11.7,0,1
4700,Nubori Experience,9,4,51.84,715.87,89.0,0.07,0,0.7,1,0
4701,Kobe Sushi,57,6,18.98,381.46,34.0,0.66,0,3.4,0,1
4702,Kobe Sushi,40,1,19.09,55.07,33.0,0.75,0,11.1,0,0
4703,Noe Sushi Bar,102,5,55.29,533.89,82.0,0.21,0,4.5,1,0
4704,Noe Sushi Bar,52,9,42.78,1301.22,53.0,0.44,0,1.5,1,0
4705,Noe Sushi Bar,82,6,35.56,560.14,35.0,0.24,0,16.2,1,0
4706,Noe Sushi Bar,16,8,33.64,512.48,40.0,0.52,0,9.3,0,1
4707,Chef Choy,8,5,33.66,410.48,55.0,0.1,2,4.3,1,0
4708,Kobe Sushi,87,3,27.81,266.04,56.0,0.14,0,30.0,1,0
4709,Nubori Experience,60,8,56.87,1295.98,59.0,0.38,1,1.7,0,1
4710,Noe Sushi Bar,36,5,67.93,1150.99,37.0,0.2,0,18.3,0,0
4711,Noe Sushi Bar,3,9,43.69,1356.6,40.0,0.49,0,2.5,0,1
4712,Noe Sushi Bar,15,6,36.89,864.34,52.0,0.15,0,0.5,1,1
4713,Kobe Sushi,102,6,18.06,221.48,22.0,0.51,0,4.1,0,1
4714,Chef Choy,97,7,31.64,442.74,55.0,0.31,0,14.4,0,0
4715,Noe Sushi Bar,82,7,32.25,694.7,49.0,0.28,0,17.4,0,0
4716,Kobe Sushi,23,7,21.88,342.38,36.0,0.43,1,2.2,0,1
4717,Noe Sushi Bar,107,3,35.2,313.59,51.0,0.52,1,4.8,0,0
4718,Nubori Experience,3,8,55.56,850.49,38.0,0.23,0,19.2,0,0
4719,Noe Sushi Bar,30,10,39.47,955.7,48.0,0.4,0,0.5,0,0
4720,Nubori Experience,45,5,36.07,491.88,46.0,0.28,0,0.5,1,0
4721,Kobe Sushi,17,2,11.4,39.39,41.0,0.33,0,6.0,0,0
4722,Kobe Sushi,114,5,19.56,279.13,53.0,0.23,1,5.1,1,0
4723,Kobe Sushi,58,7,25.78,530.22,51.0,0.6,1,5.5,1,0
4724,Noe Sushi Bar,58,4,57.91,647.88,66.0,0.13,0,0.7,0,0
4725,Kobe Sushi,96,8,23.74,304.35,58.0,0.75,0,4.8,1,0
4726,Kobe Sushi,110,6,16.4,275.81,52.0,0.21,0,5.8,1,0
4727,Nubori Experience,57,7,40.42,988.01,65.0,0.23,0,3.1,0,1
4728,Nubori Experience,7,10,68.38,2310.74,46.0,0.02,0,6.5,0,1
4729,Noe Sushi Bar,39,5,47.55,492.4,60.0,0.2,0,3.4,1,0
4730,Kobe Sushi,78,5,21.51,199.7,48.0,0.23,0,1.1,1,0
4731,Kobe Sushi,58,6,14.77,186.25,34.0,0.48,0,4.1,0,1
4732,Kobe Sushi,56,4,27.36,391.62,39.0,0.13,0,8.8,0,0
4733,Noe Sushi Bar,15,12,53.08,2143.6,67.0,0.29,1,6.1,1,0
4734,Nubori Experience,44,4,59.46,704.49,47.0,0.22,1,0.8,0,1
4735,Noe Sushi Bar,12,8,28.98,824.0,37.0,0.2,0,1.0,0,1
4736,Kobe Sushi,8,9,10.66,342.4,51.0,0.17,0,5.3,1,0
4737,Noe Sushi Bar,80,5,30.65,597.94,57.0,0.14,0,0.5,0,0
4738,Kobe Sushi,41,6,17.1,163.48,37.0,0.29,1,7.3,0,0
4739,Kobe Sushi,34,6,17.61,186.73,53.0,0.31,0,2.2,0,0
4740,Noe Sushi Bar,46,10,60.48,2369.15,33.0,0.37,0,5.7,0,1
4741,Noe Sushi Bar,88,2,41.55,284.8,50.0,0.59,0,12.0,0,0
4742,Kobe Sushi,120,4,10.51,161.74,60.0,0.37,0,0.9,0,1
4743,Kobe Sushi,29,8,13.63,259.23,42.0,0.08,2,0.5,1,0
4744,Nubori Experience,16,5,35.49,561.36,50.0,0.23,0,0.5,0,1
4745,Kobe Sushi,5,2,18.75,98.14,49.0,0.19,0,1.0,0,1
4746,Kobe Sushi,5,6,12.44,178.81,43.0,0.31,0,14.5,0,0
4747,Kobe Sushi,116,8,17.1,535.16,36.0,0.67,0,9.9,0,0
4748,Kobe Sushi,30,10,17.38,370.03,51.0,0.12,0,10.9,0,1
4749,Kobe Sushi,117,8,10.0,174.13,25.0,0.24,1,14.3,0,1
4750,Nubori Experience,50,6,51.2,555.14,49.0,0.23,0,10.0,0,0
4751,Kobe Sushi,114,7,16.04,281.06,52.0,0.48,0,5.0,1,0
4752,Noe Sushi Bar,5,7,39.07,606.66,40.0,0.3,0,5.0,1,0
4753,Noe Sushi Bar,107,8,54.71,1238.51,47.0,0.4,0,5.6,1,0
4754,Noe Sushi Bar,13,7,24.52,559.52,55.0,0.46,3,2.8,1,0
4755,Nubori Experience,99,4,60.09,946.35,33.0,0.66,0,2.8,1,0
4756,Nubori Experience,49,9,69.79,1622.17,20.0,0.27,1,4.5,1,0
4757,Kobe Sushi,89,3,16.28,89.7,49.0,0.58,0,11.2,0,0
4758,Chef Choy,50,5,17.73,289.14,44.0,0.37,1,2.1,0,1
4759,Noe Sushi Bar,14,11,24.38,907.67,61.0,0.13,0,1.5,0,1
4760,Nubori Experience,108,3,58.26,351.01,64.0,0.49,0,4.1,1,0
4761,Noe Sushi Bar,46,11,51.59,1291.01,56.0,0.52,2,5.4,0,1
4762,Nubori Experience,90,5,68.75,705.52,35.0,0.05,0,0.5,1,0
4763,Chef Choy,82,4,31.73,428.85,63.0,0.34,0,8.0,1,1
4764,Kobe Sushi,84,5,17.95,213.5,41.0,0.19,0,3.0,1,0
4765,Noe Sushi Bar,34,6,39.18,937.31,34.0,0.59,0,2.2,0,1
4766,Nubori Experience,71,4,53.59,624.91,54.0,0.53,0,4.5,0,1
4767,Nubori Experience,47,5,34.85,604.66,42.0,0.17,0,3.5,0,1
4768,Kobe Sushi,60,10,34.41,838.28,32.0,0.36,0,3.8,0,1
4769,Noe Sushi Bar,74,9,44.58,1201.83,45.0,0.32,0,4.0,1,0
4770,Kobe Sushi,79,1,18.38,38.17,58.0,0.26,0,18.7,0,1
4771,Kobe Sushi,81,3,17.98,156.43,27.0,0.49,1,8.7,0,1
4772,Noe Sushi Bar,11,10,29.86,496.96,30.0,0.15,1,0.6,0,1
4773,Kobe Sushi,98,6,16.03,351.85,44.0,0.64,0,2.8,0,1
4774,Nubori Experience,91,8,59.95,835.4,33.0,0.38,1,2.2,0,0
4775,Kobe Sushi,85,6,14.89,186.47,27.0,0.27,0,9.6,0,1
4776,Nubori Experience,95,7,47.62,1116.17,82.0,0.34,0,0.6,0,0
4777,Kobe Sushi,50,3,15.33,126.92,78.0,0.53,0,6.5,1,0
4778,Kobe Sushi,4,1,18.31,71.07,44.0,0.29,0,1.4,1,0
4779,Kobe Sushi,41,7,23.65,277.44,25.0,0.05,0,4.5,0,0
4780,Kobe Sushi,59,4,13.6,188.66,48.0,0.17,0,1.3,0,0
4781,Kobe Sushi,60,3,16.29,162.98,50.0,0.51,0,6.9,0,1
4782,Kobe Sushi,113,4,28.0,246.49,68.0,0.14,0,14.4,0,0
4783,Noe Sushi Bar,81,4,62.76,531.11,43.0,0.22,0,1.7,0,0
4784,Kobe Sushi,113,8,23.01,423.86,63.0,0.13,0,0.5,0,0
4785,Noe Sushi Bar,62,8,43.15,877.14,42.0,0.32,0,1.2,1,0
4786,Kobe Sushi,112,9,15.09,455.15,36.0,0.19,1,0.5,1,0
4787,Nubori Experience,84,6,64.29,1147.3,34.0,0.29,0,1.1,0,1
4788,Nubori Experience,25,9,56.41,1136.99,59.0,0.44,0,11.1,0,1
4789,Noe Sushi Bar,104,4,42.77,271.11,27.0,0.48,0,0.5,0,0
4790,Kobe Sushi,87,5,17.77,322.18,41.0,0.66,0,0.9,0,1
4791,Kobe Sushi,79,6,20.56,349.4,40.0,0.28,0,0.5,0,1
4792,Nubori Experience,33,3,78.54,876.86,27.0,0.52,3,0.5,0,1
4793,Kobe Sushi,19,5,15.41,133.82,74.0,0.4,1,30.0,1,0
4794,Kobe Sushi,57,5,21.09,218.32,52.0,0.25,0,0.9,0,1
4795,Kobe Sushi,15,8,22.18,493.62,28.0,0.31,1,4.8,0,0
4796,Kobe Sushi,41,6,16.09,224.63,64.0,0.6,0,0.5,0,0
4797,Kobe Sushi,69,6,13.45,185.54,35.0,0.34,0,2.6,0,1
4798,Chef Choy,80,10,34.44,1197.98,51.0,0.15,0,4.9,1,0
4799,Kobe Sushi,60,5,23.35,254.51,40.0,0.31,0,1.2,0,1
4800,Noe Sushi Bar,109,3,46.94,316.96,73.0,0.17,0,19.4,1,0
4801,Kobe Sushi,112,12,29.59,806.71,63.0,0.65,0,8.0,0,0
4802,Kobe Sushi,96,7,29.76,468.15,24.0,0.51,0,0.7,0,0
4803,Nubori Experience,22,8,56.74,899.72,20.0,0.36,0,16.0,0,0
4804,Kobe Sushi,43,5,18.86,311.08,45.0,0.17,0,5.1,0,0
4805,Nubori Experience,32,8,37.77,710.71,20.0,0.58,3,8.3,1,0
4806,Noe Sushi Bar,13,2,45.12,200.96,65.0,0.25,1,2.6,0,1
4807,Kobe Sushi,38,4,16.86,240.66,46.0,0.62,0,1.9,0,1
4808,Nubori Experience,26,6,80.7,1363.72,29.0,0.46,0,5.8,0,1
4809,Kobe Sushi,116,3,16.61,147.66,29.0,0.36,0,8.6,0,1
4810,Nubori Experience,81,6,75.01,1348.76,38.0,0.25,1,0.5,1,0
4811,Kobe Sushi,5,6,15.6,285.14,70.0,0.52,0,1.9,0,0
4812,Nubori Experience,49,6,65.74,1005.22,43.0,0.18,0,10.0,1,1
4813,Kobe Sushi,97,6,20.64,370.98,35.0,0.52,0,11.0,0,0
4814,Noe Sushi Bar,91,4,34.62,497.06,47.0,0.25,0,14.2,0,1
4815,Chef Choy,5,8,28.95,706.54,38.0,0.19,1,1.3,0,1
4816,Nubori Experience,101,6,59.52,848.37,20.0,0.33,0,9.2,1,1
4817,Nubori Experience,71,6,67.19,715.53,53.0,0.23,0,1.0,0,1
4818,Nubori Experience,48,5,65.48,812.13,32.0,0.25,0,15.6,1,0
4819,Nubori Experience,18,3,63.81,757.63,66.0,0.36,0,13.5,0,1
4820,Kobe Sushi,95,10,13.42,398.84,41.0,0.31,0,1.2,0,0
4821,Kobe Sushi,6,7,19.69,547.49,42.0,0.29,0,4.1,0,0
4822,Kobe Sushi,66,7,22.67,320.82,24.0,0.59,0,4.0,0,0
4823,Kobe Sushi,77,5,16.76,170.06,40.0,0.71,0,12.0,0,0
4824,Kobe Sushi,42,5,18.01,208.71,45.0,0.42,0,12.2,1,0
4825,Noe Sushi Bar,117,8,34.74,1037.89,65.0,0.62,0,2.6,1,0
4826,Kobe Sushi,52,4,11.7,71.94,46.0,0.66,0,8.1,0,1
4827,Noe Sushi Bar,11,3,37.21,348.27,35.0,0.47,0,1.7,0,1
4828,Kobe Sushi,26,5,16.88,266.21,39.0,0.48,0,5.7,0,1
4829,Kobe Sushi,21,7,20.06,239.62,67.0,0.14,0,0.5,0,0
4830,Noe Sushi Bar,66,4,40.52,620.11,74.0,0.54,1,0.5,0,1
4831,Chef Choy,40,5,33.96,550.39,51.0,0.39,0,0.9,0,0
4832,Noe Sushi Bar,56,9,59.36,1384.25,76.0,0.79,0,4.7,1,0
4833,Noe Sushi Bar,118,4,38.17,601.28,30.0,0.31,1,1.2,0,1
4834,Kobe Sushi,51,8,15.04,339.02,54.0,0.32,0,11.4,0,0
4835,Noe Sushi Bar,20,6,35.15,489.55,40.0,0.49,1,17.5,0,1
4836,Kobe Sushi,81,6,21.22,357.24,54.0,0.53,0,2.1,1,0
4837,Kobe Sushi,80,11,14.01,501.21,58.0,0.25,0,2.4,1,0
4838,Noe Sushi Bar,57,8,65.02,2043.95,23.0,0.24,0,2.6,1,0
4839,Kobe Sushi,106,5,10.0,131.17,60.0,0.53,0,1.2,1,0
4840,Kobe Sushi,5,5,15.76,190.97,35.0,0.26,0,7.0,0,1
4841,Nubori Experience,14,6,66.08,1522.21,27.0,0.28,0,6.4,0,1
4842,Nubori Experience,24,3,78.48,811.31,22.0,0.75,0,11.5,1,0
4843,Kobe Sushi,115,5,24.71,326.44,72.0,0.11,0,4.2,0,0
4844,Kobe Sushi,68,5,17.39,211.18,56.0,0.14,0,3.3,0,1
4845,Kobe Sushi,52,4,19.63,198.98,66.0,0.15,1,0.5,1,0
4846,Kobe Sushi,48,5,11.61,89.32,26.0,0.49,0,17.2,0,0
4847,Nubori Experience,88,8,56.87,1218.24,46.0,0.32,0,8.3,0,0
4848,Kobe Sushi,47,4,26.34,174.31,48.0,0.26,0,1.2,0,0
4849,Chef Choy,60,10,36.94,1183.05,66.0,0.06,0,13.2,1,0
4850,Kobe Sushi,73,7,16.98,452.74,39.0,0.11,1,8.8,1,0
4851,Nubori Experience,3,4,59.75,945.19,70.0,0.35,0,10.9,0,1
4852,Kobe Sushi,119,1,24.47,75.7,33.0,0.07,0,1.0,0,1
4853,Chef Choy,9,5,28.06,335.82,51.0,0.17,0,0.9,1,0
4854,Kobe Sushi,82,4,20.16,230.43,37.0,0.3,0,4.4,0,0
4855,Noe Sushi Bar,100,4,52.05,759.1,52.0,0.28,0,4.7,1,0
4856,Kobe Sushi,83,9,22.71,664.63,53.0,0.15,0,8.3,0,0
4857,Kobe Sushi,24,13,12.83,463.03,32.0,0.38,0,4.1,0,1
4858,Nubori Experience,4,4,82.27,706.5,59.0,0.21,1,3.1,0,1
4859,Nubori Experience,9,7,56.0,1176.36,45.0,0.33,0,6.3,0,0
4860,Nubori Experience,97,8,78.57,1165.36,47.0,0.12,0,3.3,0,1
4861,Noe Sushi Bar,1,6,64.01,1068.27,41.0,0.15,0,13.5,0,1
4862,Nubori Experience,116,4,51.39,681.08,61.0,0.46,0,10.5,1,0
4863,Kobe Sushi,115,4,24.46,186.93,47.0,0.38,0,4.2,1,0
4864,Kobe Sushi,35,11,18.3,651.59,55.0,0.48,0,2.7,0,1
4865,Kobe Sushi,74,5,24.53,229.47,45.0,0.18,0,4.5,0,1
4866,Noe Sushi Bar,12,2,56.03,400.99,67.0,0.67,0,6.8,0,0
4867,Kobe Sushi,18,6,16.5,364.33,40.0,0.38,0,9.9,0,1
4868,Kobe Sushi,78,5,17.65,232.74,33.0,0.29,0,1.3,0,0
4869,Noe Sushi Bar,10,6,44.26,840.34,37.0,0.55,0,1.5,0,1
4870,Nubori Experience,74,7,91.17,1099.79,80.0,0.31,0,1.0,1,0
4871,Kobe Sushi,18,6,30.0,276.15,62.0,0.35,0,6.3,0,0
4872,Kobe Sushi,24,6,18.86,217.5,38.0,0.2,0,3.1,0,1
4873,Kobe Sushi,1,6,15.14,292.47,42.0,0.31,1,3.8,0,0
4874,Kobe Sushi,94,8,18.99,442.79,20.0,0.2,0,8.2,0,0
4875,Kobe Sushi,79,8,13.37,271.55,55.0,0.26,0,18.9,1,0
4876,Noe Sushi Bar,72,9,56.06,1680.49,64.0,0.26,1,3.4,0,1
4877,Noe Sushi Bar,99,4,71.21,882.19,42.0,0.46,0,12.6,0,0
4878,Noe Sushi Bar,82,8,66.26,1483.52,53.0,0.43,0,7.0,0,0
4879,Kobe Sushi,105,4,13.18,99.0,59.0,0.58,0,21.0,1,0
4880,Nubori Experience,16,5,77.37,936.43,39.0,0.09,0,0.5,0,1
4881,Kobe Sushi,85,8,10.49,244.02,52.0,0.54,0,5.0,0,1
4882,Noe Sushi Bar,15,9,53.86,1144.09,26.0,0.36,0,0.5,0,1
4883,Nubori Experience,62,8,62.42,1240.97,34.0,0.07,3,2.9,0,1
4884,Kobe Sushi,5,7,12.13,291.62,63.0,0.38,0,2.8,0,1
4885,Kobe Sushi,45,10,19.3,610.8,63.0,0.63,3,8.7,1,0
4886,Nubori Experience,118,8,77.03,1942.5,60.0,0.52,0,17.4,1,0
4887,Kobe Sushi,52,5,24.28,449.23,46.0,0.49,0,5.4,0,0
4888,Noe Sushi Bar,71,5,45.87,609.88,51.0,0.11,0,3.7,0,1
4889,Kobe Sushi,112,10,18.31,650.34,35.0,0.41,1,5.6,1,0
4890,Noe Sushi Bar,7,7,33.05,485.27,23.0,0.62,0,1.4,0,0
4891,Kobe Sushi,27,4,13.35,188.57,88.0,0.77,2,9.9,0,1
4892,Kobe Sushi,89,7,17.38,204.98,59.0,0.28,0,1.7,1,0
4893,Noe Sushi Bar,86,6,45.95,920.24,50.0,0.13,0,4.9,0,1
4894,Kobe Sushi,112,7,17.15,367.0,32.0,0.46,0,0.8,1,0
4895,Kobe Sushi,13,2,16.19,125.63,51.0,0.32,0,1.3,0,1
4896,Kobe Sushi,17,8,17.09,277.36,55.0,0.56,0,30.0,0,0
4897,Kobe Sushi,105,7,18.78,468.49,29.0,0.2,0,0.5,1,0
4898,Kobe Sushi,44,8,16.29,295.0,47.0,0.77,0,10.6,1,0
4899,Kobe Sushi,13,7,11.63,302.35,31.0,0.21,0,11.3,0,0
4900,Nubori Experience,90,3,74.92,603.4,31.0,0.58,0,6.4,0,0
4901,Kobe Sushi,73,8,17.59,249.53,58.0,0.14,0,9.4,1,0
4902,Noe Sushi Bar,5,7,61.14,723.68,49.0,0.51,0,2.7,0,0
4903,Kobe Sushi,103,5,19.21,196.55,20.0,0.3,0,4.0,1,0
4904,Kobe Sushi,33,5,14.87,182.39,25.0,0.06,0,5.6,0,0
4905,Nubori Experience,4,5,73.88,1197.73,28.0,0.19,0,12.4,0,0
4906,Kobe Sushi,92,4,16.32,155.23,41.0,0.05,0,1.1,0,0
4907,Nubori Experience,26,3,69.31,459.53,61.0,0.25,2,0.5,1,0
4908,Kobe Sushi,68,4,19.94,315.15,46.0,0.16,0,15.9,0,0
4909,Noe Sushi Bar,16,8,41.92,787.61,66.0,0.35,0,3.5,0,1
4910,Noe Sushi Bar,101,6,29.7,629.54,65.0,0.15,3,8.4,1,0
4911,Nubori Experience,22,5,57.44,547.14,75.0,0.05,0,1.0,0,0
4912,Noe Sushi Bar,36,5,67.61,829.78,64.0,0.37,0,5.6,1,0
4913,Noe Sushi Bar,102,6,47.56,465.22,35.0,0.38,0,14.3,0,0
4914,Kobe Sushi,58,4,17.03,242.8,52.0,0.31,3,3.9,1,0
4915,Kobe Sushi,55,3,18.09,135.19,24.0,0.17,2,13.6,1,0
4916,Nubori Experience,35,8,46.14,885.51,20.0,0.45,0,2.0,1,0
4917,Kobe Sushi,25,6,26.02,620.84,53.0,0.12,0,1.4,0,1
4918,Kobe Sushi,72,5,24.09,342.75,42.0,0.7,0,14.9,0,0
4919,Chef Choy,81,3,21.0,118.19,51.0,0.1,0,12.4,1,0
4920,Kobe Sushi,61,5,17.87,249.65,50.0,0.25,1,0.8,1,0
4921,Nubori Experience,18,8,68.75,938.72,40.0,0.42,0,4.1,0,0
4922,Noe Sushi Bar,114,6,46.54,926.76,31.0,0.47,0,1.1,0,1
4923,Noe Sushi Bar,58,7,40.29,438.25,48.0,0.34,0,6.5,1,0
4924,Nubori Experience,76,8,62.58,1693.62,44.0,0.4,2,30.0,0,0
4925,Kobe Sushi,57,7,23.85,308.7,56.0,0.3,0,1.9,0,1
4926,Kobe Sushi,97,9,17.19,586.33,52.0,0.46,2,1.4,1,0
4927,Noe Sushi Bar,87,9,51.78,1810.0,49.0,0.27,0,0.5,0,0
4928,Kobe Sushi,63,9,15.34,336.7,60.0,0.26,1,7.0,1,0
4929,Noe Sushi Bar,12,6,25.22,505.77,37.0,0.42,0,5.1,0,0
4930,Nubori Experience,11,5,75.91,1508.42,47.0,0.12,0,13.5,0,0
4931,Noe Sushi Bar,13,6,33.46,739.2,22.0,0.65,2,16.4,0,0
4932,Kobe Sushi,35,6,23.91,552.1,48.0,0.61,0,18.0,0,0
4933,Nubori Experience,27,7,64.95,1767.5,72.0,0.12,0,17.8,1,0
4934,Noe Sushi Bar,89,7,16.22,413.5,38.0,0.16,0,0.5,0,1
4935,Noe Sushi Bar,104,4,47.58,501.35,55.0,0.14,0,0.8,0,1
4936,Kobe Sushi,67,7,23.49,499.59,38.0,0.18,1,5.4,1,0
4937,Nubori Experience,113,7,82.78,1587.5,56.0,0.4,1,4.3,1,0
4938,Noe Sushi Bar,89,5,46.54,788.18,62.0,0.29,0,2.7,0,0
4939,Chef Choy,45,3,23.1,195.46,32.0,0.47,0,4.7,0,1
4940,Nubori Experience,74,8,91.06,2496.97,20.0,0.16,0,0.7,0,1
4941,Kobe Sushi,81,4,25.25,229.9,48.0,0.11,0,2.3,0,1
4942,Noe Sushi Bar,67,6,41.16,402.5,20.0,0.19,0,8.1,1,0
4943,Nubori Experience,109,4,69.43,1012.41,47.0,0.35,0,1.8,0,1
4944,Kobe Sushi,22,7,25.54,650.31,46.0,0.58,1,5.4,0,0
4945,Chef Choy,102,9,15.52,474.57,71.0,0.13,0,5.9,0,1
4946,Nubori Experience,78,5,73.39,1085.03,49.0,0.54,1,4.8,0,1
4947,Noe Sushi Bar,91,3,42.74,394.02,60.0,0.15,0,6.6,1,0
4948,Noe Sushi Bar,42,10,37.56,846.44,25.0,0.09,0,6.8,0,1
4949,Nubori Experience,20,7,66.39,1245.22,62.0,0.11,0,30.0,1,0
4950,Nubori Experience,48,7,71.93,1849.19,49.0,0.54,0,7.0,0,0
4951,Kobe Sushi,18,7,11.72,303.89,30.0,0.36,0,0.7,0,1
4952,Kobe Sushi,77,4,19.97,237.62,24.0,0.45,0,18.4,1,0
4953,Noe Sushi Bar,106,4,21.6,208.22,32.0,0.44,0,0.7,0,0
4954,Noe Sushi Bar,70,6,53.48,1245.48,31.0,0.18,0,0.5,1,0
4955,Noe Sushi Bar,74,6,36.91,460.32,39.0,0.24,0,2.1,0,1
4956,Noe Sushi Bar,101,3,50.11,500.58,22.0,0.39,0,18.5,1,0
4957,Kobe Sushi,93,3,19.01,209.29,50.0,0.47,0,15.9,0,0
4958,Noe Sushi Bar,6,7,61.67,1682.27,58.0,0.14,0,0.5,0,0
4959,Kobe Sushi,39,7,16.64,185.11,31.0,0.2,0,0.8,0,1
4960,Noe Sushi Bar,11,7,47.76,1020.73,67.0,0.03,0,2.5,1,0
4961,Noe Sushi Bar,112,10,29.54,625.19,48.0,0.38,0,4.3,0,0
4962,Kobe Sushi,25,6,29.49,317.64,48.0,0.39,0,10.3,1,0
4963,Kobe Sushi,108,5,17.21,165.44,59.0,0.36,0,0.5,0,0
4964,Noe Sushi Bar,108,4,51.3,328.07,24.0,0.35,0,8.8,0,1
4965,Noe Sushi Bar,94,10,53.62,1347.27,49.0,0.18,0,15.4,0,1
4966,Kobe Sushi,55,5,21.38,262.49,46.0,0.31,0,4.9,0,1
4967,Nubori Experience,84,9,50.45,1126.73,39.0,0.32,1,28.3,0,0
4968,Noe Sushi Bar,58,7,43.26,949.0,42.0,0.14,0,8.3,0,0
4969,Nubori Experience,37,10,73.99,1377.69,52.0,0.52,0,4.8,1,0
4970,Noe Sushi Bar,16,12,56.73,1905.34,41.0,0.16,1,16.6,0,1
4971,Noe Sushi Bar,95,3,38.01,253.94,26.0,0.15,0,1.8,0,0
4972,Nubori Experience,93,5,57.09,693.54,78.0,0.08,0,1.6,0,1
4973,Noe Sushi Bar,70,6,28.44,518.42,20.0,0.47,2,1.2,1,0
4974,Noe Sushi Bar,93,8,37.16,952.73,28.0,0.35,0,0.5,0,0
4975,Kobe Sushi,96,5,10.22,144.11,34.0,0.08,0,3.3,0,1
4976,Noe Sushi Bar,73,5,56.03,1040.96,29.0,0.1,0,9.5,0,0
4977,Kobe Sushi,37,4,19.83,190.19,61.0,0.27,0,4.2,0,0
4978,Kobe Sushi,53,11,20.56,795.83,64.0,0.38,0,14.0,0,0
4979,Kobe Sushi,87,5,16.99,141.24,45.0,0.22,0,13.8,0,0
4980,Kobe Sushi,16,5,17.09,336.64,51.0,0.23,0,1.9,0,1
4981,Nubori Experience,18,5,84.98,1129.76,20.0,0.7,0,0.6,0,1
4982,Kobe Sushi,19,7,21.87,544.97,52.0,0.48,0,4.0,0,1
4983,Noe Sushi Bar,44,4,30.87,310.64,36.0,0.34,0,3.0,0,1
4984,Nubori Experience,2,8,66.87,1233.81,37.0,0.56,0,19.5,0,0
4985,Noe Sushi Bar,58,9,39.39,629.82,39.0,0.37,0,5.6,0,1
4986,Kobe Sushi,10,8,28.24,730.68,68.0,0.58,0,4.3,0,1
4987,Noe Sushi Bar,76,4,25.5,217.18,41.0,0.42,0,8.2,1,0
4988,Noe Sushi Bar,46,6,44.61,578.86,58.0,0.01,0,9.9,0,0
4989,Noe Sushi Bar,82,5,40.75,310.56,63.0,0.25,0,3.6,0,1
4990,Chef Choy,19,5,36.8,399.87,29.0,0.32,1,0.7,0,1
4991,Nubori Experience,38,3,73.83,766.6,44.0,0.38,0,0.5,1,0
4992,Noe Sushi Bar,37,6,30.39,350.65,71.0,0.31,0,12.1,0,0
4993,Kobe Sushi,91,4,22.72,208.03,45.0,0.08,0,30.0,1,0
4994,Noe Sushi Bar,112,9,47.81,1023.87,57.0,0.45,0,0.7,0,1
4995,Kobe Sushi,78,3,23.67,257.49,49.0,0.18,1,0.5,0,1
4996,Nubori Experience,45,7,68.85,868.56,32.0,0.32,1,0.9,0,1
4997,Kobe Sushi,117,8,15.97,211.38,34.0,0.11,0,9.0,0,0
4998,Kobe Sushi,34,3,13.95,72.09,58.0,0.42,0,6.1,0,0
4999,Nubori Experience,2,6,57.27,822.63,38.0,0.75,0,1.6,0,0
5000,Noe Sushi Bar,44,8,55.14,793.41,65.0,0.44,0,0.5,1,0
5001,Kobe Sushi,97,6,10.77,217.48,43.0,0.33,0,8.0,1,0
5002,Noe Sushi Bar,83,4,39.1,333.9,52.0,0.11,0,1.6,0,1
5003,Nubori Experience,27,4,54.85,565.46,30.0,0.33,0,0.5,1,0
5004,Kobe Sushi,48,5,13.26,168.97,73.0,0.26,0,8.5,0,0
5005,Nubori Experience,94,9,72.42,1137.88,35.0,0.37,0,22.1,1,0
5006,Kobe Sushi,7,8,25.8,741.88,61.0,0.23,1,9.8,0,1
5007,Chef Choy,27,5,28.5,549.42,48.0,0.08,0,8.4,0,0
5008,Nubori Experience,85,7,56.04,1106.45,21.0,0.12,0,2.8,0,1
5009,Kobe Sushi,71,9,21.77,346.87,56.0,0.52,0,8.5,0,1
5010,Noe Sushi Bar,112,5,47.17,928.97,62.0,0.17,0,7.2,1,0
5011,Kobe Sushi,89,8,21.38,257.03,58.0,0.52,1,11.9,1,0
5012,Noe Sushi Bar,102,5,60.84,1171.72,30.0,0.15,0,4.1,0,0
5013,Noe Sushi Bar,18,6,36.08,623.46,25.0,0.47,0,0.5,0,1
5014,Noe Sushi Bar,33,6,39.37,658.7,31.0,0.13,0,9.6,0,1
5015,Kobe Sushi,33,10,20.32,739.47,50.0,0.72,0,6.5,0,0
5016,Kobe Sushi,96,9,16.04,569.22,40.0,0.34,0,13.1,0,1
5017,Kobe Sushi,25,4,16.45,175.8,27.0,0.5,0,2.7,0,1
5018,Kobe Sushi,14,5,16.81,265.64,39.0,0.31,0,0.5,0,1
5019,Noe Sushi Bar,38,3,56.23,365.97,40.0,0.12,0,0.5,1,0
5020,Nubori Experience,38,1,72.03,288.02,39.0,0.46,0,10.0,0,0
5021,Noe Sushi Bar,4,4,50.78,652.6,20.0,0.65,0,6.5,0,0
5022,Noe Sushi Bar,108,5,53.68,705.38,50.0,0.4,0,0.5,0,0
5023,Nubori Experience,62,6,50.9,811.17,44.0,0.19,0,6.1,0,1
5024,Noe Sushi Bar,82,8,46.57,1392.4,28.0,0.3,0,2.9,1,0
5025,Nubori Experience,10,5,36.79,665.49,43.0,0.6,0,10.9,1,0
5026,Noe Sushi Bar,35,7,44.09,584.06,39.0,0.64,0,11.9,0,1
5027,Kobe Sushi,99,3,21.59,150.69,47.0,0.46,0,6.0,0,1
5028,Kobe Sushi,104,7,28.35,439.64,20.0,0.1,0,3.9,0,0
5029,Noe Sushi Bar,118,7,57.79,939.31,36.0,0.35,1,8.5,1,0
5030,Kobe Sushi,23,7,14.86,222.39,40.0,0.06,1,1.3,0,1
5031,Kobe Sushi,89,8,10.0,124.01,23.0,0.1,0,11.8,0,1
5032,Noe Sushi Bar,65,5,36.16,705.32,65.0,0.45,0,2.6,1,0
5033,Noe Sushi Bar,82,4,49.77,786.1,46.0,0.43,0,2.6,0,1
5034,Noe Sushi Bar,79,1,50.71,147.41,34.0,0.13,0,7.8,1,0
5035,Kobe Sushi,25,5,14.91,178.22,35.0,0.67,0,1.1,0,0
5036,Kobe Sushi,96,5,23.2,245.21,38.0,0.54,1,9.0,0,1
5037,Noe Sushi Bar,53,4,45.04,499.76,44.0,0.3,0,2.2,0,0
5038,Nubori Experience,84,5,73.7,1387.03,46.0,0.29,0,4.9,0,0
5039,Noe Sushi Bar,17,7,47.56,1302.91,20.0,0.5,0,0.9,0,1
5040,Nubori Experience,57,7,69.79,1738.44,56.0,0.27,0,17.2,0,0
5041,Chef Choy,75,5,41.24,409.37,53.0,0.13,0,3.7,1,0
5042,Noe Sushi Bar,77,3,43.83,280.44,20.0,0.15,0,4.4,0,0
5043,Kobe Sushi,89,8,20.66,418.73,45.0,0.3,0,2.8,0,0
5044,Noe Sushi Bar,20,2,36.23,204.55,20.0,0.19,0,0.5,1,0
5045,Noe Sushi Bar,25,4,35.99,289.36,43.0,0.03,0,0.6,0,1
5046,Noe Sushi Bar,42,6,49.47,472.17,35.0,0.63,0,2.0,1,0
5047,Noe Sushi Bar,45,3,34.45,277.04,58.0,0.32,0,5.9,0,0
5048,Noe Sushi Bar,113,6,46.66,875.71,26.0,0.52,0,0.5,0,1
5049,Kobe Sushi,31,6,20.93,495.96,49.0,0.27,0,0.7,1,0
5050,Noe Sushi Bar,117,5,25.89,388.87,63.0,0.26,0,6.1,0,1
5051,Kobe Sushi,65,6,10.0,129.59,51.0,0.14,1,0.5,1,0
5052,Nubori Experience,52,10,79.9,2642.58,29.0,0.12,0,4.1,0,1
5053,Kobe Sushi,80,4,16.01,113.16,61.0,0.7,0,2.3,1,0
5054,Kobe Sushi,112,13,18.08,754.25,46.0,0.3,1,9.5,0,1
5055,Noe Sushi Bar,92,6,45.83,715.9,63.0,0.11,0,5.8,1,0
5056,Noe Sushi Bar,21,1,53.33,208.64,73.0,0.17,0,5.6,0,1
5057,Noe Sushi Bar,30,2,49.87,329.71,20.0,0.21,0,1.8,0,0
5058,Kobe Sushi,3,5,26.3,347.94,34.0,0.58,0,0.5,0,0
5059,Noe Sushi Bar,98,9,44.2,1279.07,32.0,0.12,0,6.8,1,0
5060,Kobe Sushi,70,10,15.65,283.08,55.0,0.56,0,5.0,1,0
5061,Nubori Experience,43,3,76.75,891.04,83.0,0.31,1,21.0,1,0
5062,Nubori Experience,29,8,72.94,1857.2,54.0,0.48,0,9.8,0,1
5063,Noe Sushi Bar,3,8,44.59,683.7,23.0,0.23,0,11.8,1,0
5064,Kobe Sushi,58,6,15.09,212.7,41.0,0.67,0,15.7,0,0
5065,Noe Sushi Bar,33,11,59.93,1879.56,55.0,0.22,0,9.1,0,1
5066,Kobe Sushi,75,8,21.2,333.13,26.0,0.43,0,3.8,0,1
5067,Noe Sushi Bar,45,7,34.81,925.42,31.0,0.18,0,4.2,0,1
5068,Kobe Sushi,69,6,19.91,276.48,22.0,0.09,0,2.7,0,0
5069,Nubori Experience,114,8,65.68,1922.63,86.0,0.25,0,5.2,0,1
5070,Kobe Sushi,32,7,10.0,226.46,36.0,0.29,0,3.3,0,0
5071,Noe Sushi Bar,111,8,50.2,1353.41,38.0,0.51,0,0.7,1,0
5072,Noe Sushi Bar,82,6,58.46,669.14,34.0,0.67,0,2.5,0,0
5073,Noe Sushi Bar,111,9,37.8,1299.07,62.0,0.21,0,2.7,1,1
5074,Kobe Sushi,84,8,19.15,238.17,39.0,0.57,0,1.7,0,1
5075,Nubori Experience,52,11,76.26,1481.24,41.0,0.17,3,8.0,1,0
5076,Noe Sushi Bar,64,8,58.4,967.75,55.0,0.35,0,11.6,1,0
5077,Noe Sushi Bar,116,5,50.58,865.14,20.0,0.2,0,10.6,0,0
5078,Kobe Sushi,103,4,26.1,404.03,70.0,0.27,0,5.5,1,0
5079,Noe Sushi Bar,113,5,46.49,710.19,56.0,0.4,1,1.4,1,0
5080,Noe Sushi Bar,40,6,54.44,896.22,20.0,0.23,1,12.7,1,0
5081,Kobe Sushi,92,8,18.47,461.28,40.0,0.34,0,8.4,0,0
5082,Kobe Sushi,13,4,13.48,84.35,43.0,0.28,0,3.6,0,1
5083,Nubori Experience,90,11,86.98,1485.68,20.0,0.55,0,0.5,0,0
5084,Kobe Sushi,80,7,11.52,249.27,20.0,0.04,1,5.4,1,0
5085,Kobe Sushi,89,8,15.46,464.2,54.0,0.69,3,2.2,1,0
5086,Noe Sushi Bar,74,6,46.64,735.45,42.0,0.65,0,12.7,0,0
5087,Chef Choy,29,9,14.46,382.46,36.0,0.48,0,2.3,0,0
5088,Kobe Sushi,110,8,13.8,200.33,44.0,0.36,0,3.7,1,0
5089,Noe Sushi Bar,63,11,29.11,484.65,49.0,0.36,0,5.6,1,0
5090,Kobe Sushi,102,9,15.0,354.52,45.0,0.47,0,2.6,1,0
5091,Kobe Sushi,84,8,29.11,448.65,38.0,0.2,0,1.5,0,0
5092,Kobe Sushi,118,6,24.5,286.5,40.0,0.62,0,0.5,0,1
5093,Nubori Experience,26,6,73.57,1572.46,49.0,0.47,0,7.9,0,1
5094,Kobe Sushi,96,9,12.36,406.77,51.0,0.55,0,0.5,1,0
5095,Kobe Sushi,103,5,11.21,200.6,52.0,0.55,0,1.7,0,1
5096,Noe Sushi Bar,102,5,47.04,724.85,35.0,0.43,0,7.2,0,1
5097,Nubori Experience,59,4,40.59,573.63,30.0,0.23,0,19.0,0,0
5098,Kobe Sushi,49,5,16.17,237.52,54.0,0.59,0,1.4,0,0
5099,Noe Sushi Bar,53,6,60.28,620.82,20.0,0.35,0,3.8,0,0
5100,Kobe Sushi,88,6,19.51,250.83,22.0,0.48,0,2.4,1,0
5101,Noe Sushi Bar,31,4,40.81,512.45,49.0,0.19,0,1.5,0,0
5102,Noe Sushi Bar,104,8,39.16,883.5,20.0,0.35,0,0.6,1,0
5103,Noe Sushi Bar,12,5,37.38,331.42,37.0,0.24,0,12.5,0,0
5104,Kobe Sushi,58,3,19.11,228.01,36.0,0.62,0,0.7,1,0
5105,Kobe Sushi,36,3,11.06,105.2,35.0,0.3,0,6.1,0,0
5106,Kobe Sushi,10,5,29.28,443.58,63.0,0.24,0,5.0,0,1
5107,Kobe Sushi,6,3,25.88,308.29,44.0,0.38,0,6.4,0,1
5108,Kobe Sushi,7,8,26.12,325.34,54.0,0.48,0,6.0,1,0
5109,Chef Choy,117,8,41.38,971.17,33.0,0.04,0,2.7,0,0
5110,Nubori Experience,31,6,60.23,885.32,43.0,0.37,0,7.8,0,1
5111,Nubori Experience,91,4,64.11,437.41,50.0,0.73,0,1.8,0,1
5112,Nubori Experience,72,10,61.18,2354.94,30.0,0.38,0,30.0,0,0
5113,Noe Sushi Bar,3,7,50.68,851.29,53.0,0.27,0,0.9,0,1
5114,Noe Sushi Bar,104,8,47.96,1118.23,47.0,0.41,0,0.8,1,1
5115,Kobe Sushi,47,7,22.2,319.68,23.0,0.17,0,5.2,0,0
5116,Noe Sushi Bar,85,6,50.0,860.45,33.0,0.64,0,5.5,0,0
5117,Noe Sushi Bar,1,8,47.4,1362.73,34.0,0.23,0,3.5,0,0
5118,Noe Sushi Bar,45,5,36.58,318.71,61.0,0.09,2,3.5,0,1
5119,Chef Choy,54,4,24.99,280.13,39.0,0.21,0,1.6,0,1
5120,Kobe Sushi,50,9,14.83,330.45,31.0,0.35,0,12.9,1,0
5121,Kobe Sushi,79,10,19.68,760.32,49.0,0.15,0,5.1,1,0
5122,Nubori Experience,7,2,43.54,200.89,58.0,0.15,1,4.6,0,1
5123,Kobe Sushi,63,3,17.4,150.14,24.0,0.41,0,3.8,0,0
5124,Noe Sushi Bar,15,3,49.05,509.42,48.0,0.1,0,7.3,0,0
5125,Nubori Experience,89,3,43.79,489.67,42.0,0.05,0,1.0,0,0
5126,Noe Sushi Bar,67,3,41.14,212.58,47.0,0.29,0,0.5,1,0
5127,Noe Sushi Bar,30,3,33.97,342.18,49.0,0.35,0,0.6,1,0
5128,Kobe Sushi,78,4,12.58,172.57,42.0,0.33,0,1.3,0,1
5129,Kobe Sushi,116,8,25.67,682.37,31.0,0.3,0,4.9,1,0
5130,Nubori Experience,68,5,43.36,439.59,33.0,0.07,0,2.4,1,0
5131,Noe Sushi Bar,36,3,51.61,290.41,37.0,0.17,0,1.4,1,0
5132,Noe Sushi Bar,67,3,48.44,333.05,44.0,0.29,0,1.1,0,0
5133,Kobe Sushi,5,3,23.46,276.59,63.0,0.05,0,2.5,0,0
5134,Kobe Sushi,25,5,19.71,211.02,55.0,0.27,0,12.7,0,0
5135,Nubori Experience,95,8,55.89,1411.98,35.0,0.43,0,6.7,1,0
5136,Kobe Sushi,11,1,17.26,59.01,38.0,0.25,0,1.3,1,1
5137,Noe Sushi Bar,72,5,44.94,685.71,43.0,0.2,0,0.5,0,0
5138,Kobe Sushi,90,3,18.18,150.78,31.0,0.34,0,3.6,0,0
5139,Noe Sushi Bar,66,6,32.48,753.03,67.0,0.06,0,8.8,0,1
5140,Nubori Experience,28,6,49.45,1090.39,46.0,0.27,0,14.0,0,0
5141,Noe Sushi Bar,112,6,48.3,631.38,56.0,0.61,0,15.7,0,0
5142,Kobe Sushi,60,10,21.48,845.64,54.0,0.59,1,16.9,1,0
5143,Noe Sushi Bar,10,7,31.55,554.58,49.0,0.58,0,17.6,0,0
5144,Chef Choy,50,5,27.27,473.57,56.0,0.22,0,0.5,0,1
5145,Noe Sushi Bar,39,7,34.72,550.8,42.0,0.19,0,6.0,0,1
5146,Nubori Experience,37,6,51.99,1178.56,49.0,0.15,0,4.8,0,0
5147,Noe Sushi Bar,63,5,39.42,749.61,55.0,0.09,0,3.3,0,1
5148,Nubori Experience,61,7,69.73,804.86,74.0,0.44,1,9.9,0,1
5149,Noe Sushi Bar,103,5,33.04,294.88,38.0,0.38,0,1.2,1,0
5150,Kobe Sushi,85,7,11.3,240.76,62.0,0.15,0,0.5,1,0
5151,Kobe Sushi,92,9,23.47,814.35,49.0,0.2,0,4.6,0,0
5152,Kobe Sushi,38,9,20.07,345.15,50.0,0.17,0,8.8,0,0
5153,Nubori Experience,120,6,53.49,535.15,31.0,0.19,0,11.2,0,1
5154,Chef Choy,33,4,23.26,263.07,50.0,0.19,0,1.7,0,1
5155,Noe Sushi Bar,75,5,35.57,643.53,38.0,0.52,0,2.0,1,0
5156,Kobe Sushi,45,2,10.0,42.64,47.0,0.09,0,0.8,0,1
5157,Kobe Sushi,44,4,12.52,118.26,43.0,0.5,0,12.3,0,0
5158,Chef Choy,1,6,20.71,372.16,46.0,0.24,0,11.7,0,1
5159,Noe Sushi Bar,53,2,47.31,342.27,61.0,0.06,2,1.6,0,1
5160,Kobe Sushi,47,5,16.99,176.43,58.0,0.29,0,0.5,0,0
5161,Noe Sushi Bar,33,5,24.49,463.57,38.0,0.44,0,2.2,0,0
5162,Kobe Sushi,67,6,18.42,411.16,42.0,0.4,0,4.0,0,0
5163,Kobe Sushi,90,10,20.29,697.95,35.0,0.37,1,1.0,0,0
5164,Noe Sushi Bar,15,7,43.69,1137.39,49.0,0.28,0,1.7,0,0
5165,Kobe Sushi,105,9,11.19,225.56,61.0,0.17,0,4.5,0,1
5166,Nubori Experience,14,7,93.94,1236.23,23.0,0.22,2,18.0,1,0
5167,Kobe Sushi,23,10,18.24,542.27,38.0,0.66,0,16.9,1,1
5168,Kobe Sushi,54,5,14.21,131.41,35.0,0.47,0,2.8,0,1
5169,Kobe Sushi,120,9,20.72,660.41,61.0,0.38,0,0.8,0,0
5170,Chef Choy,8,6,34.45,606.54,59.0,0.43,0,0.5,0,0
5171,Noe Sushi Bar,54,3,53.86,530.28,56.0,0.18,0,5.2,0,1
5172,Noe Sushi Bar,36,6,55.88,1152.56,74.0,0.34,0,6.3,0,0
5173,Kobe Sushi,84,12,10.03,408.39,39.0,0.29,1,1.3,0,1
5174,Kobe Sushi,52,9,18.58,648.67,38.0,0.32,0,16.6,1,0
5175,Noe Sushi Bar,6,9,52.22,782.1,48.0,0.21,0,4.3,0,0
5176,Nubori Experience,97,7,65.01,1664.0,70.0,0.33,0,0.8,1,0
5177,Nubori Experience,28,4,20.48,183.33,54.0,0.47,0,2.8,0,1
5178,Kobe Sushi,50,2,14.38,96.47,64.0,0.41,1,2.2,0,1
5179,Noe Sushi Bar,38,7,39.28,995.69,24.0,0.13,0,4.5,0,1
5180,Nubori Experience,30,7,76.46,857.44,43.0,0.38,0,2.3,0,1
5181,Kobe Sushi,110,8,18.33,268.27,50.0,0.59,0,6.7,1,1
5182,Nubori Experience,107,5,84.98,1295.08,45.0,0.4,0,9.2,0,1
5183,Kobe Sushi,81,9,19.66,441.78,43.0,0.5,0,0.5,0,0
5184,Nubori Experience,73,10,60.57,1453.37,29.0,0.78,0,1.1,1,1
5185,Chef Choy,92,6,16.19,376.39,60.0,0.41,0,3.4,1,0
5186,Nubori Experience,54,6,65.3,810.38,64.0,0.33,1,1.6,0,0
5187,Noe Sushi Bar,71,9,48.79,1112.91,48.0,0.47,0,3.1,0,0
5188,Kobe Sushi,46,3,10.0,90.48,54.0,0.49,1,8.5,1,0
5189,Nubori Experience,28,6,63.14,1038.71,37.0,0.23,0,8.8,0,1
5190,Kobe Sushi,17,6,31.51,532.97,45.0,0.11,0,17.5,1,0
5191,Kobe Sushi,104,4,17.32,156.73,26.0,0.19,0,4.2,0,0
5192,Noe Sushi Bar,48,6,56.34,942.13,25.0,0.34,3,1.5,1,0
5193,Chef Choy,44,5,20.04,214.92,41.0,0.23,0,3.2,0,1
5194,Nubori Experience,108,8,86.83,2429.85,56.0,0.42,0,1.3,0,0
5195,Kobe Sushi,60,5,21.69,428.83,43.0,0.33,0,2.1,0,0
5196,Chef Choy,60,6,26.35,451.19,35.0,0.49,0,4.8,0,0
5197,Noe Sushi Bar,5,3,36.33,215.82,59.0,0.21,0,12.0,0,0
5198,Kobe Sushi,69,4,19.47,122.14,54.0,0.28,0,1.0,0,1
5199,Kobe Sushi,78,6,10.0,194.32,41.0,0.41,1,1.2,0,1
5200,Kobe Sushi,70,8,14.65,284.84,30.0,0.3,0,1.3,1,0
5201,Kobe Sushi,7,7,17.61,222.37,53.0,0.18,0,0.9,1,0
5202,Nubori Experience,119,7,57.41,987.54,65.0,0.3,0,5.7,0,1
5203,Noe Sushi Bar,53,5,54.49,836.79,52.0,0.48,0,29.2,1,0
5204,Noe Sushi Bar,17,9,44.57,672.34,48.0,0.4,0,1.4,0,1
5205,Nubori Experience,59,4,85.83,822.14,66.0,0.31,0,0.7,1,0
5206,Kobe Sushi,9,7,17.83,458.61,59.0,0.2,0,4.6,0,1
5207,Nubori Experience,95,5,60.83,706.34,55.0,0.13,0,0.8,1,0
5208,Noe Sushi Bar,22,6,20.45,211.49,38.0,0.47,0,6.8,0,0
5209,Nubori Experience,45,4,64.43,664.29,61.0,0.31,1,0.7,0,1
5210,Kobe Sushi,73,8,16.71,277.69,56.0,0.16,1,3.1,1,0
5211,Nubori Experience,59,8,65.23,1836.44,41.0,0.12,2,0.5,0,1
5212,Kobe Sushi,80,11,11.25,231.99,51.0,0.28,0,17.0,0,0
5213,Kobe Sushi,100,10,17.57,566.32,20.0,0.31,0,2.9,0,0
5214,Chef Choy,98,5,26.29,298.2,68.0,0.24,0,8.6,1,0
5215,Kobe Sushi,109,5,17.11,216.13,55.0,0.13,0,17.2,0,0
5216,Noe Sushi Bar,13,11,63.02,2079.84,37.0,0.53,0,0.5,0,1
5217,Noe Sushi Bar,83,7,30.44,849.95,77.0,0.33,0,1.9,0,1
5218,Noe Sushi Bar,12,5,39.16,620.52,34.0,0.54,0,0.5,0,0
5219,Kobe Sushi,36,9,19.18,332.52,86.0,0.49,0,4.8,0,0
5220,Kobe Sushi,10,5,15.82,314.38,39.0,0.05,0,0.5,0,1
5221,Kobe Sushi,16,10,17.25,322.7,55.0,0.09,0,1.2,0,1
5222,Noe Sushi Bar,92,3,33.41,268.38,48.0,0.51,0,15.2,0,0
5223,Kobe Sushi,120,8,10.0,159.03,39.0,0.18,0,7.5,0,1
5224,Kobe Sushi,19,3,17.59,210.26,66.0,0.43,0,3.5,0,0
5225,Kobe Sushi,104,9,17.86,385.39,27.0,0.17,0,2.7,0,0
5226,Kobe Sushi,6,9,17.04,315.31,38.0,0.4,0,4.2,1,0
5227,Noe Sushi Bar,4,3,55.14,474.81,59.0,0.57,0,2.5,0,0
5228,Nubori Experience,30,6,52.28,1131.05,39.0,0.36,0,6.7,0,1
5229,Kobe Sushi,103,7,22.92,244.83,33.0,0.11,0,0.5,0,0
5230,Noe Sushi Bar,95,5,47.44,550.5,59.0,0.39,0,4.1,1,0
5231,Noe Sushi Bar,46,6,43.06,702.03,49.0,0.27,0,0.9,0,1
5232,Noe Sushi Bar,27,5,50.63,978.95,74.0,0.6,0,1.1,0,0
5233,Noe Sushi Bar,45,2,60.68,281.14,58.0,0.08,0,6.8,0,0
5234,Noe Sushi Bar,85,3,49.44,279.9,57.0,0.01,0,7.5,0,0
5235,Noe Sushi Bar,37,4,42.77,358.19,60.0,0.21,0,8.1,0,0
5236,Kobe Sushi,9,7,29.68,674.63,51.0,0.15,0,1.5,0,0
5237,Noe Sushi Bar,61,5,38.38,290.45,67.0,0.36,0,2.7,0,0
5238,Noe Sushi Bar,35,7,39.94,1006.08,52.0,0.28,2,8.2,1,0
5239,Kobe Sushi,106,11,18.75,573.15,54.0,0.63,1,5.0,0,1
5240,Kobe Sushi,47,7,18.69,396.74,43.0,0.33,0,10.2,0,1
5241,Nubori Experience,116,8,77.9,1798.83,60.0,0.3,0,3.8,1,0
5242,Noe Sushi Bar,21,8,55.24,719.76,48.0,0.1,0,0.5,0,1
5243,Noe Sushi Bar,17,11,53.99,2023.42,40.0,0.34,0,0.6,0,0
5244,Nubori Experience,55,7,52.3,1168.28,33.0,0.16,0,1.3,0,1
5245,Noe Sushi Bar,88,7,31.54,439.33,23.0,0.78,0,3.3,1,0
5246,Noe Sushi Bar,95,8,54.35,1043.87,51.0,0.48,1,9.5,0,1
5247,Chef Choy,6,6,28.62,621.35,22.0,0.26,0,0.7,0,0
5248,Nubori Experience,35,11,83.29,1912.68,48.0,0.37,1,8.6,0,1
5249,Noe Sushi Bar,50,6,37.86,458.35,65.0,0.05,0,12.6,0,0
5250,Noe Sushi Bar,37,7,60.64,1498.47,63.0,0.2,0,8.6,0,1
5251,Kobe Sushi,13,3,21.57,124.73,50.0,0.41,0,3.3,0,0
5252,Nubori Experience,25,8,83.12,2479.06,50.0,0.73,0,13.0,0,1
5253,Noe Sushi Bar,96,6,22.69,278.06,52.0,0.64,3,0.6,0,1
5254,Kobe Sushi,1,7,14.4,179.2,93.0,0.26,0,3.7,0,0
5255,Nubori Experience,49,4,81.55,506.46,64.0,0.18,0,13.3,0,0
5256,Noe Sushi Bar,35,6,51.75,600.37,20.0,0.33,0,4.4,0,0
5257,Kobe Sushi,83,6,10.0,165.56,75.0,0.17,1,6.2,1,0
5258,Noe Sushi Bar,53,13,60.4,2269.5,60.0,0.19,0,0.5,0,1
5259,Noe Sushi Bar,52,9,43.07,1543.46,48.0,0.47,2,0.5,1,0
5260,Nubori Experience,54,6,89.94,1929.8,49.0,0.37,0,1.9,0,1
5261,Kobe Sushi,76,2,19.6,127.92,46.0,0.14,0,1.4,0,1
5262,Nubori Experience,104,5,77.47,974.13,39.0,0.1,0,15.6,1,0
5263,Noe Sushi Bar,104,7,61.0,868.99,46.0,0.2,0,1.0,1,0
5264,Kobe Sushi,47,6,10.0,205.82,41.0,0.04,2,12.8,0,1
5265,Nubori Experience,43,8,60.18,1896.39,28.0,0.13,0,4.2,0,0
5266,Noe Sushi Bar,20,3,35.22,319.85,50.0,0.47,0,19.7,0,0
5267,Kobe Sushi,33,9,27.18,635.64,42.0,0.36,0,1.3,0,1
5268,Noe Sushi Bar,93,7,26.32,551.57,50.0,0.1,3,3.5,0,1
5269,Nubori Experience,16,4,32.45,258.25,52.0,0.38,2,11.1,1,0
5270,Kobe Sushi,78,4,16.32,239.56,60.0,0.34,0,0.6,1,0
5271,Kobe Sushi,7,6,22.13,234.52,42.0,0.33,1,20.4,0,0
5272,Kobe Sushi,70,5,21.47,309.91,29.0,0.42,0,4.1,0,1
5273,Kobe Sushi,21,6,21.82,417.48,51.0,0.44,1,6.3,0,0
5274,Chef Choy,36,4,24.58,351.34,57.0,0.22,0,18.5,0,0
5275,Noe Sushi Bar,86,6,56.96,1009.91,51.0,0.44,0,3.9,1,0
5276,Kobe Sushi,104,4,31.16,216.86,33.0,0.17,0,0.5,0,1
5277,Kobe Sushi,54,7,16.71,204.07,35.0,0.37,1,2.3,0,1
5278,Kobe Sushi,19,5,13.14,182.47,44.0,0.28,0,6.6,0,1
5279,Nubori Experience,25,3,48.68,425.67,58.0,0.45,0,1.4,0,0
5280,Kobe Sushi,67,5,19.72,345.89,39.0,0.28,0,3.1,0,0
5281,Nubori Experience,100,8,71.12,1566.79,63.0,0.04,0,25.6,1,0
5282,Noe Sushi Bar,109,10,39.13,1025.96,47.0,0.15,1,1.4,1,0
5283,Kobe Sushi,53,8,21.74,384.71,65.0,0.19,0,1.9,0,0
5284,Nubori Experience,98,10,70.54,2083.11,47.0,0.23,0,6.9,1,0
5285,Noe Sushi Bar,75,3,62.45,436.78,56.0,0.42,0,8.6,0,0
5286,Noe Sushi Bar,48,9,32.79,747.54,67.0,0.54,1,6.4,1,0
5287,Nubori Experience,42,6,48.33,438.11,45.0,0.43,0,12.1,0,0
5288,Kobe Sushi,47,8,21.6,562.68,25.0,0.3,0,1.9,0,0
5289,Kobe Sushi,91,4,13.04,176.66,36.0,0.17,1,0.9,1,0
5290,Noe Sushi Bar,42,4,36.1,415.96,49.0,0.34,0,3.8,0,1
5291,Kobe Sushi,2,12,20.31,667.16,49.0,0.62,1,6.4,0,1
5292,Kobe Sushi,6,6,23.37,392.17,20.0,0.38,0,5.7,0,1
5293,Kobe Sushi,46,5,19.75,199.74,58.0,0.54,0,0.5,0,0
5294,Kobe Sushi,66,8,22.48,453.96,55.0,0.29,0,0.5,0,1
5295,Chef Choy,106,9,22.9,610.59,40.0,0.43,0,2.0,1,0
5296,Kobe Sushi,81,2,12.12,74.84,56.0,0.15,0,14.5,1,0
5297,Noe Sushi Bar,40,6,31.73,599.72,57.0,0.41,2,7.9,1,0
5298,Noe Sushi Bar,58,5,52.34,549.49,28.0,0.35,0,9.5,0,0
5299,Noe Sushi Bar,112,5,38.81,447.59,58.0,0.14,0,8.1,0,0
5300,Kobe Sushi,78,3,16.98,147.75,55.0,0.21,0,2.5,1,0
5301,Chef Choy,74,8,25.13,702.64,29.0,0.14,0,2.3,1,0
5302,Kobe Sushi,109,10,21.45,851.48,45.0,0.36,0,8.0,1,0
5303,Chef Choy,33,14,28.77,1189.28,49.0,0.33,0,6.8,1,0
5304,Nubori Experience,106,7,59.72,1382.66,32.0,0.11,0,3.4,1,0
5305,Noe Sushi Bar,62,8,40.79,955.63,30.0,0.46,1,2.5,1,0
5306,Noe Sushi Bar,118,5,23.63,186.3,29.0,0.11,3,10.2,1,0
5307,Noe Sushi Bar,12,5,53.33,551.47,34.0,0.05,0,5.0,1,0
5308,Kobe Sushi,96,6,19.4,399.76,51.0,0.48,0,5.1,1,0
5309,Nubori Experience,49,3,57.23,405.44,55.0,0.39,1,13.4,0,0
5310,Nubori Experience,88,5,72.85,1448.89,39.0,0.52,0,2.3,1,0
5311,Kobe Sushi,78,3,21.36,189.93,68.0,0.48,0,8.3,0,0
5312,Noe Sushi Bar,5,7,56.58,640.66,43.0,0.34,0,3.6,0,0
5313,Nubori Experience,51,9,65.67,1222.95,77.0,0.12,0,17.1,1,0
5314,Nubori Experience,69,5,45.92,473.02,56.0,0.2,0,8.3,1,0
5315,Noe Sushi Bar,111,4,48.01,305.69,44.0,0.17,1,2.1,1,0
5316,Noe Sushi Bar,32,2,42.98,218.09,90.0,0.14,1,11.7,1,0
5317,Kobe Sushi,109,7,21.55,473.29,32.0,0.37,3,0.6,0,0
5318,Nubori Experience,49,8,71.69,1106.95,39.0,0.46,1,1.1,1,0
5319,Kobe Sushi,97,8,13.13,189.15,30.0,0.21,0,1.6,0,1
5320,Noe Sushi Bar,60,2,57.54,219.24,43.0,0.33,0,6.7,1,0
5321,Kobe Sushi,46,6,14.91,351.4,66.0,0.44,0,1.8,0,1
5322,Kobe Sushi,68,6,23.05,518.19,45.0,0.17,1,4.2,1,0
5323,Noe Sushi Bar,94,4,32.76,490.53,22.0,0.17,0,8.9,0,1
5324,Nubori Experience,41,1,43.83,160.8,73.0,0.15,0,0.8,0,0
5325,Kobe Sushi,81,4,10.0,94.26,42.0,0.28,0,1.7,0,1
5326,Noe Sushi Bar,67,5,45.07,806.21,53.0,0.41,0,6.6,1,0
5327,Kobe Sushi,13,10,16.56,637.04,67.0,0.46,0,9.0,0,0
5328,Kobe Sushi,108,5,19.63,365.8,32.0,0.59,0,3.4,0,0
5329,Noe Sushi Bar,112,3,47.02,230.42,69.0,0.43,0,2.9,0,0
5330,Noe Sushi Bar,100,5,34.21,609.17,43.0,0.24,0,5.4,0,1
5331,Kobe Sushi,18,8,22.99,519.93,48.0,0.04,0,2.8,0,1
5332,Kobe Sushi,87,11,24.25,771.84,61.0,0.06,1,1.9,1,0
5333,Kobe Sushi,99,6,19.32,238.45,56.0,0.6,1,1.0,0,0
5334,Kobe Sushi,113,9,20.26,523.31,56.0,0.31,0,0.7,0,1
5335,Nubori Experience,97,2,67.42,474.48,42.0,0.29,0,8.8,1,0
5336,Nubori Experience,51,5,45.89,889.97,46.0,0.12,1,10.7,0,1
5337,Kobe Sushi,118,8,21.85,468.37,72.0,0.07,0,13.8,0,0
5338,Noe Sushi Bar,36,6,31.37,541.96,23.0,0.22,1,3.2,0,0
5339,Nubori Experience,81,8,70.84,1739.06,47.0,0.65,0,7.3,1,0
5340,Kobe Sushi,103,4,12.87,196.54,20.0,0.48,0,12.7,0,0
5341,Nubori Experience,34,4,35.57,533.2,55.0,0.44,0,3.8,0,0
5342,Nubori Experience,12,5,67.71,1322.19,29.0,0.14,0,6.4,0,0
5343,Kobe Sushi,5,7,14.01,336.36,69.0,0.34,1,1.7,0,0
5344,Kobe Sushi,48,7,24.15,631.89,45.0,0.44,0,1.4,0,1
5345,Nubori Experience,104,7,45.62,908.58,69.0,0.27,0,9.5,1,0
5346,Noe Sushi Bar,119,9,66.06,1493.33,38.0,0.45,0,10.2,1,0
5347,Kobe Sushi,91,6,16.63,290.41,59.0,0.31,0,0.7,1,0
5348,Kobe Sushi,40,6,13.89,181.58,53.0,0.42,0,5.0,1,0
5349,Noe Sushi Bar,13,7,51.57,1033.68,38.0,0.06,1,0.5,0,1
5350,Noe Sushi Bar,26,6,66.98,1093.62,49.0,0.47,0,12.1,0,1
5351,Noe Sushi Bar,14,6,59.65,733.18,50.0,0.59,0,6.1,0,1
5352,Nubori Experience,96,5,72.82,881.63,30.0,0.14,0,2.7,0,0
5353,Kobe Sushi,11,6,18.43,318.82,35.0,0.17,0,1.7,0,0
5354,Noe Sushi Bar,38,8,48.98,1319.73,20.0,0.3,0,8.0,0,0
5355,Noe Sushi Bar,80,4,58.3,549.03,55.0,0.2,1,4.5,0,1
5356,Noe Sushi Bar,119,8,36.69,718.13,53.0,0.67,0,10.0,0,0
5357,Kobe Sushi,57,9,24.59,503.12,48.0,0.38,1,3.0,0,0
5358,Nubori Experience,22,5,92.64,1456.55,28.0,0.2,0,8.2,0,0
5359,Nubori Experience,111,6,69.16,984.87,58.0,0.32,1,10.5,0,0
5360,Noe Sushi Bar,16,8,30.65,952.06,55.0,0.04,0,2.2,0,1
5361,Noe Sushi Bar,77,3,42.29,228.53,38.0,0.52,0,12.8,1,0
5362,Kobe Sushi,76,6,19.68,179.96,70.0,0.22,0,1.5,0,0
5363,Noe Sushi Bar,82,4,32.7,270.36,40.0,0.42,0,0.5,1,0
5364,Noe Sushi Bar,29,8,52.53,977.65,24.0,0.7,0,0.9,0,1
5365,Noe Sushi Bar,82,5,50.11,652.79,25.0,0.19,0,1.1,1,0
5366,Nubori Experience,110,2,66.56,464.56,66.0,0.62,0,7.5,1,0
5367,Noe Sushi Bar,2,10,11.38,304.21,44.0,0.43,0,8.4,0,1
5368,Kobe Sushi,54,7,16.54,384.48,25.0,0.6,0,1.2,1,0
5369,Chef Choy,2,2,32.32,104.25,37.0,0.43,0,8.0,0,0
5370,Kobe Sushi,3,4,14.64,92.51,59.0,0.42,0,4.1,0,0
5371,Kobe Sushi,93,3,17.37,115.09,46.0,0.13,0,2.3,1,0
5372,Kobe Sushi,56,4,17.36,183.77,49.0,0.23,0,4.8,0,1
5373,Noe Sushi Bar,72,11,32.03,733.72,51.0,0.31,0,1.6,1,0
5374,Chef Choy,11,4,25.54,339.69,60.0,0.35,0,21.4,0,0
5375,Noe Sushi Bar,76,2,45.75,250.41,61.0,0.24,0,1.1,1,0
5376,Chef Choy,32,1,13.3,53.12,59.0,0.38,2,3.5,0,1
5377,Noe Sushi Bar,4,5,33.27,444.7,59.0,0.53,1,9.9,1,0
5378,Kobe Sushi,9,6,10.94,225.05,28.0,0.3,0,7.6,0,0
5379,Nubori Experience,88,5,63.31,594.99,62.0,0.26,0,3.4,1,0
5380,Kobe Sushi,113,3,23.82,114.78,35.0,0.42,0,0.5,0,0
5381,Kobe Sushi,56,5,14.08,201.15,40.0,0.12,0,0.6,0,0
5382,Noe Sushi Bar,16,5,64.9,498.93,52.0,0.22,3,15.5,0,0
5383,Kobe Sushi,81,5,13.88,168.72,33.0,0.3,3,5.4,1,0
5384,Kobe Sushi,111,4,19.4,248.43,47.0,0.29,1,7.1,0,0
5385,Noe Sushi Bar,116,5,59.05,836.19,42.0,0.28,1,13.3,0,0
5386,Noe Sushi Bar,86,5,24.46,351.38,56.0,0.76,0,12.9,0,0
5387,Noe Sushi Bar,71,10,47.6,1063.68,25.0,0.28,0,2.8,0,0
5388,Nubori Experience,10,6,51.52,580.06,27.0,0.3,0,5.9,0,1
5389,Noe Sushi Bar,93,6,55.51,1046.93,32.0,0.44,0,18.7,0,0
5390,Nubori Experience,36,5,48.57,793.35,46.0,0.14,0,4.4,0,1
5391,Kobe Sushi,24,7,27.95,329.66,38.0,0.61,0,0.5,0,0
5392,Noe Sushi Bar,64,4,20.53,153.36,60.0,0.5,0,3.7,0,0
5393,Nubori Experience,56,7,54.64,916.11,52.0,0.11,1,8.0,0,1
5394,Noe Sushi Bar,110,6,35.48,811.26,42.0,0.41,0,4.6,0,1
5395,Noe Sushi Bar,78,4,67.17,950.82,47.0,0.37,0,1.1,0,1
5396,Kobe Sushi,78,7,17.06,184.97,61.0,0.1,2,12.2,1,0
5397,Kobe Sushi,89,10,24.07,501.74,51.0,0.46,0,6.9,0,1
5398,Noe Sushi Bar,110,4,41.86,594.35,57.0,0.36,0,5.9,1,0
5399,Kobe Sushi,22,7,19.63,237.43,26.0,0.3,0,23.5,1,0
5400,Nubori Experience,52,10,83.94,3264.89,66.0,0.17,0,4.1,0,1
5401,Kobe Sushi,50,2,18.49,140.32,27.0,0.1,0,2.3,1,0
5402,Nubori Experience,47,6,84.4,1207.12,46.0,0.17,0,3.1,1,0
5403,Nubori Experience,23,10,58.09,1119.5,60.0,0.31,0,17.0,0,0
5404,Kobe Sushi,96,10,22.76,864.21,37.0,0.32,0,20.6,0,0
5405,Kobe Sushi,90,7,16.53,342.39,65.0,0.41,0,8.0,0,0
5406,Nubori Experience,115,6,43.24,790.56,39.0,0.73,0,1.0,1,0
5407,Nubori Experience,91,4,65.79,878.21,48.0,0.61,1,0.5,1,0
5408,Noe Sushi Bar,109,8,45.27,935.64,36.0,0.45,1,5.9,1,0
5409,Kobe Sushi,76,12,15.34,525.03,39.0,0.26,0,2.1,1,0
5410,Noe Sushi Bar,83,6,28.02,418.53,23.0,0.24,0,18.9,1,0
5411,Noe Sushi Bar,19,6,70.21,1363.36,55.0,0.24,0,7.3,1,0
5412,Kobe Sushi,52,12,18.32,660.03,46.0,0.52,0,2.6,0,1
5413,Noe Sushi Bar,34,8,35.37,627.78,63.0,0.05,0,9.1,0,0
5414,Kobe Sushi,96,8,16.14,203.12,38.0,0.33,0,0.9,1,0
5415,Kobe Sushi,29,3,27.96,173.67,25.0,0.06,0,1.0,0,0
5416,Kobe Sushi,61,5,15.35,198.91,61.0,0.66,0,1.3,0,0
5417,Kobe Sushi,85,10,18.48,558.47,31.0,0.33,0,7.2,0,1
5418,Kobe Sushi,35,3,16.67,153.78,36.0,0.18,0,2.4,1,0
5419,Noe Sushi Bar,106,6,46.84,838.11,71.0,0.66,0,7.0,1,0
5420,Kobe Sushi,5,8,13.37,364.93,39.0,0.32,0,5.0,0,1
5421,Kobe Sushi,76,5,11.93,177.53,22.0,0.08,1,18.1,0,0
5422,Kobe Sushi,7,3,20.47,175.93,49.0,0.22,1,10.0,0,1
5423,Nubori Experience,41,8,92.59,2813.69,69.0,0.29,0,1.8,0,1
5424,Noe Sushi Bar,2,2,49.31,182.4,33.0,0.09,0,5.3,0,0
5425,Noe Sushi Bar,89,6,54.87,627.03,25.0,0.54,0,5.8,0,0
5426,Noe Sushi Bar,10,6,56.78,921.62,52.0,0.61,0,1.0,1,0
5427,Nubori Experience,102,5,61.69,871.32,65.0,0.25,0,1.5,0,1
5428,Kobe Sushi,44,6,10.0,156.09,54.0,0.48,0,0.5,0,0
5429,Noe Sushi Bar,70,7,26.53,482.65,60.0,0.39,0,0.5,1,0
5430,Noe Sushi Bar,91,9,50.83,1751.57,66.0,0.11,0,4.6,0,0
5431,Noe Sushi Bar,35,5,38.24,673.46,53.0,0.32,0,3.8,1,0
5432,Kobe Sushi,62,7,21.83,313.15,37.0,0.4,0,6.9,0,1
5433,Noe Sushi Bar,74,6,48.22,683.05,42.0,0.43,1,10.7,0,0
5434,Kobe Sushi,73,4,13.97,185.07,26.0,0.49,0,0.8,1,0
5435,Noe Sushi Bar,20,5,51.06,848.27,51.0,0.14,0,6.9,1,0
5436,Noe Sushi Bar,101,7,67.99,1284.41,50.0,0.13,0,0.5,0,0
5437,Kobe Sushi,35,10,25.33,440.09,49.0,0.14,0,6.3,0,1
5438,Nubori Experience,37,9,49.22,1604.9,36.0,0.17,0,1.8,0,1
5439,Kobe Sushi,104,5,13.28,177.4,41.0,0.36,2,1.8,0,1
5440,Nubori Experience,72,1,58.92,183.51,54.0,0.03,0,24.6,0,1
5441,Noe Sushi Bar,110,5,43.01,457.14,39.0,0.52,0,1.0,0,0
5442,Kobe Sushi,120,8,10.0,207.03,57.0,0.15,3,5.4,0,1
5443,Kobe Sushi,54,3,14.3,162.65,44.0,0.39,0,15.3,0,0
5444,Nubori Experience,95,5,50.91,666.32,52.0,0.28,0,4.8,1,0
5445,Kobe Sushi,113,5,20.95,228.65,54.0,0.19,0,5.4,1,0
5446,Kobe Sushi,107,2,20.37,77.96,49.0,0.56,2,15.7,1,0
5447,Kobe Sushi,80,4,19.96,159.68,54.0,0.39,1,4.9,1,0
5448,Noe Sushi Bar,28,4,18.03,120.97,20.0,0.31,0,5.8,0,1
5449,Noe Sushi Bar,70,2,38.23,191.16,42.0,0.33,0,0.5,0,1
5450,Kobe Sushi,32,3,25.72,228.78,63.0,0.22,1,10.9,1,0
5451,Kobe Sushi,92,13,15.42,404.28,34.0,0.15,0,3.0,0,1
5452,Kobe Sushi,11,8,18.44,327.9,37.0,0.33,0,1.0,0,1
5453,Kobe Sushi,42,7,12.91,184.78,49.0,0.25,0,8.8,0,1
5454,Noe Sushi Bar,23,7,47.11,1035.78,32.0,0.22,0,7.1,0,1
5455,Noe Sushi Bar,30,5,33.2,614.3,60.0,0.28,0,6.4,1,0
5456,Kobe Sushi,9,8,22.9,357.87,36.0,0.35,0,1.0,0,1
5457,Kobe Sushi,92,5,20.81,207.39,56.0,0.34,0,3.1,0,1
5458,Kobe Sushi,88,9,19.39,474.86,39.0,0.33,0,8.1,1,0
5459,Nubori Experience,59,6,68.21,638.56,42.0,0.32,1,11.4,1,0
5460,Nubori Experience,28,8,52.47,1384.89,54.0,0.54,1,8.4,1,0
5461,Nubori Experience,88,5,68.21,908.22,41.0,0.45,0,3.0,1,0
5462,Kobe Sushi,79,7,14.28,350.89,22.0,0.61,0,3.4,1,0
5463,Kobe Sushi,103,5,23.97,306.61,81.0,0.26,0,6.1,0,1
5464,Kobe Sushi,114,6,10.75,215.97,38.0,0.06,1,5.6,1,0
5465,Kobe Sushi,33,2,23.03,73.92,32.0,0.21,1,12.8,1,0
5466,Noe Sushi Bar,47,5,26.15,205.39,20.0,0.34,0,8.0,0,0
5467,Chef Choy,98,9,15.12,452.16,47.0,0.32,0,5.5,1,0
5468,Nubori Experience,22,2,59.73,426.07,47.0,0.4,0,0.6,0,0
5469,Nubori Experience,29,5,58.62,635.58,44.0,0.47,0,11.7,1,0
5470,Kobe Sushi,34,8,19.86,555.11,20.0,0.69,0,11.2,1,0
5471,Noe Sushi Bar,42,9,59.57,1265.89,52.0,0.11,0,4.3,0,1
5472,Kobe Sushi,52,8,21.14,410.63,39.0,0.03,0,5.5,1,0
5473,Kobe Sushi,47,9,20.85,546.5,45.0,0.38,0,1.1,0,0
5474,Noe Sushi Bar,74,7,26.2,324.97,68.0,0.48,0,2.6,1,0
5475,Kobe Sushi,51,4,16.87,127.34,46.0,0.1,0,0.5,0,1
5476,Noe Sushi Bar,118,3,70.97,806.63,73.0,0.11,0,30.0,1,0
5477,Kobe Sushi,45,5,10.0,123.01,20.0,0.18,0,3.1,0,1
5478,Noe Sushi Bar,94,6,39.21,823.95,41.0,0.7,0,6.1,0,0
5479,Chef Choy,120,2,28.2,101.76,60.0,0.57,0,0.5,0,0
5480,Kobe Sushi,75,5,15.38,255.67,50.0,0.31,0,1.2,0,0
5481,Nubori Experience,118,4,71.46,835.68,33.0,0.59,1,2.5,0,1
5482,Kobe Sushi,34,6,15.52,325.26,20.0,0.39,0,6.7,0,1
5483,Noe Sushi Bar,21,7,25.22,363.01,45.0,0.43,0,28.9,0,0
5484,Noe Sushi Bar,13,2,44.45,353.22,42.0,0.29,1,1.9,1,0
5485,Noe Sushi Bar,54,5,21.81,250.63,43.0,0.18,0,0.5,0,0
5486,Nubori Experience,25,5,80.12,1060.57,20.0,0.03,0,1.0,0,1
5487,Kobe Sushi,118,6,25.53,314.77,39.0,0.63,2,6.1,0,1
5488,Noe Sushi Bar,21,10,48.23,1107.77,22.0,0.47,0,1.3,0,0
5489,Noe Sushi Bar,1,3,71.85,845.79,37.0,0.44,0,9.7,0,0
5490,Nubori Experience,58,5,59.95,774.4,73.0,0.45,0,0.6,0,1
5491,Kobe Sushi,69,8,27.13,358.5,20.0,0.48,0,1.2,0,1
5492,Chef Choy,117,7,21.59,412.09,49.0,0.39,0,0.8,1,0
5493,Noe Sushi Bar,86,4,50.79,744.3,54.0,0.32,0,0.8,1,0
5494,Kobe Sushi,71,6,12.19,226.82,50.0,0.12,0,3.7,0,0
5495,Noe Sushi Bar,13,11,46.6,1394.7,64.0,0.21,0,13.1,1,0
5496,Kobe Sushi,109,3,13.19,150.65,63.0,0.17,0,2.8,0,1
5497,Noe Sushi Bar,52,4,36.83,403.89,40.0,0.78,0,6.3,0,0
5498,Nubori Experience,23,8,79.8,1026.83,43.0,0.4,0,0.9,0,0
5499,Noe Sushi Bar,21,9,76.22,1705.13,50.0,0.08,1,2.9,1,0
5500,Noe Sushi Bar,6,5,63.91,1206.4,45.0,0.53,0,9.0,0,0
5501,Noe Sushi Bar,20,9,50.43,804.38,31.0,0.3,0,1.3,0,0
5502,Kobe Sushi,76,3,13.67,124.78,45.0,0.83,0,7.8,1,0
5503,Kobe Sushi,40,5,22.05,300.19,58.0,0.31,2,0.5,0,0
5504,Noe Sushi Bar,9,4,46.37,605.33,52.0,0.55,1,10.7,1,0
5505,Kobe Sushi,50,4,10.75,84.22,53.0,0.81,0,1.2,0,1
5506,Kobe Sushi,28,6,19.83,466.09,27.0,0.22,0,2.8,0,1
5507,Noe Sushi Bar,11,4,40.34,529.64,52.0,0.44,1,0.8,1,0
5508,Kobe Sushi,116,5,17.06,209.13,72.0,0.53,1,5.7,1,0
5509,Kobe Sushi,96,10,14.22,280.94,47.0,0.2,0,2.0,0,0
5510,Noe Sushi Bar,75,7,42.08,497.61,52.0,0.47,0,10.1,0,1
5511,Kobe Sushi,88,5,18.7,147.58,29.0,0.31,1,3.5,0,0
5512,Nubori Experience,56,5,84.67,712.28,39.0,0.45,1,0.5,1,0
5513,Nubori Experience,79,7,61.58,1598.62,45.0,0.67,1,0.6,1,0
5514,Noe Sushi Bar,105,6,51.4,1054.32,63.0,0.38,0,6.5,1,0
5515,Kobe Sushi,35,3,29.11,158.21,37.0,0.09,1,0.5,0,1
5516,Chef Choy,81,5,30.0,546.66,29.0,0.1,0,11.0,0,0
5517,Nubori Experience,25,2,79.39,418.43,40.0,0.59,0,1.7,0,1
5518,Chef Choy,113,7,16.55,427.86,64.0,0.46,0,2.4,1,0
5519,Kobe Sushi,99,5,22.09,311.92,43.0,0.43,0,0.5,1,0
5520,Noe Sushi Bar,19,8,36.95,699.56,55.0,0.62,2,14.1,0,0
5521,Nubori Experience,105,3,69.36,386.93,65.0,0.59,0,1.3,0,1
5522,Noe Sushi Bar,31,5,59.66,765.37,54.0,0.3,0,5.1,0,0
5523,Noe Sushi Bar,81,3,54.02,288.69,78.0,0.33,1,6.8,0,0
5524,Noe Sushi Bar,119,5,40.71,596.64,37.0,0.44,0,3.5,1,0
5525,Noe Sushi Bar,50,5,59.72,1062.38,46.0,0.33,0,3.3,0,1
5526,Kobe Sushi,87,3,25.09,183.19,44.0,0.03,1,1.8,0,1
5527,Noe Sushi Bar,63,6,41.05,532.47,36.0,0.55,0,4.3,0,1
5528,Kobe Sushi,47,7,14.18,209.08,40.0,0.3,0,3.4,0,1
5529,Noe Sushi Bar,1,6,46.34,463.07,38.0,0.26,0,17.5,0,0
5530,Kobe Sushi,58,4,16.49,208.11,46.0,0.47,0,5.9,0,0
5531,Noe Sushi Bar,10,4,31.28,249.78,36.0,0.52,0,12.1,0,0
5532,Kobe Sushi,8,4,14.42,203.47,71.0,0.3,0,0.9,0,0
5533,Noe Sushi Bar,106,4,37.61,501.71,50.0,0.19,0,3.8,1,0
5534,Chef Choy,26,7,19.17,445.48,45.0,0.5,3,1.6,1,0
5535,Kobe Sushi,34,12,11.07,449.01,59.0,0.59,0,20.8,1,0
5536,Kobe Sushi,19,10,16.36,294.05,61.0,0.11,0,5.0,0,0
5537,Kobe Sushi,78,2,17.97,115.09,31.0,0.42,0,8.9,1,0
5538,Nubori Experience,72,5,44.7,347.8,74.0,0.72,0,7.1,1,0
5539,Noe Sushi Bar,115,7,29.81,388.38,45.0,0.09,0,0.5,1,0
5540,Noe Sushi Bar,1,6,60.24,816.04,60.0,0.48,0,0.5,0,0
5541,Kobe Sushi,48,5,18.75,265.58,35.0,0.74,0,7.6,0,1
5542,Noe Sushi Bar,25,4,58.6,618.93,49.0,0.12,0,1.2,0,1
5543,Nubori Experience,24,5,66.93,1266.55,30.0,0.39,1,9.1,1,0
5544,Nubori Experience,47,5,54.75,921.84,61.0,0.28,1,4.1,0,1
5545,Noe Sushi Bar,84,5,37.51,295.15,41.0,0.53,0,0.5,0,0
5546,Kobe Sushi,120,7,13.18,240.62,60.0,0.59,0,9.3,0,0
5547,Kobe Sushi,94,5,19.39,214.18,51.0,0.13,0,2.0,0,1
5548,Kobe Sushi,69,4,13.74,200.92,42.0,0.15,0,0.5,1,1
5549,Kobe Sushi,67,4,20.88,276.43,33.0,0.62,0,4.3,0,1
5550,Kobe Sushi,32,4,14.11,164.45,47.0,0.36,0,2.7,1,0
5551,Kobe Sushi,17,8,11.09,236.28,49.0,0.27,0,2.6,1,0
5552,Kobe Sushi,61,8,14.11,249.37,54.0,0.33,1,30.0,1,0
5553,Nubori Experience,106,7,72.4,934.15,63.0,0.32,0,13.5,1,0
5554,Noe Sushi Bar,69,7,69.03,1079.57,45.0,0.55,0,2.1,1,0
5555,Nubori Experience,11,2,70.98,320.77,55.0,0.14,0,8.4,0,1
5556,Noe Sushi Bar,38,5,35.95,382.47,34.0,0.55,0,4.6,0,0
5557,Kobe Sushi,68,7,10.0,184.12,56.0,0.48,0,9.4,1,0
5558,Noe Sushi Bar,103,6,34.53,501.32,32.0,0.19,0,11.7,0,1
5559,Kobe Sushi,19,6,12.23,215.16,40.0,0.37,0,4.3,0,0
5560,Noe Sushi Bar,103,5,33.48,518.86,53.0,0.11,0,0.5,0,0
5561,Kobe Sushi,110,4,18.71,126.5,31.0,0.27,0,2.2,1,0
5562,Nubori Experience,113,3,74.56,826.77,37.0,0.18,0,3.4,1,0
5563,Kobe Sushi,87,3,15.59,139.59,41.0,0.22,0,0.9,1,0
5564,Kobe Sushi,17,10,24.51,547.23,52.0,0.09,0,1.8,0,1
5565,Nubori Experience,13,9,74.79,1150.24,58.0,0.29,0,2.4,1,0
5566,Kobe Sushi,91,7,17.48,333.79,36.0,0.29,0,0.8,1,0
5567,Noe Sushi Bar,1,6,35.84,411.68,41.0,0.47,0,5.6,0,0
5568,Noe Sushi Bar,2,5,33.7,481.19,52.0,0.68,0,4.1,0,1
5569,Nubori Experience,82,6,62.22,825.78,53.0,0.03,2,14.8,0,1
5570,Nubori Experience,100,7,82.84,1559.74,45.0,0.16,0,16.0,0,0
5571,Nubori Experience,109,5,55.25,672.91,73.0,0.19,0,7.9,0,1
5572,Kobe Sushi,97,7,25.86,469.94,66.0,0.62,0,3.3,0,1
5573,Nubori Experience,100,9,105.09,1628.82,68.0,0.39,0,0.7,1,0
5574,Noe Sushi Bar,66,4,45.87,573.0,25.0,0.05,0,2.1,0,1
5575,Noe Sushi Bar,68,7,43.44,656.59,20.0,0.56,1,16.3,0,1
5576,Kobe Sushi,16,4,10.0,143.7,36.0,0.29,0,14.0,0,0
5577,Noe Sushi Bar,4,9,52.74,1005.6,27.0,0.54,0,0.5,0,1
5578,Nubori Experience,57,7,81.01,1257.53,20.0,0.51,0,6.1,0,1
5579,Nubori Experience,73,6,74.55,754.89,46.0,0.21,0,7.8,0,1
5580,Noe Sushi Bar,113,6,29.16,565.68,47.0,0.31,1,0.5,1,0
5581,Kobe Sushi,85,4,15.75,110.95,43.0,0.09,0,5.2,0,1
5582,Kobe Sushi,23,12,20.27,968.04,20.0,0.36,1,1.0,1,0
5583,Nubori Experience,116,6,81.36,1772.04,20.0,0.19,0,0.5,1,0
5584,Noe Sushi Bar,117,4,47.4,518.19,48.0,0.24,1,14.7,1,0
5585,Noe Sushi Bar,2,8,56.24,944.69,49.0,0.21,3,8.8,1,0
5586,Kobe Sushi,67,14,19.7,470.99,28.0,0.53,0,4.1,1,0
5587,Noe Sushi Bar,87,7,40.44,477.0,37.0,0.62,0,2.0,1,1
5588,Noe Sushi Bar,26,8,28.62,350.05,53.0,0.34,0,6.9,0,0
5589,Nubori Experience,111,7,75.76,1513.32,48.0,0.22,0,6.7,0,1
5590,Noe Sushi Bar,7,5,47.01,506.66,72.0,0.16,0,1.9,1,0
5591,Kobe Sushi,100,5,12.6,165.36,58.0,0.12,0,11.5,0,0
5592,Noe Sushi Bar,44,6,78.15,1444.04,56.0,0.18,0,1.7,1,0
5593,Kobe Sushi,33,4,22.08,272.6,47.0,0.47,0,5.3,0,1
5594,Nubori Experience,113,6,75.33,1199.22,38.0,0.5,0,2.7,0,1
5595,Kobe Sushi,64,6,17.91,216.06,55.0,0.51,0,0.8,1,0
5596,Noe Sushi Bar,36,10,25.48,948.5,36.0,0.11,0,22.2,0,1
5597,Kobe Sushi,4,3,10.0,52.31,50.0,0.07,0,4.1,0,1
5598,Noe Sushi Bar,118,6,43.91,651.14,41.0,0.02,0,2.7,0,0
5599,Noe Sushi Bar,23,4,56.13,780.06,49.0,0.14,0,2.7,0,1
5600,Noe Sushi Bar,25,8,48.21,1061.44,37.0,0.13,0,12.6,0,0
5601,Kobe Sushi,105,12,20.98,554.52,30.0,0.32,0,1.6,0,0
5602,Kobe Sushi,90,6,18.1,382.17,43.0,0.45,0,0.5,0,1
5603,Kobe Sushi,92,4,10.0,139.43,20.0,0.61,0,4.8,0,0
5604,Noe Sushi Bar,92,4,52.58,594.95,48.0,0.38,0,3.3,0,1
5605,Kobe Sushi,85,4,17.79,160.18,37.0,0.32,0,0.7,0,1
5606,Noe Sushi Bar,74,3,51.96,557.55,41.0,0.38,2,7.7,0,0
5607,Nubori Experience,27,9,60.82,1037.79,60.0,0.37,0,4.2,0,1
5608,Nubori Experience,51,4,65.54,988.69,26.0,0.16,0,2.8,0,1
5609,Noe Sushi Bar,115,2,42.84,274.19,20.0,0.76,0,1.2,0,0
5610,Noe Sushi Bar,79,3,43.98,214.11,38.0,0.06,0,5.0,0,0
5611,Kobe Sushi,118,6,18.34,428.61,24.0,0.58,0,4.0,1,0
5612,Noe Sushi Bar,81,5,28.18,456.89,55.0,0.29,0,1.4,0,0
5613,Nubori Experience,103,6,61.58,1205.21,42.0,0.36,0,4.7,1,0
5614,Kobe Sushi,99,5,16.69,166.17,56.0,0.1,0,5.9,1,0
5615,Noe Sushi Bar,69,3,49.56,428.33,45.0,0.42,1,13.0,1,0
5616,Nubori Experience,80,9,52.96,1715.45,65.0,0.39,0,5.4,0,1
5617,Nubori Experience,23,9,85.47,2530.69,30.0,0.18,0,1.0,0,1
5618,Kobe Sushi,103,7,17.15,225.15,26.0,0.24,0,10.3,0,0
5619,Noe Sushi Bar,112,3,31.28,212.81,20.0,0.12,0,1.4,0,0
5620,Kobe Sushi,9,9,30.71,471.44,58.0,0.55,3,0.9,0,0
5621,Kobe Sushi,33,6,12.68,140.28,64.0,0.2,0,20.9,1,0
5622,Nubori Experience,35,5,83.23,990.25,49.0,0.37,0,14.4,1,0
5623,Nubori Experience,104,5,48.7,578.61,24.0,0.38,0,8.4,0,1
5624,Chef Choy,50,5,35.25,674.94,20.0,0.53,0,0.8,0,1
5625,Kobe Sushi,24,4,19.66,161.31,35.0,0.42,0,6.9,0,0
5626,Nubori Experience,88,4,60.3,891.22,27.0,0.21,0,2.2,0,1
5627,Noe Sushi Bar,114,5,55.22,1010.67,50.0,0.21,0,4.5,0,0
5628,Kobe Sushi,24,8,30.03,649.75,47.0,0.36,0,2.6,0,1
5629,Noe Sushi Bar,19,5,60.67,1080.52,49.0,0.45,0,6.6,0,0
5630,Kobe Sushi,39,8,12.12,307.83,46.0,0.47,0,11.0,0,0
5631,Chef Choy,61,6,24.75,287.02,44.0,0.23,0,20.9,0,0
5632,Noe Sushi Bar,25,8,50.33,795.25,54.0,0.64,0,1.8,0,0
5633,Kobe Sushi,116,6,16.31,202.78,67.0,0.14,0,3.0,0,0
5634,Kobe Sushi,95,7,26.83,639.83,54.0,0.41,0,18.6,1,0
5635,Kobe Sushi,102,7,16.05,289.67,64.0,0.2,0,0.5,0,1
5636,Kobe Sushi,25,5,17.79,155.75,62.0,0.7,2,17.0,1,0
5637,Noe Sushi Bar,27,3,91.02,995.03,44.0,0.23,0,6.3,0,1
5638,Nubori Experience,32,4,80.56,811.68,43.0,0.77,0,1.5,0,0
5639,Kobe Sushi,11,12,10.85,269.86,42.0,0.14,0,4.1,0,0
5640,Kobe Sushi,69,11,20.97,564.43,44.0,0.12,0,0.5,0,1
5641,Noe Sushi Bar,108,7,27.64,550.14,77.0,0.29,0,3.3,1,0
5642,Nubori Experience,33,7,58.13,1231.31,24.0,0.41,0,1.4,0,0
5643,Kobe Sushi,19,5,10.0,138.18,20.0,0.17,0,1.0,0,0
5644,Kobe Sushi,107,6,10.0,90.93,71.0,0.1,2,7.8,0,0
5645,Noe Sushi Bar,111,11,61.27,2130.96,55.0,0.19,2,7.7,0,1
5646,Kobe Sushi,16,9,29.0,769.87,22.0,0.34,0,2.3,0,1
5647,Kobe Sushi,99,5,22.83,188.52,44.0,0.22,0,12.2,1,0
5648,Noe Sushi Bar,11,6,55.76,980.09,46.0,0.53,0,10.8,0,0
5649,Noe Sushi Bar,75,7,70.34,1217.74,50.0,0.4,0,3.8,0,0
5650,Noe Sushi Bar,74,5,56.5,820.67,23.0,0.38,1,8.2,0,1
5651,Noe Sushi Bar,98,8,31.82,971.22,38.0,0.42,1,0.5,1,0
5652,Noe Sushi Bar,116,7,41.87,596.66,59.0,0.3,0,0.5,0,0
5653,Kobe Sushi,69,6,23.95,278.57,42.0,0.11,0,16.3,1,0
5654,Kobe Sushi,87,3,16.09,176.88,51.0,0.59,0,6.1,0,0
5655,Kobe Sushi,55,8,25.57,767.76,45.0,0.62,0,2.9,0,1
5656,Kobe Sushi,25,7,17.17,451.67,43.0,0.83,2,5.8,1,0
5657,Noe Sushi Bar,93,9,46.56,1500.75,65.0,0.04,0,0.5,1,0
5658,Nubori Experience,104,3,66.61,608.06,47.0,0.03,2,0.5,0,0
5659,Nubori Experience,77,7,51.6,1198.41,70.0,0.06,3,0.5,1,0
5660,Noe Sushi Bar,111,8,38.52,492.36,55.0,0.71,0,8.0,1,0
5661,Kobe Sushi,96,8,16.46,264.71,61.0,0.63,0,5.8,1,0
5662,Kobe Sushi,34,4,16.31,141.03,31.0,0.52,0,10.8,0,0
5663,Nubori Experience,12,7,38.06,1061.3,47.0,0.62,0,23.3,0,0
5664,Noe Sushi Bar,88,6,73.01,1674.25,20.0,0.22,1,10.0,0,1
5665,Noe Sushi Bar,104,3,32.5,204.0,34.0,0.6,0,6.7,1,0
5666,Chef Choy,21,5,19.85,183.82,38.0,0.65,1,7.8,0,1
5667,Noe Sushi Bar,29,3,50.7,397.58,24.0,0.47,0,3.1,0,1
5668,Nubori Experience,51,3,72.25,802.76,43.0,0.1,3,2.3,1,0
5669,Kobe Sushi,23,3,15.35,103.39,46.0,0.33,2,4.7,1,0
5670,Noe Sushi Bar,33,7,28.72,719.54,67.0,0.51,0,8.5,1,0
5671,Nubori Experience,8,4,40.34,307.01,36.0,0.39,0,6.5,0,1
5672,Kobe Sushi,42,4,16.49,124.03,57.0,0.6,1,0.7,1,0
5673,Noe Sushi Bar,77,4,38.87,447.27,21.0,0.64,0,4.8,0,1
5674,Kobe Sushi,69,13,25.39,592.39,57.0,0.44,0,3.4,1,0
5675,Nubori Experience,118,7,89.14,2489.34,29.0,0.37,0,2.5,0,0
5676,Kobe Sushi,41,6,19.2,265.68,57.0,0.59,0,3.1,0,0
5677,Noe Sushi Bar,74,6,57.29,523.54,42.0,0.08,0,4.2,0,1
5678,Kobe Sushi,63,10,20.99,513.13,20.0,0.08,0,1.6,0,0
5679,Noe Sushi Bar,14,6,40.39,581.43,43.0,0.57,0,9.8,0,0
5680,Kobe Sushi,88,8,22.98,515.4,45.0,0.07,0,1.9,0,1
5681,Kobe Sushi,62,4,24.29,277.12,64.0,0.33,0,1.7,1,0
5682,Noe Sushi Bar,75,6,42.49,532.58,31.0,0.21,0,1.6,0,1
5683,Nubori Experience,46,8,86.12,2671.57,46.0,0.45,0,1.1,1,0
5684,Kobe Sushi,67,6,18.53,318.66,61.0,0.52,0,12.7,0,1
5685,Kobe Sushi,93,6,16.39,239.56,62.0,0.09,0,2.5,0,1
5686,Chef Choy,53,5,37.47,620.26,46.0,0.37,0,1.7,0,0
5687,Noe Sushi Bar,112,7,50.54,544.23,52.0,0.19,0,29.3,0,0
5688,Nubori Experience,52,6,63.81,1248.09,34.0,0.35,0,3.8,0,1
5689,Kobe Sushi,94,5,17.47,266.25,30.0,0.21,0,8.8,1,0
5690,Noe Sushi Bar,113,7,49.32,780.96,30.0,0.33,1,3.0,0,1
5691,Kobe Sushi,101,10,13.99,423.35,39.0,0.02,0,0.5,0,0
5692,Kobe Sushi,7,6,16.08,231.24,76.0,0.69,0,2.2,0,0
5693,Noe Sushi Bar,81,7,46.93,583.56,49.0,0.5,0,0.5,0,0
5694,Noe Sushi Bar,84,8,33.16,812.41,46.0,0.21,0,4.4,0,1
5695,Chef Choy,54,6,30.18,348.02,50.0,0.2,0,8.3,1,0
5696,Kobe Sushi,11,6,13.34,254.77,25.0,0.56,1,20.3,0,0
5697,Noe Sushi Bar,108,8,28.89,614.61,54.0,0.16,0,2.4,1,0
5698,Noe Sushi Bar,25,3,24.88,205.62,47.0,0.34,0,10.7,1,0
5699,Nubori Experience,59,15,41.35,1133.56,55.0,0.38,0,5.9,0,1
5700,Kobe Sushi,88,4,10.57,113.55,20.0,0.11,0,2.7,1,0
5701,Kobe Sushi,66,4,15.01,189.16,63.0,0.44,0,19.2,0,0
5702,Kobe Sushi,27,8,17.05,535.61,30.0,0.55,0,3.2,0,1
5703,Noe Sushi Bar,83,6,41.52,394.97,45.0,0.12,0,5.2,0,0
5704,Kobe Sushi,58,4,10.9,141.63,22.0,0.29,0,13.7,0,0
5705,Nubori Experience,93,7,74.54,1060.24,34.0,0.24,3,10.4,1,0
5706,Kobe Sushi,101,11,19.19,430.68,33.0,0.44,1,2.2,0,0
5707,Nubori Experience,11,4,75.81,1013.93,50.0,0.31,0,0.5,0,0
5708,Kobe Sushi,55,6,22.63,317.66,47.0,0.59,0,2.7,0,0
5709,Noe Sushi Bar,19,5,39.55,522.47,43.0,0.41,0,6.6,0,0
5710,Nubori Experience,92,5,31.32,597.31,44.0,0.16,0,17.1,1,0
5711,Kobe Sushi,39,6,15.18,138.62,56.0,0.19,0,18.1,0,0
5712,Nubori Experience,85,2,73.89,317.21,58.0,0.07,0,1.8,0,0
5713,Noe Sushi Bar,90,7,37.34,536.69,33.0,0.24,0,9.5,1,0
5714,Nubori Experience,86,3,69.8,375.01,29.0,0.41,0,1.1,0,0
5715,Noe Sushi Bar,70,5,33.16,594.84,27.0,0.37,0,2.5,0,0
5716,Kobe Sushi,11,14,21.23,645.52,47.0,0.05,0,0.8,0,1
5717,Kobe Sushi,14,10,14.08,552.71,57.0,0.12,0,0.5,1,0
5718,Kobe Sushi,60,5,25.13,348.7,24.0,0.52,0,3.8,0,0
5719,Kobe Sushi,36,2,10.0,64.83,48.0,0.41,0,7.8,0,0
5720,Kobe Sushi,104,7,11.7,143.69,43.0,0.58,0,9.0,0,0
5721,Kobe Sushi,41,9,16.84,496.11,50.0,0.16,1,5.2,0,1
5722,Noe Sushi Bar,2,8,58.84,982.59,98.0,0.36,0,4.6,0,1
5723,Chef Choy,57,6,31.11,637.23,41.0,0.1,1,0.5,0,1
5724,Kobe Sushi,107,8,19.96,617.35,51.0,0.7,0,2.0,1,0
5725,Kobe Sushi,60,7,18.19,312.73,27.0,0.48,0,1.0,1,0
5726,Noe Sushi Bar,20,7,63.05,1261.48,29.0,0.2,0,3.0,0,0
5727,Kobe Sushi,22,7,16.81,275.14,26.0,0.58,0,1.2,0,0
5728,Kobe Sushi,103,7,23.08,256.25,35.0,0.62,0,0.5,0,1
5729,Kobe Sushi,4,5,21.56,183.02,47.0,0.29,0,18.7,0,1
5730,Nubori Experience,56,8,69.91,1464.85,66.0,0.17,0,0.5,0,0
5731,Nubori Experience,93,9,72.74,2618.13,56.0,0.06,0,5.9,0,0
5732,Kobe Sushi,110,5,18.75,349.27,71.0,0.15,0,7.5,0,0
5733,Noe Sushi Bar,58,4,34.29,299.27,36.0,0.1,0,4.0,1,0
5734,Noe Sushi Bar,88,2,44.01,341.78,52.0,0.06,0,3.8,0,1
5735,Noe Sushi Bar,65,7,28.35,426.56,27.0,0.33,0,0.7,0,1
5736,Noe Sushi Bar,88,3,27.2,307.71,45.0,0.38,0,5.6,0,0
5737,Noe Sushi Bar,58,4,45.72,354.37,32.0,0.27,0,6.3,0,1
5738,Kobe Sushi,30,5,20.23,387.39,50.0,0.07,0,3.7,0,1
5739,Kobe Sushi,76,10,10.0,206.51,57.0,0.2,0,28.3,0,0
5740,Noe Sushi Bar,19,5,71.14,637.65,59.0,0.07,0,7.9,1,0
5741,Nubori Experience,101,6,81.61,1435.37,57.0,0.48,0,1.4,0,1
5742,Noe Sushi Bar,62,5,41.81,450.28,67.0,0.76,1,2.1,1,0
5743,Nubori Experience,104,3,45.77,249.82,44.0,0.51,1,0.7,0,0
5744,Nubori Experience,107,9,48.52,1106.03,50.0,0.13,0,9.7,1,0
5745,Kobe Sushi,118,10,16.86,650.71,52.0,0.28,1,5.5,1,0
5746,Noe Sushi Bar,68,10,35.78,1363.53,39.0,0.28,1,4.7,0,1
5747,Noe Sushi Bar,79,8,40.05,500.16,57.0,0.27,0,1.4,0,1
5748,Nubori Experience,84,5,31.49,487.83,34.0,0.3,0,6.1,1,0
5749,Nubori Experience,44,5,52.07,753.62,40.0,0.21,0,2.8,1,0
5750,Noe Sushi Bar,84,10,37.87,1248.62,55.0,0.13,0,10.3,1,0
5751,Kobe Sushi,118,5,14.86,180.27,37.0,0.08,0,4.5,1,0
5752,Chef Choy,119,12,24.75,789.71,20.0,0.24,0,6.7,0,1
5753,Kobe Sushi,61,9,24.6,436.62,23.0,0.19,0,0.9,0,1
5754,Chef Choy,21,5,12.12,197.11,34.0,0.25,0,2.9,1,0
5755,Nubori Experience,10,6,37.34,800.45,37.0,0.22,0,2.9,1,0
5756,Kobe Sushi,30,6,13.71,151.91,38.0,0.4,0,4.7,0,1
5757,Noe Sushi Bar,24,7,29.7,438.22,27.0,0.1,0,3.9,0,0
5758,Noe Sushi Bar,48,3,53.35,454.51,44.0,0.29,0,2.2,1,0
5759,Noe Sushi Bar,55,8,25.7,518.63,74.0,0.2,0,10.2,1,0
5760,Kobe Sushi,104,7,25.53,394.65,32.0,0.14,0,0.5,1,0
5761,Chef Choy,52,3,27.3,220.91,40.0,0.27,0,1.3,0,1
5762,Nubori Experience,104,6,70.27,724.84,64.0,0.29,0,0.5,1,0
5763,Nubori Experience,38,4,55.46,529.52,41.0,0.43,1,0.5,1,0
5764,Kobe Sushi,67,3,12.99,101.65,47.0,0.29,0,11.1,1,0
5765,Nubori Experience,93,8,69.97,952.73,54.0,0.02,1,8.5,0,0
5766,Noe Sushi Bar,8,4,49.28,743.4,43.0,0.65,0,0.5,0,0
5767,Kobe Sushi,29,4,10.0,72.91,47.0,0.12,0,3.2,0,0
5768,Kobe Sushi,119,1,16.85,48.6,30.0,0.26,0,5.2,0,0
5769,Kobe Sushi,10,8,14.03,378.4,50.0,0.27,0,0.9,0,0
5770,Nubori Experience,69,7,59.18,674.65,51.0,0.32,0,16.2,0,0
5771,Noe Sushi Bar,75,7,31.62,348.76,66.0,0.23,3,1.3,1,0
5772,Noe Sushi Bar,68,5,44.24,666.77,54.0,0.4,0,1.4,0,0
5773,Kobe Sushi,49,6,13.94,181.27,20.0,0.08,0,3.0,0,1
5774,Noe Sushi Bar,58,4,66.43,553.98,72.0,0.29,0,0.5,1,1
5775,Kobe Sushi,35,11,21.26,700.03,38.0,0.28,0,0.5,0,0
5776,Kobe Sushi,50,3,16.25,192.84,49.0,0.08,0,1.0,0,0
5777,Noe Sushi Bar,40,3,45.61,309.23,39.0,0.24,2,10.1,0,0
5778,Kobe Sushi,120,4,20.22,282.68,50.0,0.25,0,6.6,0,1
5779,Nubori Experience,12,11,70.57,2579.91,44.0,0.33,0,2.5,1,0
5780,Kobe Sushi,85,6,24.49,313.21,54.0,0.13,0,4.0,0,0
5781,Noe Sushi Bar,16,7,40.14,452.76,20.0,0.24,0,6.5,0,1
5782,Noe Sushi Bar,78,6,50.89,783.83,38.0,0.36,0,2.9,0,0
5783,Noe Sushi Bar,85,9,64.5,2241.68,20.0,0.64,0,0.5,0,1
5784,Kobe Sushi,48,8,10.0,120.02,48.0,0.37,1,15.1,0,0
5785,Kobe Sushi,91,1,15.5,46.13,57.0,0.71,0,19.6,0,0
5786,Nubori Experience,100,10,62.99,1677.68,45.0,0.36,0,4.5,0,1
5787,Kobe Sushi,1,6,19.95,364.13,55.0,0.4,1,2.4,0,1
5788,Nubori Experience,65,7,47.01,964.37,79.0,0.36,0,0.6,0,1
5789,Nubori Experience,22,6,65.8,776.44,23.0,0.3,0,1.2,0,1
5790,Kobe Sushi,15,6,17.74,342.09,54.0,0.16,1,6.9,0,1
5791,Kobe Sushi,116,3,17.77,129.47,62.0,0.15,0,4.7,0,1
5792,Noe Sushi Bar,84,6,47.92,566.46,37.0,0.3,0,5.4,1,0
5793,Nubori Experience,67,5,73.82,851.94,42.0,0.42,0,6.4,0,0
5794,Nubori Experience,14,3,67.42,448.89,39.0,0.52,0,9.1,1,0
5795,Noe Sushi Bar,73,7,49.55,719.15,20.0,0.2,0,10.2,0,0
5796,Chef Choy,19,7,28.88,356.4,64.0,0.14,0,4.8,0,1
5797,Kobe Sushi,40,6,12.97,293.85,67.0,0.39,0,2.7,0,0
5798,Nubori Experience,98,4,39.91,637.5,45.0,0.18,0,4.6,0,0
5799,Nubori Experience,4,5,69.83,1109.36,51.0,0.51,0,0.5,0,1
5800,Kobe Sushi,33,5,20.66,387.45,52.0,0.24,0,0.5,1,0
5801,Kobe Sushi,43,5,28.5,383.8,54.0,0.12,0,5.5,0,1
5802,Kobe Sushi,37,6,10.0,108.07,47.0,0.15,0,4.6,0,0
5803,Kobe Sushi,66,6,19.67,357.8,67.0,0.38,2,3.9,0,1
5804,Nubori Experience,27,7,62.77,758.7,67.0,0.36,0,9.5,0,0
5805,Kobe Sushi,45,4,16.52,112.77,48.0,0.2,0,8.3,0,0
5806,Kobe Sushi,81,8,23.02,717.82,48.0,0.11,0,16.1,0,0
5807,Kobe Sushi,113,5,20.56,385.58,56.0,0.36,0,12.1,0,1
5808,Nubori Experience,50,6,56.67,1176.63,23.0,0.38,0,1.4,1,0
5809,Noe Sushi Bar,117,5,26.86,395.41,42.0,0.54,2,1.9,1,0
5810,Noe Sushi Bar,95,5,43.43,708.67,62.0,0.09,0,9.6,0,1
5811,Kobe Sushi,63,4,16.42,147.61,54.0,0.27,0,1.4,0,0
5812,Nubori Experience,105,2,51.21,277.86,25.0,0.32,0,7.6,0,0
5813,Nubori Experience,6,3,68.92,708.93,34.0,0.34,0,2.4,0,0
5814,Kobe Sushi,116,5,11.7,161.65,41.0,0.09,0,30.0,0,0
5815,Kobe Sushi,95,4,12.76,188.5,32.0,0.24,0,1.4,1,0
5816,Kobe Sushi,67,4,14.78,150.58,52.0,0.63,0,1.9,1,0
5817,Kobe Sushi,104,4,16.91,102.14,20.0,0.12,0,8.7,0,1
5818,Noe Sushi Bar,67,5,52.95,820.8,20.0,0.58,0,2.5,0,0
5819,Nubori Experience,97,5,53.05,517.57,48.0,0.09,0,0.9,1,0
5820,Noe Sushi Bar,116,8,58.91,1195.77,45.0,0.45,0,7.8,0,1
5821,Nubori Experience,59,4,82.53,665.06,70.0,0.44,0,0.7,1,0
5822,Noe Sushi Bar,13,6,45.15,936.16,55.0,0.16,1,7.3,0,0
5823,Noe Sushi Bar,21,3,33.8,330.29,64.0,0.23,1,16.3,0,0
5824,Noe Sushi Bar,64,4,31.8,421.06,56.0,0.37,0,13.0,0,1
5825,Kobe Sushi,37,7,20.84,374.27,58.0,0.47,0,8.5,0,0
5826,Kobe Sushi,80,7,15.61,343.7,40.0,0.27,0,2.9,0,1
5827,Noe Sushi Bar,85,6,26.89,273.08,59.0,0.36,0,21.5,1,0
5828,Kobe Sushi,120,3,18.16,115.39,58.0,0.53,0,1.2,0,0
5829,Kobe Sushi,48,8,14.29,205.7,50.0,0.18,0,6.4,0,0
5830,Noe Sushi Bar,56,9,49.68,1517.83,20.0,0.28,0,13.9,1,0
5831,Nubori Experience,44,5,61.44,912.06,84.0,0.07,0,8.5,1,0
5832,Noe Sushi Bar,13,12,58.26,1244.54,37.0,0.12,2,1.1,0,1
5833,Nubori Experience,4,8,81.16,2425.86,51.0,0.27,0,21.8,0,0
5834,Noe Sushi Bar,95,2,12.78,66.78,47.0,0.34,0,5.3,1,0
5835,Chef Choy,73,7,35.38,708.98,62.0,0.16,0,8.1,0,0
5836,Noe Sushi Bar,112,10,39.81,1057.19,56.0,0.07,0,3.5,1,0
5837,Nubori Experience,33,3,46.92,212.07,44.0,0.38,0,0.5,0,0
5838,Noe Sushi Bar,37,7,48.01,1339.55,49.0,0.15,0,12.2,0,0
5839,Noe Sushi Bar,53,8,64.54,1381.71,43.0,0.34,0,4.3,0,1
5840,Noe Sushi Bar,101,8,64.52,1739.78,42.0,0.35,0,5.1,0,1
5841,Noe Sushi Bar,24,5,37.82,709.21,47.0,0.23,0,0.5,0,0
5842,Kobe Sushi,89,6,23.33,551.48,38.0,0.18,0,7.9,1,0
5843,Kobe Sushi,51,7,22.98,558.18,72.0,0.15,0,2.6,0,1
5844,Kobe Sushi,41,7,14.13,268.05,42.0,0.46,0,11.6,0,0
5845,Nubori Experience,29,8,56.65,1623.6,22.0,0.3,1,1.3,0,0
5846,Kobe Sushi,59,7,14.33,274.39,26.0,0.72,0,2.3,0,1
5847,Kobe Sushi,40,10,27.89,778.24,61.0,0.53,0,0.5,1,0
5848,Noe Sushi Bar,51,3,49.69,408.38,46.0,0.62,0,12.3,0,0
5849,Kobe Sushi,50,10,21.72,760.39,36.0,0.06,0,3.0,0,1
5850,Noe Sushi Bar,111,6,49.99,1013.43,69.0,0.21,0,10.0,1,0
5851,Kobe Sushi,36,6,13.94,171.24,46.0,0.64,0,26.1,1,0
5852,Nubori Experience,79,4,44.48,310.96,39.0,0.39,0,1.3,1,0
5853,Nubori Experience,109,6,63.09,880.79,33.0,0.18,0,2.0,0,1
5854,Nubori Experience,60,6,80.25,1044.15,71.0,0.67,0,10.1,0,0
5855,Noe Sushi Bar,18,7,48.27,640.14,41.0,0.24,0,0.8,0,1
5856,Chef Choy,20,7,21.59,236.88,38.0,0.07,0,4.9,0,1
5857,Kobe Sushi,5,2,20.42,100.15,39.0,0.32,0,3.0,0,1
5858,Kobe Sushi,18,6,10.0,93.88,52.0,0.12,0,17.0,0,1
5859,Kobe Sushi,40,2,20.37,81.79,25.0,0.23,0,5.3,1,0
5860,Noe Sushi Bar,1,7,36.68,425.68,60.0,0.53,2,8.1,1,0
5861,Noe Sushi Bar,19,5,47.6,818.4,62.0,0.15,0,4.7,1,0
5862,Noe Sushi Bar,87,6,28.25,511.46,48.0,0.22,0,1.6,0,0
5863,Kobe Sushi,26,4,14.56,161.18,38.0,0.46,1,1.0,1,0
5864,Noe Sushi Bar,113,3,74.99,842.73,20.0,0.16,0,2.0,1,0
5865,Noe Sushi Bar,29,6,27.85,349.93,41.0,0.13,1,9.9,0,0
5866,Noe Sushi Bar,59,5,54.99,976.19,30.0,0.28,0,3.7,0,0
5867,Noe Sushi Bar,63,9,58.61,1352.69,46.0,0.13,0,0.5,0,1
5868,Kobe Sushi,98,2,24.98,186.28,25.0,0.92,0,5.0,1,0
5869,Nubori Experience,83,10,82.77,3165.41,57.0,0.57,0,5.1,0,1
5870,Noe Sushi Bar,62,8,53.02,847.19,35.0,0.18,0,2.6,0,1
5871,Kobe Sushi,48,7,15.71,316.07,50.0,0.51,0,5.6,0,0
5872,Kobe Sushi,62,4,19.82,133.18,37.0,0.14,0,0.5,0,0
5873,Noe Sushi Bar,18,3,54.46,297.71,40.0,0.1,0,6.2,0,0
5874,Nubori Experience,66,7,73.23,1905.57,56.0,0.13,0,0.5,0,1
5875,Noe Sushi Bar,27,4,64.16,993.0,30.0,0.66,0,8.6,0,1
5876,Kobe Sushi,6,4,10.0,125.73,49.0,0.49,0,17.1,1,0
5877,Nubori Experience,103,5,55.95,1117.02,49.0,0.37,0,0.5,1,0
5878,Noe Sushi Bar,70,7,53.75,1104.98,69.0,0.14,0,4.7,0,0
5879,Noe Sushi Bar,59,3,24.99,258.44,63.0,0.21,0,0.9,1,0
5880,Noe Sushi Bar,6,5,52.08,971.23,61.0,0.25,1,0.5,0,0
5881,Kobe Sushi,31,6,16.54,391.48,58.0,0.6,0,10.3,0,0
5882,Noe Sushi Bar,105,3,40.88,401.95,47.0,0.14,0,5.2,0,0
5883,Kobe Sushi,104,8,11.61,199.28,93.0,0.42,1,1.9,0,0
5884,Nubori Experience,94,6,56.16,636.58,43.0,0.01,3,15.9,1,0
5885,Noe Sushi Bar,56,7,53.16,725.06,35.0,0.15,0,4.5,0,0
5886,Noe Sushi Bar,54,7,50.47,1335.01,52.0,0.05,1,3.2,1,1
5887,Noe Sushi Bar,85,8,33.97,994.21,55.0,0.56,1,0.7,1,0
5888,Nubori Experience,41,5,64.64,557.34,64.0,0.61,0,2.4,0,0
5889,Nubori Experience,108,4,70.39,717.48,56.0,0.11,0,7.6,1,0
5890,Noe Sushi Bar,18,3,33.17,153.38,54.0,0.23,1,2.2,0,0
5891,Noe Sushi Bar,87,3,41.23,483.21,31.0,0.34,0,0.5,0,0
5892,Noe Sushi Bar,102,4,47.37,339.44,50.0,0.27,0,4.3,0,1
5893,Noe Sushi Bar,23,6,38.58,884.25,61.0,0.19,0,2.5,1,0
5894,Kobe Sushi,92,4,15.77,175.9,53.0,0.28,0,6.6,0,0
5895,Noe Sushi Bar,36,11,62.44,2390.86,30.0,0.25,0,11.4,1,0
5896,Kobe Sushi,25,4,27.23,423.38,52.0,0.34,1,2.0,0,0
5897,Nubori Experience,7,5,81.56,1253.93,45.0,0.33,0,1.9,0,1
5898,Kobe Sushi,82,8,20.81,371.58,51.0,0.06,0,3.7,0,0
5899,Nubori Experience,20,9,46.73,1410.44,44.0,0.86,1,8.0,1,0
5900,Noe Sushi Bar,5,4,42.24,284.6,65.0,0.24,1,6.3,0,0
5901,Noe Sushi Bar,18,7,71.72,779.4,34.0,0.38,1,4.1,1,0
5902,Noe Sushi Bar,106,5,35.78,352.77,24.0,0.62,0,4.8,1,0
5903,Kobe Sushi,104,7,15.14,355.59,63.0,0.18,0,0.5,0,1
5904,Kobe Sushi,33,9,11.88,320.44,38.0,0.16,0,0.5,0,1
5905,Kobe Sushi,79,3,27.9,306.88,43.0,0.27,0,2.3,0,1
5906,Noe Sushi Bar,35,5,32.68,591.15,34.0,0.23,0,0.5,1,0
5907,Noe Sushi Bar,111,2,39.25,191.61,55.0,0.29,1,10.1,0,0
5908,Chef Choy,110,11,12.02,259.34,68.0,0.18,0,9.9,0,0
5909,Kobe Sushi,65,4,10.08,69.42,43.0,0.36,0,13.7,1,0
5910,Kobe Sushi,63,9,11.03,250.25,68.0,0.29,0,4.1,1,0
5911,Noe Sushi Bar,85,9,69.62,2352.79,33.0,0.34,0,2.0,0,1
5912,Nubori Experience,72,8,39.1,860.09,57.0,0.71,0,0.5,1,0
5913,Noe Sushi Bar,71,7,41.1,800.21,50.0,0.19,0,8.3,0,0
5914,Noe Sushi Bar,41,7,36.63,575.57,47.0,0.11,3,1.0,0,0
5915,Noe Sushi Bar,50,4,50.37,792.67,36.0,0.29,0,14.3,0,0
5916,Kobe Sushi,108,4,10.69,80.02,40.0,0.2,0,1.3,1,0
5917,Nubori Experience,104,8,57.21,1520.41,37.0,0.43,0,2.1,1,0
5918,Noe Sushi Bar,104,3,48.67,371.78,61.0,0.16,1,4.3,0,0
5919,Kobe Sushi,30,5,16.49,263.81,44.0,0.2,0,7.2,0,0
5920,Noe Sushi Bar,38,9,42.29,886.61,42.0,0.35,0,4.2,0,1
5921,Kobe Sushi,35,3,18.05,124.64,47.0,0.32,2,8.8,1,0
5922,Nubori Experience,66,4,74.66,1086.9,57.0,0.58,0,0.5,0,1
5923,Kobe Sushi,46,6,14.35,221.95,38.0,0.13,0,4.1,0,1
5924,Noe Sushi Bar,8,2,22.24,84.17,55.0,0.34,0,0.5,0,1
5925,Kobe Sushi,102,5,25.16,272.31,53.0,0.17,0,7.2,1,0
5926,Noe Sushi Bar,68,5,32.5,249.75,31.0,0.19,0,2.5,0,0
5927,Chef Choy,37,4,36.7,317.75,67.0,0.37,0,5.8,0,0
5928,Noe Sushi Bar,85,5,55.34,449.96,35.0,0.53,0,15.4,0,1
5929,Noe Sushi Bar,13,5,33.95,336.51,56.0,0.45,0,2.1,0,1
5930,Nubori Experience,73,7,69.55,1882.06,58.0,0.49,0,1.4,0,1
5931,Kobe Sushi,45,6,24.39,333.28,34.0,0.27,0,0.8,0,1
5932,Kobe Sushi,29,8,14.89,406.33,50.0,0.66,0,9.6,0,0
5933,Kobe Sushi,41,2,24.79,134.1,20.0,0.1,2,1.5,1,1
5934,Nubori Experience,56,4,64.53,966.24,35.0,0.48,0,14.9,0,1
5935,Kobe Sushi,88,12,21.71,765.37,70.0,0.49,0,4.8,0,1
5936,Noe Sushi Bar,16,8,47.34,906.94,54.0,0.33,0,0.7,1,0
5937,Noe Sushi Bar,12,5,49.88,607.07,66.0,0.06,0,5.0,0,1
5938,Kobe Sushi,66,5,15.07,270.43,43.0,0.15,0,0.5,0,1
5939,Kobe Sushi,62,6,17.09,365.26,46.0,0.18,3,2.7,0,1
5940,Kobe Sushi,19,5,16.29,292.03,47.0,0.37,1,4.9,0,0
5941,Noe Sushi Bar,30,8,49.51,1047.77,49.0,0.32,0,5.7,0,0
5942,Kobe Sushi,16,4,24.99,232.35,52.0,0.56,0,0.5,1,0
5943,Kobe Sushi,88,2,20.24,110.63,23.0,0.29,0,0.8,1,0
5944,Nubori Experience,13,6,72.39,1246.43,50.0,0.27,1,0.5,0,0
5945,Nubori Experience,69,5,75.83,1476.82,50.0,0.08,0,15.0,1,1
5946,Kobe Sushi,23,5,12.78,182.96,40.0,0.24,0,12.1,0,1
5947,Kobe Sushi,62,6,19.12,208.35,48.0,0.1,0,9.6,1,0
5948,Kobe Sushi,120,7,17.13,347.37,44.0,0.45,0,15.3,1,0
5949,Noe Sushi Bar,102,7,61.35,1478.17,29.0,0.44,0,4.4,0,0
5950,Nubori Experience,31,6,39.07,496.0,54.0,0.42,0,2.1,0,0
5951,Kobe Sushi,53,6,15.75,221.77,38.0,0.29,0,2.9,1,0
5952,Kobe Sushi,120,5,16.89,325.55,59.0,0.23,0,10.9,0,0
5953,Chef Choy,17,6,28.8,663.27,54.0,0.06,0,0.6,0,0
5954,Noe Sushi Bar,49,7,32.29,389.43,46.0,0.27,0,2.6,0,1
5955,Kobe Sushi,49,8,26.56,830.85,41.0,0.55,0,2.1,1,0
5956,Noe Sushi Bar,67,4,82.09,1068.76,58.0,0.27,0,3.3,1,0
5957,Kobe Sushi,26,9,20.16,686.58,24.0,0.5,0,1.0,0,0
5958,Kobe Sushi,13,2,17.03,91.39,41.0,0.61,0,3.9,0,1
5959,Chef Choy,108,10,32.74,965.75,25.0,0.42,0,0.8,1,0
5960,Nubori Experience,38,6,58.82,696.72,58.0,0.11,0,3.3,0,1
5961,Noe Sushi Bar,22,5,43.16,454.52,46.0,0.2,0,1.4,1,0
5962,Nubori Experience,85,5,66.93,618.63,60.0,0.54,0,0.7,1,0
5963,Noe Sushi Bar,29,3,30.3,195.08,43.0,0.7,0,18.0,0,1
5964,Chef Choy,45,7,16.76,188.05,50.0,0.55,0,2.6,0,1
5965,Noe Sushi Bar,46,5,43.03,843.42,64.0,0.53,0,11.8,0,1
5966,Nubori Experience,39,7,80.0,1780.36,43.0,0.05,0,5.6,0,1
5967,Nubori Experience,69,6,54.78,538.79,50.0,0.18,0,25.0,1,0
5968,Kobe Sushi,78,7,19.56,324.11,59.0,0.32,0,0.6,0,1
5969,Nubori Experience,82,2,57.14,349.5,55.0,0.36,0,4.0,1,0
5970,Nubori Experience,68,7,57.17,1079.16,37.0,0.23,0,7.9,0,1
5971,Chef Choy,97,7,32.02,357.37,41.0,0.18,0,13.3,1,0
5972,Kobe Sushi,39,8,23.27,652.17,34.0,0.08,2,0.5,1,0
5973,Nubori Experience,20,7,54.84,1216.35,37.0,0.2,0,2.1,0,1
5974,Nubori Experience,77,8,64.41,1452.82,55.0,0.24,0,4.4,0,1
5975,Kobe Sushi,100,6,12.19,119.95,54.0,0.32,0,9.0,0,1
5976,Nubori Experience,109,5,65.77,1298.66,52.0,0.13,0,5.5,1,1
5977,Kobe Sushi,68,6,22.83,277.95,48.0,0.07,0,10.7,0,1
5978,Kobe Sushi,35,6,20.14,373.95,49.0,0.46,0,7.9,1,0
5979,Noe Sushi Bar,8,4,37.46,378.25,35.0,0.59,0,3.7,0,1
5980,Noe Sushi Bar,52,8,37.17,676.24,42.0,0.51,0,2.7,0,0
5981,Noe Sushi Bar,40,4,48.12,673.81,27.0,0.36,0,3.4,0,0
5982,Kobe Sushi,113,6,10.0,166.84,79.0,0.24,0,0.6,1,0
5983,Nubori Experience,111,2,72.35,498.38,66.0,0.27,0,0.8,1,0
5984,Kobe Sushi,36,5,23.95,228.25,31.0,0.76,0,9.1,1,0
5985,Kobe Sushi,6,10,26.58,834.15,40.0,0.54,1,3.1,0,0
5986,Kobe Sushi,120,7,21.62,468.8,27.0,0.19,0,8.0,0,0
5987,Noe Sushi Bar,86,5,22.9,218.58,56.0,0.1,0,2.3,1,0
5988,Nubori Experience,70,12,79.11,2703.79,50.0,0.4,0,1.1,0,1
5989,Noe Sushi Bar,106,11,54.34,2074.38,23.0,0.17,0,9.7,1,0
5990,Nubori Experience,100,3,68.59,341.7,51.0,0.71,3,0.5,0,1
5991,Kobe Sushi,73,3,21.28,165.97,34.0,0.15,2,6.4,1,0
5992,Noe Sushi Bar,16,3,50.21,579.42,50.0,0.32,0,3.3,0,0
5993,Noe Sushi Bar,103,3,53.17,365.91,64.0,0.22,0,15.9,1,0
5994,Noe Sushi Bar,46,3,38.62,217.79,65.0,0.6,0,5.1,1,0
5995,Kobe Sushi,59,7,13.78,216.77,56.0,0.07,0,2.4,1,0
5996,Noe Sushi Bar,38,3,52.44,613.41,47.0,0.26,0,0.8,0,0
5997,Noe Sushi Bar,97,9,42.37,601.08,53.0,0.07,1,4.7,0,1
5998,Chef Choy,18,11,35.26,835.91,37.0,0.26,1,2.0,0,1
5999,Noe Sushi Bar,12,6,52.53,784.34,48.0,0.13,2,0.7,0,1
6000,Kobe Sushi,54,6,22.52,428.91,36.0,0.64,0,5.5,1,0
6001,Noe Sushi Bar,91,6,52.94,1197.4,44.0,0.24,0,2.2,1,0
6002,Kobe Sushi,47,6,14.95,167.63,72.0,0.08,0,19.7,0,1
6003,Nubori Experience,1,7,53.32,690.75,26.0,0.32,0,6.9,0,1
6004,Noe Sushi Bar,15,8,66.15,2039.93,44.0,0.59,0,26.5,0,0
6005,Kobe Sushi,111,6,12.54,250.11,38.0,0.44,0,3.6,0,1
6006,Nubori Experience,91,5,57.38,695.8,24.0,0.3,0,14.7,0,0
6007,Noe Sushi Bar,80,6,41.33,614.63,40.0,0.26,0,0.6,0,1
6008,Kobe Sushi,21,6,29.54,481.67,66.0,0.26,0,5.7,0,1
6009,Noe Sushi Bar,1,6,33.74,425.85,61.0,0.63,0,9.7,0,1
6010,Kobe Sushi,93,2,14.2,74.14,44.0,0.36,0,9.4,0,0
6011,Nubori Experience,67,8,64.09,1194.41,42.0,0.6,0,0.5,1,0
6012,Nubori Experience,12,10,62.36,956.42,40.0,0.49,2,5.6,1,1
6013,Nubori Experience,28,6,66.07,1182.55,60.0,0.38,0,15.3,0,0
6014,Noe Sushi Bar,39,9,45.47,1030.19,39.0,0.2,0,0.5,0,1
6015,Noe Sushi Bar,37,3,32.87,230.38,56.0,0.14,1,0.9,0,1
6016,Chef Choy,95,2,28.44,99.09,54.0,0.41,1,22.8,0,1
6017,Kobe Sushi,60,3,14.5,113.31,38.0,0.51,1,1.2,0,0
6018,Noe Sushi Bar,31,6,43.72,785.33,66.0,0.23,0,4.2,0,0
6019,Noe Sushi Bar,58,5,12.21,104.49,34.0,0.31,0,2.3,0,0
6020,Kobe Sushi,97,6,16.06,250.97,72.0,0.17,1,7.5,0,0
6021,Noe Sushi Bar,97,4,17.74,210.54,47.0,0.34,0,20.8,0,1
6022,Nubori Experience,111,7,82.2,1672.1,45.0,0.4,0,8.5,0,1
6023,Nubori Experience,104,5,60.69,1067.01,20.0,0.47,0,7.3,0,0
6024,Kobe Sushi,11,7,19.33,517.76,34.0,0.09,0,5.0,0,1
6025,Kobe Sushi,110,3,14.11,85.21,45.0,0.43,1,3.8,0,0
6026,Kobe Sushi,29,7,15.95,306.34,33.0,0.33,0,5.2,0,0
6027,Nubori Experience,89,5,46.83,810.24,58.0,0.43,0,24.6,0,0
6028,Kobe Sushi,119,9,16.69,491.02,53.0,0.2,0,1.5,0,0
6029,Noe Sushi Bar,13,4,47.82,293.8,36.0,0.37,0,0.6,0,1
6030,Kobe Sushi,51,7,16.5,193.39,50.0,0.13,0,3.9,1,0
6031,Noe Sushi Bar,108,10,10.0,184.08,62.0,0.5,0,5.8,1,0
6032,Kobe Sushi,54,7,29.12,481.63,36.0,0.45,2,0.5,0,0
6033,Chef Choy,19,4,21.8,338.97,39.0,0.72,0,8.6,0,0
6034,Kobe Sushi,58,5,10.33,201.89,22.0,0.46,0,4.0,0,1
6035,Noe Sushi Bar,36,9,47.21,1487.68,27.0,0.61,0,7.4,0,1
6036,Kobe Sushi,28,6,22.68,286.17,54.0,0.6,1,27.7,0,0
6037,Noe Sushi Bar,68,6,61.9,782.05,46.0,0.35,0,1.2,0,0
6038,Nubori Experience,3,6,49.37,1157.52,50.0,0.07,0,12.1,0,0
6039,Kobe Sushi,102,8,16.86,471.4,44.0,0.47,0,20.6,1,0
6040,Nubori Experience,101,1,63.35,216.69,37.0,0.43,0,2.8,0,1
6041,Noe Sushi Bar,107,4,29.69,364.6,32.0,0.2,1,0.6,0,0
6042,Kobe Sushi,89,2,22.31,128.22,32.0,0.04,0,11.5,0,1
6043,Noe Sushi Bar,41,4,33.07,521.97,63.0,0.27,1,2.7,1,0
6044,Kobe Sushi,35,9,22.9,377.45,43.0,0.38,0,4.8,0,1
6045,Noe Sushi Bar,93,5,39.08,489.13,27.0,0.56,0,4.8,1,0
6046,Chef Choy,105,3,18.36,91.1,21.0,0.02,0,4.3,1,0
6047,Kobe Sushi,93,11,18.49,735.97,34.0,0.12,0,3.3,0,1
6048,Noe Sushi Bar,76,5,30.72,375.57,53.0,0.15,0,9.6,1,0
6049,Nubori Experience,99,8,78.51,2283.75,21.0,0.38,0,11.6,0,0
6050,Nubori Experience,84,5,61.96,923.39,31.0,0.3,0,11.0,1,0
6051,Noe Sushi Bar,81,7,48.7,1269.91,45.0,0.1,0,6.5,0,0
6052,Nubori Experience,117,3,69.21,481.98,75.0,0.51,0,0.5,1,0
6053,Noe Sushi Bar,76,7,33.17,580.1,45.0,0.09,0,3.9,1,0
6054,Kobe Sushi,50,3,21.32,127.29,65.0,0.14,1,10.4,1,0
6055,Nubori Experience,100,6,56.62,905.62,31.0,0.18,0,9.4,0,1
6056,Noe Sushi Bar,74,6,42.64,1011.86,48.0,0.07,0,5.3,0,0
6057,Noe Sushi Bar,82,8,33.61,672.41,60.0,0.5,0,5.3,0,0
6058,Noe Sushi Bar,30,6,32.22,596.2,52.0,0.75,1,5.0,1,0
6059,Nubori Experience,72,6,43.43,515.45,75.0,0.09,0,2.4,1,0
6060,Nubori Experience,105,4,64.29,875.76,57.0,0.38,0,8.6,0,1
6061,Noe Sushi Bar,115,7,47.23,993.6,38.0,0.28,0,13.0,1,0
6062,Kobe Sushi,77,7,23.15,314.45,52.0,0.29,2,5.9,1,0
6063,Noe Sushi Bar,95,2,43.24,173.47,32.0,0.12,0,1.6,1,0
6064,Noe Sushi Bar,70,9,31.9,874.88,59.0,0.44,0,21.0,0,0
6065,Kobe Sushi,54,2,15.75,97.16,57.0,0.27,0,17.9,0,0
6066,Chef Choy,71,6,36.81,700.09,24.0,0.23,0,1.4,1,0
6067,Noe Sushi Bar,85,7,45.71,922.33,40.0,0.19,0,8.5,0,0
6068,Kobe Sushi,102,5,27.21,412.08,32.0,0.09,0,2.2,0,0
6069,Kobe Sushi,107,4,18.06,165.11,33.0,0.29,0,1.6,1,0
6070,Kobe Sushi,113,8,12.78,199.06,34.0,0.63,0,2.0,1,0
6071,Nubori Experience,51,8,52.66,654.97,35.0,0.59,3,4.8,1,1
6072,Kobe Sushi,28,5,24.72,190.95,66.0,0.53,0,2.2,0,1
6073,Kobe Sushi,64,3,18.17,88.16,29.0,0.39,1,13.6,1,0
6074,Noe Sushi Bar,108,8,37.27,968.06,36.0,0.47,0,1.3,0,1
6075,Kobe Sushi,85,5,18.68,212.2,52.0,0.12,0,19.1,0,0
6076,Kobe Sushi,21,3,13.45,114.25,54.0,0.35,1,1.9,0,0
6077,Kobe Sushi,88,7,26.3,519.22,33.0,0.33,1,4.2,1,0
6078,Noe Sushi Bar,27,5,37.06,690.55,64.0,0.06,0,8.3,0,1
6079,Noe Sushi Bar,27,9,31.81,722.32,54.0,0.35,0,0.9,0,1
6080,Kobe Sushi,77,3,14.84,95.68,62.0,0.81,1,25.2,1,0
6081,Noe Sushi Bar,50,8,31.49,625.79,63.0,0.34,0,4.9,0,0
6082,Nubori Experience,29,4,77.59,494.11,70.0,0.36,0,9.9,0,1
6083,Kobe Sushi,39,9,19.49,298.17,38.0,0.13,1,4.6,0,0
6084,Kobe Sushi,57,5,20.43,325.06,55.0,0.33,0,2.4,0,0
6085,Kobe Sushi,119,5,19.3,166.98,48.0,0.43,0,14.5,1,0
6086,Noe Sushi Bar,92,8,65.35,1256.9,31.0,0.22,0,10.2,1,0
6087,Chef Choy,37,9,17.29,390.28,46.0,0.21,0,19.8,1,0
6088,Kobe Sushi,93,13,12.29,387.29,41.0,0.33,1,1.1,1,0
6089,Noe Sushi Bar,64,2,60.15,413.03,56.0,0.54,0,30.0,0,1
6090,Kobe Sushi,48,3,17.39,99.29,59.0,0.24,1,10.2,0,0
6091,Noe Sushi Bar,22,7,52.17,853.01,28.0,0.33,0,14.1,0,0
6092,Chef Choy,100,7,19.64,379.49,48.0,0.25,0,14.6,0,0
6093,Kobe Sushi,30,10,21.24,438.49,54.0,0.1,0,6.2,0,1
6094,Noe Sushi Bar,28,4,24.38,155.75,63.0,0.16,0,1.6,1,0
6095,Kobe Sushi,23,6,22.32,422.43,66.0,0.12,0,2.0,0,0
6096,Noe Sushi Bar,97,4,62.34,907.46,59.0,0.04,0,3.5,0,1
6097,Kobe Sushi,4,3,20.5,191.9,52.0,0.27,1,1.3,0,0
6098,Nubori Experience,3,6,58.98,733.94,34.0,0.34,0,3.2,0,1
6099,Kobe Sushi,61,10,13.34,267.64,59.0,0.2,0,6.2,1,0
6100,Nubori Experience,96,7,69.9,1082.05,69.0,0.32,0,1.5,0,0
6101,Kobe Sushi,4,6,15.5,279.11,62.0,0.43,0,10.3,0,1
6102,Noe Sushi Bar,65,6,38.07,866.68,55.0,0.45,0,9.7,0,0
6103,Kobe Sushi,12,4,20.09,302.13,42.0,0.09,1,18.8,0,1
6104,Nubori Experience,13,1,64.23,129.27,27.0,0.13,0,5.2,0,1
6105,Kobe Sushi,34,4,20.65,201.68,56.0,0.63,0,9.4,0,1
6106,Kobe Sushi,59,5,22.77,413.32,55.0,0.34,0,0.5,0,1
6107,Noe Sushi Bar,93,12,50.13,2302.56,59.0,0.33,0,3.1,0,0
6108,Kobe Sushi,73,6,17.34,338.85,50.0,0.74,0,8.0,1,0
6109,Kobe Sushi,31,10,17.25,587.61,71.0,0.29,0,1.6,1,0
6110,Nubori Experience,71,5,64.23,1082.52,20.0,0.3,0,9.0,0,1
6111,Nubori Experience,13,10,53.76,1025.74,46.0,0.27,0,1.4,0,1
6112,Kobe Sushi,54,8,11.59,150.16,55.0,0.01,0,0.5,0,0
6113,Nubori Experience,2,7,52.63,1331.15,45.0,0.29,3,2.8,1,0
6114,Noe Sushi Bar,33,3,52.91,321.18,51.0,0.53,0,4.8,0,1
6115,Kobe Sushi,50,7,17.44,482.94,45.0,0.21,0,0.5,0,1
6116,Noe Sushi Bar,7,6,20.32,450.09,34.0,0.42,0,2.9,0,1
6117,Noe Sushi Bar,18,3,48.98,472.58,59.0,0.17,3,22.9,0,0
6118,Nubori Experience,51,4,85.66,1247.07,54.0,0.57,0,7.4,0,1
6119,Kobe Sushi,8,7,18.19,376.51,26.0,0.04,0,8.8,0,0
6120,Noe Sushi Bar,55,7,52.18,992.58,24.0,0.39,0,2.0,0,0
6121,Kobe Sushi,76,6,12.21,190.63,35.0,0.1,0,6.1,1,0
6122,Kobe Sushi,43,8,20.02,604.89,49.0,0.58,0,4.4,0,0
6123,Kobe Sushi,59,11,18.75,500.56,49.0,0.09,0,5.7,0,1
6124,Nubori Experience,30,5,74.4,1302.11,49.0,0.45,0,4.8,0,1
6125,Nubori Experience,59,2,69.23,506.63,63.0,0.36,0,2.5,0,1
6126,Chef Choy,9,4,20.76,176.51,26.0,0.63,0,4.3,0,1
6127,Noe Sushi Bar,92,5,50.14,790.78,74.0,0.06,0,3.4,1,0
6128,Kobe Sushi,68,5,22.9,194.95,33.0,0.37,0,6.7,0,0
6129,Kobe Sushi,39,5,23.35,325.1,51.0,0.29,0,5.1,0,1
6130,Kobe Sushi,81,8,16.55,304.39,45.0,0.29,0,3.2,1,0
6131,Kobe Sushi,11,5,27.88,545.18,33.0,0.19,0,1.0,0,0
6132,Chef Choy,2,3,18.38,206.33,41.0,0.29,0,1.4,0,0
6133,Noe Sushi Bar,23,10,44.21,719.76,54.0,0.79,0,5.6,1,0
6134,Kobe Sushi,63,15,12.2,407.45,51.0,0.16,0,0.5,1,1
6135,Kobe Sushi,114,7,14.21,162.87,42.0,0.18,0,2.6,1,0
6136,Kobe Sushi,22,10,13.85,544.31,52.0,0.27,1,1.5,0,1
6137,Noe Sushi Bar,61,5,30.77,274.22,57.0,0.12,3,4.1,0,1
6138,Nubori Experience,26,8,88.19,1816.82,24.0,0.61,1,7.2,0,0
6139,Noe Sushi Bar,12,11,43.83,1488.55,33.0,0.42,0,1.3,0,1
6140,Nubori Experience,32,6,65.95,1320.0,50.0,0.48,0,0.5,0,0
6141,Noe Sushi Bar,9,4,44.58,321.24,64.0,0.13,2,1.6,1,0
6142,Kobe Sushi,107,8,17.97,321.82,32.0,0.36,0,7.9,0,1
6143,Kobe Sushi,69,4,10.0,149.91,30.0,0.26,0,1.1,1,0
6144,Nubori Experience,90,3,66.38,525.17,59.0,0.15,0,0.5,0,0
6145,Chef Choy,71,5,37.1,342.58,52.0,0.15,1,6.9,0,0
6146,Kobe Sushi,93,6,14.8,277.56,29.0,0.21,0,11.7,0,1
6147,Noe Sushi Bar,33,6,67.67,792.22,30.0,0.33,0,2.2,0,0
6148,Noe Sushi Bar,24,4,62.34,493.54,33.0,0.44,0,4.3,0,0
6149,Noe Sushi Bar,89,12,49.34,1881.81,53.0,0.16,0,6.3,0,0
6150,Nubori Experience,95,3,74.42,527.2,27.0,0.29,0,7.8,0,1
6151,Noe Sushi Bar,93,9,50.44,725.07,38.0,0.33,0,12.4,0,1
6152,Noe Sushi Bar,69,6,60.09,927.22,70.0,0.23,0,2.8,0,0
6153,Kobe Sushi,38,5,14.96,227.29,42.0,0.21,0,12.0,0,1
6154,Kobe Sushi,109,8,17.32,326.86,47.0,0.24,0,3.7,0,1
6155,Kobe Sushi,11,7,16.5,359.73,66.0,0.57,0,7.8,1,0
6156,Kobe Sushi,32,5,17.39,311.49,34.0,0.08,0,3.1,0,1
6157,Noe Sushi Bar,64,5,49.36,499.02,39.0,0.5,0,2.0,0,0
6158,Noe Sushi Bar,72,7,70.86,886.12,59.0,0.28,0,9.9,0,0
6159,Kobe Sushi,20,4,24.84,317.56,49.0,0.53,0,1.9,0,1
6160,Nubori Experience,34,10,81.06,2174.2,65.0,0.2,0,9.1,0,0
6161,Kobe Sushi,111,7,33.7,505.24,49.0,0.14,1,22.5,0,0
6162,Kobe Sushi,42,8,11.04,272.03,33.0,0.4,0,2.2,0,0
6163,Kobe Sushi,8,3,10.0,86.12,27.0,0.06,1,10.6,0,0
6164,Kobe Sushi,66,8,11.92,209.58,47.0,0.29,0,5.1,0,1
6165,Kobe Sushi,21,8,14.98,303.0,47.0,0.26,0,2.2,0,0
6166,Noe Sushi Bar,79,4,54.32,408.65,49.0,0.52,0,4.3,1,0
6167,Noe Sushi Bar,70,6,61.55,1432.39,44.0,0.12,0,1.3,0,0
6168,Nubori Experience,5,9,72.45,1002.06,41.0,0.08,0,21.4,0,0
6169,Kobe Sushi,118,3,16.63,97.75,68.0,0.2,0,5.0,1,0
6170,Kobe Sushi,118,4,17.68,184.45,53.0,0.57,0,12.9,0,0
6171,Kobe Sushi,67,4,13.53,84.85,75.0,0.14,0,5.1,1,0
6172,Noe Sushi Bar,107,5,41.73,620.03,43.0,0.42,0,2.1,1,0
6173,Kobe Sushi,43,5,18.06,349.32,46.0,0.42,1,2.8,0,1
6174,Nubori Experience,16,5,76.05,689.21,33.0,0.17,0,12.2,0,0
6175,Noe Sushi Bar,99,8,47.05,1362.91,42.0,0.38,0,8.5,1,0
6176,Noe Sushi Bar,73,4,46.55,358.98,35.0,0.65,0,8.4,0,0
6177,Noe Sushi Bar,35,7,21.78,573.8,39.0,0.23,0,8.5,0,1
6178,Kobe Sushi,83,8,25.46,476.71,34.0,0.12,0,0.5,0,0
6179,Kobe Sushi,43,5,19.48,254.35,81.0,0.05,1,7.0,0,1
6180,Kobe Sushi,110,5,14.68,289.41,37.0,0.29,0,2.3,0,1
6181,Noe Sushi Bar,98,5,40.27,789.07,20.0,0.52,0,4.6,0,0
6182,Kobe Sushi,39,5,23.77,442.94,31.0,0.3,0,2.0,0,0
6183,Kobe Sushi,10,6,16.1,267.71,53.0,0.44,2,2.5,0,1
6184,Nubori Experience,74,7,86.57,1831.0,53.0,0.21,0,3.3,0,1
6185,Kobe Sushi,20,7,12.13,216.5,46.0,0.42,0,11.9,1,0
6186,Nubori Experience,1,8,69.65,1582.95,27.0,0.04,0,0.5,0,0
6187,Chef Choy,6,6,25.77,449.14,56.0,0.23,0,5.0,0,0
6188,Kobe Sushi,53,6,18.56,213.65,20.0,0.37,0,3.3,0,1
6189,Kobe Sushi,46,1,17.63,52.14,38.0,0.31,0,0.5,0,0
6190,Kobe Sushi,66,3,15.07,111.84,38.0,0.14,0,3.4,0,0
6191,Noe Sushi Bar,38,7,39.53,514.98,41.0,0.39,0,4.8,0,0
6192,Noe Sushi Bar,33,7,20.24,350.13,53.0,0.69,2,0.5,0,0
6193,Chef Choy,67,9,37.54,541.22,38.0,0.13,0,8.7,0,0
6194,Nubori Experience,100,8,83.35,2655.92,64.0,0.47,0,1.1,0,1
6195,Noe Sushi Bar,77,5,43.26,435.68,36.0,0.68,0,0.5,0,1
6196,Kobe Sushi,35,5,10.0,178.59,45.0,0.27,0,5.2,0,0
6197,Kobe Sushi,79,5,10.43,91.82,30.0,0.36,0,1.8,0,0
6198,Nubori Experience,45,4,69.97,1063.55,68.0,0.09,0,3.4,0,1
6199,Kobe Sushi,22,8,21.37,407.84,24.0,0.55,0,2.2,0,1
6200,Kobe Sushi,107,3,16.91,186.82,61.0,0.53,3,9.2,1,0
6201,Noe Sushi Bar,68,2,57.44,241.09,51.0,0.27,0,1.3,1,0
6202,Noe Sushi Bar,17,6,58.37,1383.62,33.0,0.73,3,7.4,0,1
6203,Nubori Experience,5,5,52.33,555.67,28.0,0.37,0,4.0,0,0
6204,Noe Sushi Bar,85,8,52.57,1303.53,53.0,0.23,0,7.7,0,0
6205,Kobe Sushi,57,5,25.71,265.98,41.0,0.22,0,15.0,0,0
6206,Nubori Experience,88,8,55.77,1220.45,52.0,0.51,1,0.5,1,0
6207,Kobe Sushi,95,9,20.59,498.27,66.0,0.4,0,1.2,1,0
6208,Kobe Sushi,40,6,21.55,495.29,33.0,0.68,0,0.5,1,0
6209,Noe Sushi Bar,117,4,49.97,491.37,37.0,0.21,0,2.6,1,1
6210,Kobe Sushi,120,6,16.81,231.88,44.0,0.39,0,11.2,1,0
6211,Noe Sushi Bar,30,5,50.7,703.99,48.0,0.58,0,3.4,0,0
6212,Kobe Sushi,42,6,20.16,319.7,41.0,0.62,0,2.3,0,1
6213,Noe Sushi Bar,7,9,43.58,1227.35,30.0,0.14,0,0.7,0,1
6214,Kobe Sushi,113,7,15.65,283.71,62.0,0.49,0,5.9,1,0
6215,Chef Choy,71,3,26.45,279.39,47.0,0.39,0,1.0,0,1
6216,Nubori Experience,91,12,61.01,1370.2,37.0,0.12,0,8.6,0,1
6217,Kobe Sushi,88,5,20.55,321.37,68.0,0.12,0,1.2,1,0
6218,Kobe Sushi,19,7,21.48,406.85,35.0,0.45,1,2.1,1,0
6219,Kobe Sushi,41,3,25.67,226.23,47.0,0.3,0,2.9,0,1
6220,Kobe Sushi,120,9,10.0,301.44,47.0,0.24,0,7.4,1,0
6221,Chef Choy,34,10,24.69,645.46,20.0,0.43,0,4.9,1,0
6222,Noe Sushi Bar,22,3,47.45,505.9,20.0,0.24,0,7.9,0,0
6223,Kobe Sushi,52,9,18.47,380.63,58.0,0.37,0,8.8,0,1
6224,Kobe Sushi,115,6,19.81,363.24,20.0,0.05,0,6.3,0,0
6225,Kobe Sushi,91,6,10.0,126.8,59.0,0.31,0,1.3,0,1
6226,Noe Sushi Bar,6,5,28.11,313.31,47.0,0.49,0,7.3,0,0
6227,Kobe Sushi,74,4,20.18,158.48,53.0,0.5,1,27.3,1,0
6228,Nubori Experience,109,5,95.14,1499.37,48.0,0.68,0,0.8,0,0
6229,Chef Choy,95,4,31.69,494.24,46.0,0.33,0,4.4,1,0
6230,Kobe Sushi,25,8,18.83,296.24,33.0,0.14,0,3.9,0,0
6231,Noe Sushi Bar,66,8,31.9,613.68,51.0,0.19,0,2.6,1,0
6232,Nubori Experience,10,7,61.86,732.58,52.0,0.32,0,11.8,0,1
6233,Noe Sushi Bar,74,6,43.15,975.41,23.0,0.71,0,0.5,0,1
6234,Kobe Sushi,26,8,10.06,141.73,20.0,0.42,1,2.3,1,0
6235,Kobe Sushi,5,8,13.28,234.53,56.0,0.39,0,3.7,0,1
6236,Nubori Experience,86,6,84.26,923.2,42.0,0.46,0,17.7,0,1
6237,Noe Sushi Bar,68,4,33.92,512.68,57.0,0.46,0,1.0,1,0
6238,Noe Sushi Bar,119,6,27.56,562.86,47.0,0.32,0,2.8,0,1
6239,Nubori Experience,98,6,48.85,1122.72,44.0,0.07,0,0.5,1,0
6240,Nubori Experience,71,6,86.61,834.43,66.0,0.37,2,3.3,0,1
6241,Nubori Experience,50,8,80.8,1952.66,46.0,0.38,0,15.2,0,0
6242,Kobe Sushi,17,8,19.76,532.07,53.0,0.3,0,4.2,1,0
6243,Noe Sushi Bar,11,7,43.11,939.47,64.0,0.47,0,1.8,0,1
6244,Noe Sushi Bar,53,8,44.93,729.13,67.0,0.13,0,5.2,1,0
6245,Chef Choy,50,7,17.57,444.6,52.0,0.4,0,5.4,0,1
6246,Noe Sushi Bar,8,7,46.29,1081.73,35.0,0.32,0,1.5,0,1
6247,Kobe Sushi,92,5,20.3,242.68,45.0,0.5,0,12.7,0,1
6248,Chef Choy,108,3,35.31,177.66,88.0,0.28,0,2.0,1,0
6249,Noe Sushi Bar,120,6,55.76,625.44,32.0,0.67,0,4.0,1,0
6250,Kobe Sushi,97,5,16.05,227.6,20.0,0.19,0,3.2,0,1
6251,Noe Sushi Bar,116,10,55.07,1942.07,38.0,0.33,0,3.1,0,1
6252,Kobe Sushi,62,9,17.27,354.14,53.0,0.23,0,2.7,0,1
6253,Kobe Sushi,89,10,18.03,591.96,46.0,0.23,1,2.4,1,0
6254,Kobe Sushi,85,5,15.4,300.27,39.0,0.02,0,11.4,0,0
6255,Noe Sushi Bar,76,8,58.83,764.16,55.0,0.46,0,3.9,0,1
6256,Noe Sushi Bar,90,4,29.27,192.97,25.0,0.5,2,9.5,0,0
6257,Noe Sushi Bar,29,5,37.85,301.22,51.0,0.32,0,2.3,0,0
6258,Noe Sushi Bar,102,5,33.19,620.58,49.0,0.17,0,9.9,0,1
6259,Nubori Experience,99,6,55.52,841.25,78.0,0.45,1,2.4,1,0
6260,Kobe Sushi,101,8,19.18,365.64,43.0,0.2,0,5.2,0,0
6261,Kobe Sushi,110,6,17.48,253.87,36.0,0.12,0,4.6,0,1
6262,Nubori Experience,44,8,31.77,585.21,36.0,0.22,0,9.9,1,0
6263,Kobe Sushi,109,7,17.46,201.6,50.0,0.49,0,4.4,1,0
6264,Nubori Experience,45,4,58.27,840.62,45.0,0.26,1,0.9,0,1
6265,Nubori Experience,29,6,44.5,782.62,27.0,0.62,0,6.2,0,1
6266,Noe Sushi Bar,113,5,41.21,370.28,29.0,0.26,0,3.9,0,0
6267,Nubori Experience,88,8,84.48,1511.9,52.0,0.08,0,12.4,0,1
6268,Kobe Sushi,59,8,22.49,435.1,45.0,0.18,0,12.1,0,0
6269,Kobe Sushi,15,5,25.44,354.29,43.0,0.4,0,4.4,0,1
6270,Noe Sushi Bar,70,8,51.97,1477.36,51.0,0.27,0,0.5,0,0
6271,Kobe Sushi,96,3,25.1,265.34,42.0,0.25,0,11.1,0,0
6272,Nubori Experience,44,12,53.07,2425.15,31.0,0.26,0,4.8,0,1
6273,Kobe Sushi,98,6,20.34,301.92,50.0,0.23,0,2.9,1,0
6274,Noe Sushi Bar,36,4,40.04,502.04,55.0,0.12,0,10.1,0,0
6275,Noe Sushi Bar,84,3,45.63,456.22,43.0,0.23,0,2.4,1,0
6276,Noe Sushi Bar,57,5,29.78,346.76,66.0,0.59,1,1.8,0,0
6277,Kobe Sushi,117,4,21.59,195.36,55.0,0.59,0,17.4,0,0
6278,Kobe Sushi,64,11,21.13,617.67,37.0,0.36,0,2.3,1,0
6279,Nubori Experience,76,5,75.94,1478.56,58.0,0.38,0,5.6,0,0
6280,Kobe Sushi,99,7,20.33,411.21,40.0,0.23,1,15.0,0,1
6281,Nubori Experience,113,4,83.51,658.43,59.0,0.2,2,3.0,0,0
6282,Noe Sushi Bar,38,6,40.38,763.38,64.0,0.13,0,2.1,0,0
6283,Chef Choy,120,4,28.16,171.28,46.0,0.07,0,2.5,0,0
6284,Noe Sushi Bar,17,4,50.43,593.21,34.0,0.38,0,3.3,0,1
6285,Kobe Sushi,27,11,13.12,308.24,20.0,0.05,0,1.2,0,0
6286,Noe Sushi Bar,17,3,45.67,409.19,65.0,0.42,0,3.8,0,0
6287,Nubori Experience,63,4,63.4,417.75,54.0,0.51,0,9.4,0,0
6288,Noe Sushi Bar,11,8,43.98,1355.89,53.0,0.15,0,7.8,0,1
6289,Nubori Experience,64,6,62.03,1045.54,61.0,0.33,0,6.1,1,0
6290,Noe Sushi Bar,119,7,53.19,928.39,81.0,0.6,0,2.6,0,0
6291,Kobe Sushi,39,6,16.66,184.69,52.0,0.68,0,0.5,0,0
6292,Kobe Sushi,2,3,14.42,68.73,55.0,0.45,0,3.4,0,0
6293,Nubori Experience,115,4,65.62,439.63,40.0,0.18,0,1.3,0,0
6294,Kobe Sushi,66,5,24.15,434.05,68.0,0.2,0,1.0,0,1
6295,Nubori Experience,54,11,76.52,2083.79,81.0,0.25,1,5.2,0,1
6296,Nubori Experience,29,7,54.04,1285.0,32.0,0.21,0,8.4,0,1
6297,Kobe Sushi,45,10,24.59,736.66,60.0,0.14,0,7.8,0,0
6298,Kobe Sushi,88,4,23.22,271.08,55.0,0.59,0,3.3,0,0
6299,Noe Sushi Bar,88,11,38.98,918.33,31.0,0.15,0,11.6,0,1
6300,Kobe Sushi,80,7,20.9,247.61,24.0,0.08,0,3.5,1,1
6301,Chef Choy,31,6,39.0,691.9,20.0,0.24,0,1.5,0,0
6302,Noe Sushi Bar,49,5,31.96,343.67,20.0,0.1,0,13.2,0,0
6303,Noe Sushi Bar,107,6,59.61,1373.0,24.0,0.6,0,9.4,1,0
6304,Chef Choy,9,2,23.87,158.92,54.0,0.12,0,3.6,0,0
6305,Kobe Sushi,27,4,14.1,95.53,66.0,0.76,0,15.6,1,0
6306,Noe Sushi Bar,56,6,26.68,499.24,23.0,0.69,0,0.5,0,0
6307,Kobe Sushi,105,6,13.84,124.82,24.0,0.24,0,7.4,1,0
6308,Kobe Sushi,78,5,10.0,79.26,70.0,0.07,0,3.4,1,0
6309,Noe Sushi Bar,45,9,50.02,1236.79,44.0,0.46,0,4.8,0,0
6310,Nubori Experience,89,7,38.36,987.22,29.0,0.62,0,8.0,0,0
6311,Kobe Sushi,43,7,14.51,348.91,44.0,0.4,0,13.1,0,0
6312,Noe Sushi Bar,108,11,53.54,949.81,55.0,0.16,0,8.4,0,1
6313,Noe Sushi Bar,22,6,45.4,721.3,31.0,0.4,0,4.2,0,0
6314,Kobe Sushi,99,6,14.98,282.74,36.0,0.27,0,2.4,0,0
6315,Kobe Sushi,33,5,24.6,261.71,45.0,0.37,0,2.3,0,1
6316,Nubori Experience,27,2,54.89,246.06,54.0,0.79,1,7.8,1,0
6317,Noe Sushi Bar,40,7,38.05,460.21,39.0,0.28,1,9.5,0,1
6318,Noe Sushi Bar,26,8,46.6,1389.35,64.0,0.46,0,6.3,0,1
6319,Noe Sushi Bar,83,6,78.65,748.29,63.0,0.65,1,4.8,0,1
6320,Kobe Sushi,45,10,20.57,691.16,51.0,0.29,0,3.1,0,0
6321,Noe Sushi Bar,103,15,55.56,1942.0,48.0,0.36,0,0.7,1,0
6322,Noe Sushi Bar,45,7,44.88,1165.93,24.0,0.42,2,11.9,0,1
6323,Noe Sushi Bar,26,4,28.23,255.79,53.0,0.67,1,2.1,1,0
6324,Kobe Sushi,70,6,20.16,462.75,25.0,0.22,2,7.2,1,0
6325,Kobe Sushi,67,7,15.34,244.98,37.0,0.5,1,11.5,0,1
6326,Kobe Sushi,6,11,21.34,493.4,42.0,0.26,0,6.8,0,0
6327,Nubori Experience,28,3,56.77,609.26,44.0,0.2,0,5.9,1,0
6328,Noe Sushi Bar,67,6,38.83,465.21,78.0,0.73,0,2.3,1,0
6329,Noe Sushi Bar,13,8,45.96,735.23,56.0,0.03,0,0.5,0,1
6330,Kobe Sushi,63,6,19.79,209.47,26.0,0.48,0,2.6,0,0
6331,Kobe Sushi,13,5,10.0,107.39,28.0,0.64,0,6.4,0,1
6332,Noe Sushi Bar,77,5,40.7,719.98,27.0,0.8,1,16.0,1,0
6333,Noe Sushi Bar,1,6,43.93,727.13,41.0,0.53,0,0.8,0,1
6334,Noe Sushi Bar,40,7,47.36,638.48,37.0,0.4,0,1.6,0,1
6335,Kobe Sushi,37,8,17.5,289.08,23.0,0.36,0,1.5,1,0
6336,Noe Sushi Bar,31,4,50.34,461.1,69.0,0.47,0,3.8,1,0
6337,Kobe Sushi,116,9,11.89,160.94,69.0,0.29,0,5.1,0,0
6338,Kobe Sushi,17,14,12.08,558.87,39.0,0.45,0,1.3,0,0
6339,Noe Sushi Bar,9,8,42.99,1328.85,27.0,0.45,0,30.0,0,0
6340,Kobe Sushi,109,4,20.3,280.48,20.0,0.17,0,2.7,0,0
6341,Kobe Sushi,64,6,17.58,297.76,23.0,0.23,0,10.9,0,1
6342,Noe Sushi Bar,57,4,38.97,373.72,20.0,0.27,0,3.7,0,0
6343,Noe Sushi Bar,13,5,33.59,663.39,47.0,0.45,1,17.7,0,0
6344,Nubori Experience,37,9,65.28,1195.87,57.0,0.32,0,3.2,1,0
6345,Noe Sushi Bar,14,8,37.9,522.46,52.0,0.63,0,1.3,0,1
6346,Kobe Sushi,75,6,12.88,243.38,47.0,0.27,0,1.4,0,1
6347,Kobe Sushi,25,5,27.89,386.74,62.0,0.38,0,3.2,0,0
6348,Nubori Experience,95,6,68.9,1173.69,77.0,0.25,1,6.1,1,0
6349,Noe Sushi Bar,78,10,29.52,1004.58,53.0,0.15,0,4.6,1,0
6350,Noe Sushi Bar,57,1,50.87,132.91,71.0,0.22,0,11.7,0,0
6351,Kobe Sushi,71,7,22.45,255.8,41.0,0.51,2,7.5,1,0
6352,Noe Sushi Bar,88,6,52.48,564.07,68.0,0.25,0,10.2,1,0
6353,Kobe Sushi,113,5,24.27,290.19,44.0,0.23,1,0.5,1,0
6354,Noe Sushi Bar,100,7,27.72,751.12,68.0,0.35,0,2.5,1,0
6355,Nubori Experience,42,7,56.69,1387.78,22.0,0.54,0,5.5,1,0
6356,Nubori Experience,42,7,67.43,1594.81,41.0,0.17,0,0.7,0,0
6357,Noe Sushi Bar,47,4,31.63,256.04,52.0,0.17,0,3.4,0,0
6358,Noe Sushi Bar,116,3,45.46,452.94,52.0,0.48,0,2.5,1,0
6359,Nubori Experience,44,7,67.91,972.45,48.0,0.22,0,0.5,0,0
6360,Noe Sushi Bar,41,5,45.3,518.85,26.0,0.33,0,0.5,1,0
6361,Kobe Sushi,3,3,22.98,255.93,59.0,0.24,0,3.5,1,0
6362,Noe Sushi Bar,111,5,39.31,674.56,54.0,0.2,1,4.0,1,0
6363,Kobe Sushi,108,6,13.75,291.65,52.0,0.31,0,2.2,1,0
6364,Noe Sushi Bar,90,8,45.01,610.0,63.0,0.21,0,1.4,0,1
6365,Noe Sushi Bar,111,5,67.15,1313.64,47.0,0.24,0,0.6,0,0
6366,Noe Sushi Bar,90,7,63.56,1027.4,43.0,0.24,0,1.1,0,1
6367,Kobe Sushi,1,5,16.57,318.92,47.0,0.17,0,5.7,0,1
6368,Kobe Sushi,79,3,20.73,210.49,32.0,0.43,0,3.2,0,1
6369,Noe Sushi Bar,11,4,34.1,363.53,56.0,0.16,0,1.3,0,1
6370,Nubori Experience,101,3,82.08,766.58,33.0,0.15,0,0.8,1,0
6371,Noe Sushi Bar,7,5,33.47,417.77,38.0,0.36,0,0.5,0,1
6372,Kobe Sushi,12,5,21.75,333.35,52.0,0.25,0,2.0,0,0
6373,Nubori Experience,116,6,53.3,1246.41,56.0,0.16,2,0.5,1,0
6374,Nubori Experience,38,6,47.83,925.24,29.0,0.38,0,7.1,0,1
6375,Kobe Sushi,54,5,18.46,211.72,30.0,0.13,0,0.8,0,1
6376,Kobe Sushi,67,5,20.66,260.91,30.0,0.43,0,7.4,0,0
6377,Noe Sushi Bar,106,6,43.13,794.27,41.0,0.5,0,5.3,0,0
6378,Nubori Experience,53,5,74.99,1387.84,63.0,0.17,0,2.0,1,0
6379,Nubori Experience,90,4,80.94,647.98,45.0,0.2,0,3.2,0,0
6380,Nubori Experience,118,3,92.02,739.56,64.0,0.3,0,1.0,0,1
6381,Noe Sushi Bar,94,2,57.31,294.08,33.0,0.05,0,2.5,0,1
6382,Noe Sushi Bar,32,3,55.01,410.95,60.0,0.17,1,0.5,0,0
6383,Kobe Sushi,100,7,10.0,244.9,66.0,0.48,0,4.0,1,0
6384,Kobe Sushi,45,4,10.8,76.35,38.0,0.34,0,1.1,1,0
6385,Noe Sushi Bar,51,5,46.85,752.14,36.0,0.51,0,9.3,0,1
6386,Noe Sushi Bar,37,6,24.88,465.68,42.0,0.12,0,13.0,0,0
6387,Noe Sushi Bar,119,8,21.52,446.48,28.0,0.48,0,2.3,0,0
6388,Noe Sushi Bar,59,5,45.57,524.41,41.0,0.37,1,0.8,1,0
6389,Kobe Sushi,54,7,30.58,409.46,59.0,0.22,0,2.4,0,1
6390,Noe Sushi Bar,18,5,17.11,206.55,50.0,0.31,1,7.9,1,1
6391,Kobe Sushi,1,5,17.62,239.39,31.0,0.13,0,3.8,1,0
6392,Noe Sushi Bar,117,9,53.68,1671.19,50.0,0.56,1,5.0,0,0
6393,Chef Choy,21,6,27.42,375.68,53.0,0.73,2,14.4,0,1
6394,Noe Sushi Bar,28,7,36.95,429.19,74.0,0.39,0,15.9,0,0
6395,Nubori Experience,112,5,78.3,741.46,52.0,0.55,0,23.1,0,0
6396,Kobe Sushi,16,6,17.14,400.39,37.0,0.19,0,0.5,0,0
6397,Noe Sushi Bar,48,4,25.26,224.94,32.0,0.65,0,2.9,0,0
6398,Kobe Sushi,28,8,11.34,162.03,41.0,0.15,1,0.9,0,1
6399,Noe Sushi Bar,22,5,60.99,546.65,71.0,0.52,0,10.2,1,0
6400,Nubori Experience,83,4,73.19,1002.36,47.0,0.33,0,7.5,0,0
6401,Noe Sushi Bar,112,6,50.03,945.22,21.0,0.28,0,4.1,1,0
6402,Nubori Experience,1,6,69.2,1625.88,39.0,0.32,0,20.3,0,0
6403,Kobe Sushi,95,6,21.18,360.44,80.0,0.27,0,14.4,1,0
6404,Nubori Experience,116,3,63.03,313.48,67.0,0.07,2,6.3,1,1
6405,Kobe Sushi,116,3,19.5,177.15,31.0,0.3,0,3.0,0,0
6406,Nubori Experience,42,10,66.92,1229.21,58.0,0.12,0,0.5,0,1
6407,Kobe Sushi,98,6,16.01,296.76,56.0,0.58,0,0.5,0,0
6408,Kobe Sushi,110,7,27.84,508.74,26.0,0.28,0,6.2,0,1
6409,Noe Sushi Bar,104,10,53.59,1784.06,47.0,0.12,0,5.7,0,0
6410,Nubori Experience,70,3,59.83,583.71,49.0,0.44,0,5.0,1,0
6411,Kobe Sushi,92,4,15.44,145.19,31.0,0.39,0,0.8,1,0
6412,Kobe Sushi,3,8,12.41,265.24,32.0,0.63,1,0.5,1,0
6413,Nubori Experience,95,5,52.31,979.81,60.0,0.52,0,7.1,0,1
6414,Kobe Sushi,80,8,17.34,552.94,42.0,0.14,0,2.6,1,0
6415,Kobe Sushi,81,6,26.47,415.37,45.0,0.49,1,8.5,0,0
6416,Noe Sushi Bar,44,6,42.96,815.43,62.0,0.33,0,10.9,1,0
6417,Kobe Sushi,27,7,10.0,114.42,42.0,0.28,0,11.3,1,0
6418,Nubori Experience,51,7,73.12,1250.2,31.0,0.18,1,2.5,1,1
6419,Chef Choy,24,7,36.42,601.35,51.0,0.19,1,8.1,1,0
6420,Noe Sushi Bar,20,6,40.65,445.72,50.0,0.23,0,16.8,1,0
6421,Nubori Experience,32,5,52.52,523.09,30.0,0.16,0,6.3,0,0
6422,Noe Sushi Bar,99,8,45.3,1363.31,47.0,0.5,1,1.6,0,0
6423,Kobe Sushi,13,8,17.86,455.26,42.0,0.07,0,12.3,0,1
6424,Kobe Sushi,112,6,28.67,334.95,24.0,0.15,0,0.5,0,1
6425,Noe Sushi Bar,43,12,54.33,2065.23,57.0,0.25,1,3.0,1,1
6426,Kobe Sushi,20,7,26.89,304.26,76.0,0.49,0,3.1,1,0
6427,Nubori Experience,112,6,39.75,574.16,46.0,0.29,0,7.1,0,0
6428,Chef Choy,116,5,21.58,203.6,43.0,0.36,0,1.0,0,0
6429,Kobe Sushi,2,6,19.47,189.83,73.0,0.55,0,2.3,0,1
6430,Noe Sushi Bar,68,4,30.05,303.14,47.0,0.5,0,4.5,0,1
6431,Noe Sushi Bar,91,4,60.62,590.69,71.0,0.65,0,6.8,1,0
6432,Nubori Experience,60,3,54.28,481.77,27.0,0.2,0,0.6,0,0
6433,Nubori Experience,89,9,73.71,1496.16,55.0,0.41,0,17.9,1,0
6434,Noe Sushi Bar,4,6,47.17,654.64,50.0,0.06,0,1.2,0,1
6435,Chef Choy,96,7,22.32,508.67,45.0,0.39,0,5.5,1,0
6436,Noe Sushi Bar,17,3,31.36,273.3,33.0,0.49,0,3.7,0,1
6437,Noe Sushi Bar,1,6,28.14,464.66,20.0,0.22,0,2.4,0,0
6438,Kobe Sushi,33,7,30.9,452.05,33.0,0.53,0,17.5,1,0
6439,Kobe Sushi,30,7,18.99,439.08,31.0,0.27,0,2.7,0,0
6440,Noe Sushi Bar,5,7,41.94,867.07,40.0,0.55,1,9.7,1,0
6441,Kobe Sushi,118,8,23.93,480.57,49.0,0.43,0,5.6,0,1
6442,Kobe Sushi,12,9,26.9,608.98,44.0,0.18,0,13.8,0,1
6443,Noe Sushi Bar,102,8,50.99,1306.15,26.0,0.4,0,4.8,0,0
6444,Kobe Sushi,32,4,18.27,254.6,60.0,0.66,0,4.9,0,1
6445,Noe Sushi Bar,38,5,51.71,544.58,20.0,0.17,0,10.1,0,1
6446,Noe Sushi Bar,17,6,47.7,1132.45,39.0,0.64,1,4.8,0,1
6447,Nubori Experience,58,8,55.46,947.48,34.0,0.53,1,9.1,0,0
6448,Noe Sushi Bar,118,7,42.39,682.78,44.0,0.09,0,3.2,1,0
6449,Kobe Sushi,109,9,17.59,424.26,29.0,0.35,1,5.4,1,0
6450,Noe Sushi Bar,40,5,49.77,439.8,25.0,0.24,0,4.1,0,1
6451,Nubori Experience,96,5,79.9,614.64,47.0,0.52,0,1.6,0,1
6452,Nubori Experience,24,4,91.0,832.91,37.0,0.15,0,18.1,0,1
6453,Noe Sushi Bar,12,6,42.33,708.99,28.0,0.5,0,6.2,0,0
6454,Kobe Sushi,111,7,11.54,139.93,42.0,0.78,0,4.1,1,0
6455,Nubori Experience,95,10,61.13,1300.44,34.0,0.22,0,2.8,1,0
6456,Kobe Sushi,19,8,17.54,536.47,27.0,0.26,2,6.9,0,1
6457,Noe Sushi Bar,29,3,31.85,340.25,31.0,0.58,1,0.5,0,0
6458,Noe Sushi Bar,85,4,15.77,147.51,62.0,0.5,0,7.1,0,0
6459,Kobe Sushi,90,1,17.99,42.42,39.0,0.08,0,1.7,0,0
6460,Kobe Sushi,52,6,10.0,131.19,53.0,0.26,0,1.9,0,1
6461,Kobe Sushi,92,6,10.0,188.88,63.0,0.17,0,4.3,0,1
6462,Noe Sushi Bar,17,7,36.57,401.37,39.0,0.24,0,1.6,0,0
6463,Nubori Experience,73,3,90.08,576.55,55.0,0.56,0,0.5,0,1
6464,Kobe Sushi,21,9,14.31,395.13,33.0,0.28,0,14.1,0,0
6465,Nubori Experience,114,7,72.74,1081.19,31.0,0.34,0,30.0,0,0
6466,Kobe Sushi,60,5,11.29,184.44,35.0,0.3,0,5.5,1,0
6467,Noe Sushi Bar,98,5,47.76,905.48,52.0,0.54,2,9.6,1,0
6468,Kobe Sushi,75,2,15.39,103.69,58.0,0.27,0,1.2,0,0
6469,Nubori Experience,119,5,36.99,636.32,70.0,0.25,0,1.2,0,0
6470,Chef Choy,20,7,39.22,824.69,54.0,0.18,1,18.9,1,0
6471,Noe Sushi Bar,113,7,64.36,1268.73,35.0,0.24,0,12.7,1,0
6472,Nubori Experience,53,4,44.52,433.78,52.0,0.41,0,4.9,1,0
6473,Noe Sushi Bar,114,7,71.31,1996.01,33.0,0.39,0,1.0,0,1
6474,Nubori Experience,111,2,71.86,442.93,59.0,0.08,0,1.0,0,0
6475,Noe Sushi Bar,103,9,31.15,544.72,51.0,0.11,0,0.5,1,0
6476,Nubori Experience,80,3,71.72,548.43,22.0,0.53,1,19.4,0,0
6477,Noe Sushi Bar,63,5,57.59,803.88,26.0,0.19,0,14.2,0,0
6478,Kobe Sushi,57,7,16.94,452.12,28.0,0.32,0,11.7,0,1
6479,Noe Sushi Bar,29,4,48.0,496.96,67.0,0.21,0,2.4,0,1
6480,Kobe Sushi,1,7,26.54,467.5,47.0,0.28,0,1.1,0,1
6481,Noe Sushi Bar,82,4,49.92,714.61,45.0,0.46,0,1.6,1,0
6482,Noe Sushi Bar,59,7,56.18,1143.42,20.0,0.29,0,4.6,0,1
6483,Noe Sushi Bar,64,7,47.03,1198.07,26.0,0.09,3,1.8,0,1
6484,Kobe Sushi,86,5,19.21,157.11,20.0,0.19,0,17.2,0,0
6485,Kobe Sushi,72,7,17.11,197.1,39.0,0.27,0,2.0,0,1
6486,Noe Sushi Bar,71,6,46.01,852.88,67.0,0.29,0,12.1,0,1
6487,Nubori Experience,89,7,65.44,1647.85,47.0,0.23,0,0.7,0,1
6488,Kobe Sushi,94,3,21.84,253.48,45.0,0.23,0,6.6,0,1
6489,Noe Sushi Bar,98,6,20.81,361.43,42.0,0.44,1,6.1,0,1
6490,Noe Sushi Bar,44,8,66.75,860.65,50.0,0.17,0,0.5,1,0
6491,Noe Sushi Bar,48,9,38.65,701.11,39.0,0.14,1,1.7,1,0
6492,Kobe Sushi,105,4,20.27,298.1,59.0,0.25,0,2.0,1,1
6493,Noe Sushi Bar,116,7,31.58,811.26,31.0,0.31,0,1.0,0,0
6494,Kobe Sushi,75,5,19.08,213.41,67.0,0.16,0,0.7,0,1
6495,Nubori Experience,15,7,65.97,1132.15,48.0,0.27,1,3.6,0,1
6496,Kobe Sushi,35,6,21.05,307.35,38.0,0.15,0,9.9,0,1
6497,Kobe Sushi,23,5,14.49,195.01,33.0,0.32,0,1.8,0,0
6498,Kobe Sushi,53,5,20.25,358.14,43.0,0.14,0,15.6,0,0
6499,Kobe Sushi,45,5,15.84,173.22,26.0,0.47,0,0.5,0,0
6500,Chef Choy,85,5,47.84,660.73,34.0,0.3,3,3.8,1,0
6501,Kobe Sushi,92,6,12.61,240.54,70.0,0.08,0,6.2,0,1
6502,Kobe Sushi,13,5,24.5,225.31,32.0,0.12,0,7.9,0,0
6503,Noe Sushi Bar,34,5,36.95,430.27,45.0,0.3,0,1.8,1,0
6504,Kobe Sushi,38,4,16.09,186.34,35.0,0.3,0,12.6,0,0
6505,Kobe Sushi,70,3,22.17,161.02,39.0,0.31,2,1.3,1,0
6506,Nubori Experience,108,7,66.48,1437.77,45.0,0.24,0,0.7,0,1
6507,Chef Choy,68,4,29.27,447.86,33.0,0.5,0,0.8,0,1
6508,Nubori Experience,5,9,60.9,1105.36,57.0,0.18,1,3.1,1,0
6509,Nubori Experience,119,9,90.12,2574.56,40.0,0.16,0,1.4,1,0
6510,Noe Sushi Bar,40,4,39.28,532.5,77.0,0.07,0,1.9,0,1
6511,Kobe Sushi,70,3,23.32,131.85,74.0,0.18,0,6.2,0,0
6512,Chef Choy,21,7,29.96,388.38,29.0,0.25,0,3.5,0,1
6513,Nubori Experience,28,5,67.4,880.42,27.0,0.1,0,26.6,0,0
6514,Chef Choy,3,7,21.98,455.34,69.0,0.56,1,4.5,0,0
6515,Noe Sushi Bar,23,7,24.6,466.33,52.0,0.27,0,1.6,0,1
6516,Kobe Sushi,72,6,16.46,159.79,84.0,0.28,0,2.5,1,0
6517,Nubori Experience,19,7,54.88,1084.48,42.0,0.25,1,11.5,0,0
6518,Noe Sushi Bar,117,3,36.61,432.09,56.0,0.42,0,1.9,0,0
6519,Nubori Experience,75,8,59.42,1815.06,20.0,0.8,0,1.4,0,1
6520,Kobe Sushi,50,6,25.49,377.46,44.0,0.24,0,4.0,1,0
6521,Kobe Sushi,74,6,25.11,350.84,48.0,0.41,0,2.9,0,1
6522,Kobe Sushi,58,7,21.41,450.05,33.0,0.3,0,2.4,0,0
6523,Chef Choy,92,8,26.2,616.51,20.0,0.49,0,0.5,0,1
6524,Kobe Sushi,20,4,12.98,169.57,58.0,0.4,0,7.3,1,0
6525,Kobe Sushi,108,3,14.74,142.49,20.0,0.01,0,4.2,0,1
6526,Nubori Experience,116,9,17.52,321.26,43.0,0.57,1,3.7,0,1
6527,Kobe Sushi,92,9,25.19,902.25,53.0,0.43,0,1.0,1,0
6528,Nubori Experience,93,10,67.71,1473.05,51.0,0.67,1,9.5,1,0
6529,Kobe Sushi,72,3,17.22,86.24,31.0,0.25,0,7.5,0,1
6530,Nubori Experience,83,5,42.45,370.73,52.0,0.31,0,30.0,0,0
6531,Noe Sushi Bar,53,3,46.2,428.07,44.0,0.34,0,8.7,0,1
6532,Nubori Experience,112,9,49.07,707.36,27.0,0.17,0,6.7,0,1
6533,Nubori Experience,85,6,94.69,1743.85,37.0,0.32,0,3.5,0,1
6534,Kobe Sushi,82,9,20.11,487.73,43.0,0.51,0,8.5,1,0
6535,Kobe Sushi,9,7,18.99,363.84,55.0,0.44,3,21.1,0,0
6536,Kobe Sushi,4,8,20.04,290.15,25.0,0.43,0,1.3,0,1
6537,Noe Sushi Bar,41,3,50.61,418.4,63.0,0.32,1,2.1,0,1
6538,Nubori Experience,25,6,53.77,1286.97,46.0,0.58,0,2.4,0,1
6539,Noe Sushi Bar,34,6,30.45,416.51,47.0,0.45,1,0.6,0,1
6540,Noe Sushi Bar,73,3,12.01,68.79,24.0,0.0,0,7.5,0,1
6541,Kobe Sushi,9,11,17.61,404.01,66.0,0.26,1,6.8,0,0
6542,Nubori Experience,82,7,58.1,1393.33,32.0,0.44,0,13.5,0,0
6543,Nubori Experience,75,10,77.24,2748.79,83.0,0.47,0,2.4,0,1
6544,Kobe Sushi,13,11,17.5,337.2,51.0,0.59,0,3.2,0,1
6545,Noe Sushi Bar,102,6,50.28,1152.58,41.0,0.46,0,1.5,0,0
6546,Kobe Sushi,9,4,18.29,198.3,48.0,0.49,0,11.6,0,0
6547,Noe Sushi Bar,80,5,41.61,709.68,22.0,0.3,0,7.1,1,0
6548,Noe Sushi Bar,4,7,54.11,1192.33,30.0,0.0,0,28.6,0,0
6549,Kobe Sushi,34,5,21.2,315.47,37.0,0.21,0,1.0,1,0
6550,Noe Sushi Bar,7,2,39.09,236.9,77.0,0.63,0,6.0,0,1
6551,Kobe Sushi,15,9,20.84,687.77,33.0,0.11,0,7.7,0,0
6552,Noe Sushi Bar,38,3,51.65,427.38,36.0,0.29,0,9.5,0,1
6553,Noe Sushi Bar,75,9,47.72,1600.69,72.0,0.21,0,5.7,1,0
6554,Kobe Sushi,96,7,16.69,303.26,65.0,0.44,0,2.5,0,1
6555,Chef Choy,91,7,27.57,343.73,48.0,0.12,1,0.5,1,0
6556,Noe Sushi Bar,94,8,21.61,571.46,36.0,0.51,0,4.0,0,0
6557,Kobe Sushi,52,5,21.95,221.62,79.0,0.02,3,0.5,1,0
6558,Kobe Sushi,81,6,24.56,500.13,60.0,0.49,0,4.3,1,0
6559,Chef Choy,100,10,17.78,577.06,41.0,0.54,0,1.5,1,0
6560,Nubori Experience,83,5,61.41,1172.56,90.0,0.66,0,3.9,0,1
6561,Kobe Sushi,7,8,16.79,288.59,51.0,0.27,0,10.2,0,1
6562,Kobe Sushi,107,9,24.83,578.44,20.0,0.24,2,8.1,1,0
6563,Kobe Sushi,45,3,20.86,110.18,34.0,0.16,1,5.0,0,1
6564,Noe Sushi Bar,59,7,53.94,1445.87,38.0,0.29,0,0.5,0,1
6565,Kobe Sushi,21,9,18.09,498.31,32.0,0.06,0,0.6,1,0
6566,Kobe Sushi,28,6,22.68,317.68,45.0,0.22,0,7.1,0,1
6567,Noe Sushi Bar,3,11,47.6,1392.26,29.0,0.33,0,5.7,0,0
6568,Noe Sushi Bar,14,6,20.84,411.65,54.0,0.15,0,1.7,1,0
6569,Kobe Sushi,2,6,18.33,185.88,48.0,0.04,2,4.3,1,0
6570,Noe Sushi Bar,29,11,34.77,1430.38,56.0,0.25,1,2.6,1,0
6571,Noe Sushi Bar,18,5,37.91,402.59,41.0,0.19,1,8.0,0,1
6572,Kobe Sushi,37,4,28.45,206.9,59.0,0.08,0,4.4,0,1
6573,Kobe Sushi,45,5,15.97,242.36,38.0,0.37,0,3.9,1,0
6574,Nubori Experience,45,6,87.82,1600.14,68.0,0.15,0,9.4,0,1
6575,Kobe Sushi,24,10,24.12,362.85,68.0,0.38,0,17.3,1,0
6576,Noe Sushi Bar,120,5,50.73,616.68,62.0,0.03,0,4.1,0,1
6577,Nubori Experience,46,8,86.64,1404.94,65.0,0.16,0,3.2,0,1
6578,Kobe Sushi,12,3,11.81,71.99,63.0,0.42,0,30.0,1,0
6579,Kobe Sushi,53,5,17.42,272.37,52.0,0.43,1,2.0,1,0
6580,Noe Sushi Bar,45,10,56.71,1897.81,66.0,0.55,0,1.5,1,0
6581,Nubori Experience,32,3,55.32,481.74,35.0,0.17,0,1.4,0,1
6582,Nubori Experience,18,6,74.22,1419.91,48.0,0.1,0,23.1,0,0
6583,Noe Sushi Bar,13,8,42.49,1203.13,55.0,0.26,0,10.1,0,0
6584,Kobe Sushi,4,5,11.06,188.79,33.0,0.47,0,1.4,0,1
6585,Noe Sushi Bar,23,11,51.5,2253.72,31.0,0.37,0,8.8,1,0
6586,Noe Sushi Bar,62,7,36.86,718.39,56.0,0.61,0,0.5,1,0
6587,Noe Sushi Bar,54,7,52.39,1386.92,71.0,0.22,0,4.1,0,1
6588,Kobe Sushi,74,1,15.8,29.91,34.0,0.31,0,11.1,1,1
6589,Kobe Sushi,55,7,12.42,277.46,49.0,0.48,0,1.0,0,0
6590,Chef Choy,69,9,23.73,413.88,46.0,0.22,1,0.7,0,0
6591,Noe Sushi Bar,114,3,46.7,470.14,51.0,0.34,0,0.5,0,1
6592,Kobe Sushi,40,6,14.47,288.55,51.0,0.38,0,0.6,1,0
6593,Kobe Sushi,14,4,15.34,111.97,23.0,0.57,0,0.5,0,1
6594,Nubori Experience,98,5,33.24,322.56,49.0,0.37,0,2.2,0,1
6595,Noe Sushi Bar,28,5,39.1,536.29,24.0,0.55,0,0.8,1,0
6596,Kobe Sushi,72,5,20.22,396.66,75.0,0.09,1,5.7,1,0
6597,Kobe Sushi,80,4,20.81,168.08,69.0,0.11,0,14.4,1,0
6598,Kobe Sushi,95,6,18.5,258.4,29.0,0.48,0,8.2,1,0
6599,Nubori Experience,71,10,83.2,2293.05,58.0,0.28,2,5.6,0,1
6600,Noe Sushi Bar,67,10,52.17,1141.65,56.0,0.33,0,3.4,0,0
6601,Noe Sushi Bar,29,8,47.93,791.61,20.0,0.21,0,3.4,0,0
6602,Noe Sushi Bar,100,5,50.98,964.32,20.0,0.25,0,7.0,0,1
6603,Kobe Sushi,61,4,12.53,100.8,52.0,0.16,1,3.0,0,0
6604,Nubori Experience,103,6,49.45,994.5,62.0,0.24,0,4.1,0,1
6605,Noe Sushi Bar,68,4,46.08,484.2,59.0,0.24,0,2.9,0,1
6606,Kobe Sushi,9,6,18.03,213.98,21.0,0.21,0,3.1,0,0
6607,Kobe Sushi,119,4,13.36,194.84,56.0,0.6,2,5.8,1,0
6608,Noe Sushi Bar,17,5,54.14,546.24,20.0,0.08,0,1.4,0,0
6609,Nubori Experience,49,5,56.38,957.5,21.0,0.26,0,5.0,0,1
6610,Kobe Sushi,63,4,18.49,135.53,49.0,0.54,0,1.7,1,0
6611,Nubori Experience,84,6,73.54,1131.34,65.0,0.39,0,9.6,0,1
6612,Chef Choy,78,6,19.0,373.96,34.0,0.47,0,11.4,1,0
6613,Kobe Sushi,46,5,19.92,224.59,43.0,0.24,0,13.3,0,0
6614,Kobe Sushi,93,4,14.62,170.07,40.0,0.15,0,0.5,1,0
6615,Kobe Sushi,13,7,13.43,260.41,39.0,0.75,0,4.0,0,1
6616,Noe Sushi Bar,100,6,46.96,434.89,41.0,0.49,0,1.2,0,0
6617,Kobe Sushi,45,5,14.85,158.55,52.0,0.2,0,2.4,1,0
6618,Kobe Sushi,53,5,12.57,96.62,28.0,0.25,0,6.6,0,1
6619,Noe Sushi Bar,17,6,64.09,606.88,74.0,0.38,0,6.5,0,1
6620,Noe Sushi Bar,47,8,40.18,795.2,42.0,0.25,0,27.5,0,1
6621,Kobe Sushi,62,7,18.08,317.88,58.0,0.16,0,7.8,1,0
6622,Noe Sushi Bar,50,6,59.95,1363.04,55.0,0.62,0,7.3,0,1
6623,Noe Sushi Bar,43,8,42.34,1290.34,84.0,0.43,0,11.0,0,0
6624,Noe Sushi Bar,68,10,67.06,1406.24,55.0,0.25,0,2.6,1,0
6625,Nubori Experience,84,4,65.78,740.67,31.0,0.34,0,1.0,1,0
6626,Kobe Sushi,75,4,25.33,208.91,41.0,0.47,0,6.2,0,1
6627,Nubori Experience,106,2,61.1,275.79,42.0,0.4,0,4.0,1,0
6628,Noe Sushi Bar,86,5,49.44,615.73,40.0,0.66,0,10.6,0,0
6629,Noe Sushi Bar,109,5,44.43,639.87,60.0,0.1,0,3.9,0,0
6630,Noe Sushi Bar,118,7,27.24,428.52,85.0,0.67,0,8.6,1,0
6631,Noe Sushi Bar,72,5,47.62,460.76,54.0,0.76,0,1.2,1,0
6632,Kobe Sushi,28,9,22.14,446.63,64.0,0.41,0,6.2,1,0
6633,Noe Sushi Bar,45,10,55.2,1960.12,65.0,0.28,0,9.0,0,0
6634,Noe Sushi Bar,41,5,50.1,757.43,59.0,0.33,0,2.9,0,1
6635,Noe Sushi Bar,94,2,45.02,169.67,68.0,0.2,0,0.9,1,0
6636,Kobe Sushi,97,5,18.38,178.58,25.0,0.26,0,11.6,0,0
6637,Nubori Experience,97,4,89.59,718.01,46.0,0.63,0,4.1,1,0
6638,Noe Sushi Bar,111,5,38.02,597.33,38.0,0.11,0,13.7,1,0
6639,Kobe Sushi,118,6,19.06,316.82,51.0,0.27,0,0.9,0,1
6640,Noe Sushi Bar,36,6,66.62,1467.35,26.0,0.25,0,6.8,0,0
6641,Chef Choy,91,6,10.67,127.38,66.0,0.32,2,1.9,1,0
6642,Chef Choy,84,5,32.17,319.58,55.0,0.49,1,30.0,1,0
6643,Noe Sushi Bar,33,12,48.33,1264.78,51.0,0.13,0,1.0,0,1
6644,Nubori Experience,25,9,73.47,1720.52,46.0,0.18,0,4.9,1,0
6645,Kobe Sushi,108,6,12.75,222.32,65.0,0.5,0,27.7,0,0
6646,Noe Sushi Bar,107,10,44.99,1193.59,38.0,0.61,0,6.9,1,0
6647,Nubori Experience,19,6,70.47,1468.87,51.0,0.48,0,4.8,0,1
6648,Nubori Experience,47,6,62.92,867.97,35.0,0.51,1,1.0,0,1
6649,Noe Sushi Bar,85,3,46.3,413.72,56.0,0.12,0,2.9,1,0
6650,Nubori Experience,106,6,66.83,862.7,29.0,0.57,0,4.9,1,0
6651,Kobe Sushi,33,9,13.91,342.7,24.0,0.24,0,1.1,0,1
6652,Nubori Experience,120,11,52.76,1735.55,37.0,0.74,1,30.0,1,0
6653,Kobe Sushi,67,5,13.3,195.45,35.0,0.34,0,1.2,0,0
6654,Kobe Sushi,14,6,24.13,236.77,39.0,0.19,0,0.5,0,1
6655,Kobe Sushi,79,5,13.87,175.31,26.0,0.6,0,1.6,0,1
6656,Noe Sushi Bar,33,11,51.26,1561.91,38.0,0.13,1,6.4,0,0
6657,Kobe Sushi,42,10,10.0,383.1,53.0,0.45,0,17.7,0,0
6658,Kobe Sushi,86,2,19.21,108.98,45.0,0.35,1,2.4,1,0
6659,Kobe Sushi,65,5,18.72,285.59,75.0,0.09,0,6.5,1,0
6660,Kobe Sushi,95,6,20.64,193.29,59.0,0.27,0,13.4,0,0
6661,Noe Sushi Bar,47,6,40.25,855.67,68.0,0.34,0,4.1,1,0
6662,Noe Sushi Bar,35,4,50.83,793.21,45.0,0.32,1,16.5,1,0
6663,Kobe Sushi,117,3,10.0,84.57,48.0,0.4,0,2.9,0,0
6664,Noe Sushi Bar,84,2,48.38,233.24,73.0,0.18,0,1.7,0,0
6665,Nubori Experience,32,9,70.7,1244.33,39.0,0.59,0,6.8,0,1
6666,Chef Choy,55,2,29.26,179.82,56.0,0.17,0,0.5,0,0
6667,Kobe Sushi,54,3,13.64,125.62,35.0,0.28,0,0.5,1,0
6668,Noe Sushi Bar,76,4,41.01,448.43,50.0,0.59,0,5.7,0,1
6669,Kobe Sushi,51,11,21.33,825.4,29.0,0.16,0,7.7,1,0
6670,Kobe Sushi,80,5,19.17,298.53,48.0,0.32,0,5.9,0,1
6671,Kobe Sushi,59,8,13.07,180.71,36.0,0.62,0,11.5,1,0
6672,Nubori Experience,72,3,57.72,327.98,55.0,0.35,0,1.6,0,1
6673,Kobe Sushi,120,5,18.56,359.1,50.0,0.26,0,2.0,1,0
6674,Kobe Sushi,14,7,14.66,347.26,43.0,0.29,1,1.6,0,0
6675,Kobe Sushi,18,2,12.74,51.07,41.0,0.27,1,0.7,1,0
6676,Nubori Experience,55,10,94.97,1555.94,31.0,0.2,0,1.6,0,0
6677,Noe Sushi Bar,94,5,40.38,432.73,23.0,0.51,0,4.1,0,0
6678,Kobe Sushi,97,1,17.62,55.57,37.0,0.33,2,13.4,1,0
6679,Noe Sushi Bar,98,5,28.74,383.84,47.0,0.44,0,2.8,1,0
6680,Noe Sushi Bar,56,3,44.07,329.28,56.0,0.1,0,3.2,0,0
6681,Noe Sushi Bar,108,7,59.55,1491.82,29.0,0.23,1,0.7,1,0
6682,Kobe Sushi,49,4,20.9,258.8,29.0,0.53,0,8.8,1,0
6683,Nubori Experience,98,2,75.63,556.01,39.0,0.51,0,0.5,1,0
6684,Kobe Sushi,60,7,16.69,356.75,24.0,0.16,0,1.3,0,1
6685,Noe Sushi Bar,113,4,33.44,326.12,40.0,0.29,0,7.4,0,0
6686,Kobe Sushi,53,4,11.76,78.31,34.0,0.06,0,1.3,0,0
6687,Kobe Sushi,71,1,14.66,31.28,52.0,0.22,1,1.0,1,0
6688,Kobe Sushi,6,11,12.32,420.37,37.0,0.53,0,6.8,0,1
6689,Noe Sushi Bar,70,4,11.98,168.04,48.0,0.13,0,0.5,0,1
6690,Kobe Sushi,86,5,20.82,355.11,74.0,0.42,0,1.3,1,0
6691,Chef Choy,8,4,17.26,198.32,20.0,0.3,0,1.6,1,0
6692,Kobe Sushi,101,5,16.88,307.59,45.0,0.19,0,20.2,0,0
6693,Noe Sushi Bar,15,4,50.85,736.35,60.0,0.43,0,13.9,0,1
6694,Nubori Experience,26,7,72.0,1591.63,28.0,0.35,0,1.3,0,1
6695,Noe Sushi Bar,39,10,64.8,1503.16,60.0,0.46,0,7.8,0,1
6696,Noe Sushi Bar,3,10,38.91,1134.39,41.0,0.31,0,5.2,0,1
6697,Noe Sushi Bar,57,8,43.56,797.97,45.0,0.37,0,6.9,1,0
6698,Kobe Sushi,10,9,16.24,568.28,44.0,0.26,0,18.8,0,1
6699,Nubori Experience,3,2,49.82,325.34,50.0,0.09,0,2.3,0,0
6700,Kobe Sushi,94,7,14.03,151.41,35.0,0.42,1,0.9,1,0
6701,Noe Sushi Bar,46,7,44.51,741.09,58.0,0.3,0,14.2,0,1
6702,Noe Sushi Bar,22,10,45.26,1368.65,71.0,0.21,0,2.9,0,1
6703,Kobe Sushi,67,5,13.3,231.68,64.0,0.37,0,2.8,0,1
6704,Kobe Sushi,65,8,12.2,292.12,41.0,0.11,0,4.1,0,1
6705,Noe Sushi Bar,97,2,48.63,192.69,43.0,0.27,0,15.5,1,0
6706,Nubori Experience,19,3,41.8,242.12,21.0,0.77,0,6.9,0,0
6707,Nubori Experience,100,9,62.71,1835.59,58.0,0.27,0,2.5,0,1
6708,Noe Sushi Bar,62,8,53.08,988.85,74.0,0.15,2,9.9,1,0
6709,Noe Sushi Bar,98,11,37.08,1328.84,49.0,0.39,1,1.2,0,1
6710,Nubori Experience,57,6,63.68,1380.27,38.0,0.09,0,7.1,0,0
6711,Kobe Sushi,95,3,11.86,60.04,20.0,0.31,0,7.4,0,0
6712,Kobe Sushi,107,6,13.76,234.72,48.0,0.06,0,2.4,1,0
6713,Noe Sushi Bar,88,9,57.05,884.16,30.0,0.24,0,3.7,0,0
6714,Nubori Experience,76,5,21.63,287.94,52.0,0.17,0,1.4,0,0
6715,Nubori Experience,13,4,52.49,519.53,49.0,0.17,0,1.9,0,0
6716,Noe Sushi Bar,16,5,61.46,997.56,44.0,0.45,0,0.6,0,0
6717,Kobe Sushi,16,6,15.65,184.87,42.0,0.56,0,3.4,0,1
6718,Noe Sushi Bar,115,5,48.57,833.51,49.0,0.3,2,30.0,1,0
6719,Kobe Sushi,119,3,14.19,94.99,39.0,0.39,0,10.4,1,0
6720,Kobe Sushi,52,6,15.97,182.83,60.0,0.56,1,3.1,0,1
6721,Chef Choy,117,8,18.64,330.55,44.0,0.18,1,1.4,0,0
6722,Kobe Sushi,84,7,17.32,434.86,93.0,0.5,2,6.5,1,0
6723,Nubori Experience,41,6,48.52,895.89,36.0,0.37,0,6.0,0,0
6724,Noe Sushi Bar,48,4,46.1,556.05,36.0,0.17,0,5.0,0,0
6725,Noe Sushi Bar,91,7,24.93,620.74,62.0,0.71,0,9.7,1,0
6726,Kobe Sushi,39,5,12.54,185.07,35.0,0.44,0,3.6,1,0
6727,Kobe Sushi,13,8,11.65,336.4,41.0,0.26,0,11.0,0,0
6728,Kobe Sushi,4,8,22.44,598.03,42.0,0.54,1,7.5,0,0
6729,Nubori Experience,96,7,61.08,735.04,79.0,0.45,0,6.8,1,0
6730,Nubori Experience,109,4,62.47,538.84,38.0,0.18,0,3.3,0,0
6731,Noe Sushi Bar,104,9,56.93,1486.63,62.0,0.09,0,0.7,0,0
6732,Kobe Sushi,98,6,20.95,386.95,65.0,0.3,0,2.6,0,1
6733,Nubori Experience,103,8,71.43,972.1,36.0,0.38,0,3.3,0,1
6734,Kobe Sushi,43,8,15.97,405.97,46.0,0.21,1,4.9,1,0
6735,Kobe Sushi,81,2,28.5,151.41,56.0,0.6,0,8.7,0,0
6736,Noe Sushi Bar,88,8,33.28,426.19,41.0,0.22,0,3.6,1,0
6737,Nubori Experience,93,2,60.5,312.74,37.0,0.23,0,0.9,0,0
6738,Kobe Sushi,46,6,25.57,491.95,58.0,0.09,0,1.4,0,0
6739,Kobe Sushi,92,11,19.36,322.53,39.0,0.19,1,6.6,0,1
6740,Nubori Experience,109,6,63.25,1302.96,73.0,0.14,0,1.0,1,0
6741,Kobe Sushi,47,8,12.54,234.08,29.0,0.26,2,0.7,0,0
6742,Kobe Sushi,86,6,14.32,308.91,29.0,0.13,0,5.8,1,0
6743,Noe Sushi Bar,92,3,40.51,232.06,53.0,0.53,0,14.5,1,0
6744,Nubori Experience,53,5,58.21,816.09,40.0,0.5,0,30.0,1,0
6745,Noe Sushi Bar,25,7,54.5,1205.0,20.0,0.62,0,4.1,0,0
6746,Nubori Experience,41,4,83.57,688.0,50.0,0.24,1,13.4,1,0
6747,Noe Sushi Bar,3,3,16.43,141.52,49.0,0.18,0,1.9,0,0
6748,Kobe Sushi,77,9,18.23,632.99,29.0,0.4,0,0.5,0,0
6749,Nubori Experience,95,2,71.19,552.29,36.0,0.75,0,7.0,0,0
6750,Noe Sushi Bar,13,3,45.45,454.3,35.0,0.3,0,8.3,0,1
6751,Kobe Sushi,105,6,22.36,211.54,35.0,0.33,0,3.4,0,0
6752,Noe Sushi Bar,18,6,39.73,947.51,57.0,0.28,0,3.1,0,0
6753,Kobe Sushi,37,10,20.5,601.81,66.0,0.1,0,7.6,0,0
6754,Kobe Sushi,43,8,18.18,373.61,38.0,0.21,0,27.8,0,1
6755,Kobe Sushi,34,7,18.67,227.67,52.0,0.29,0,12.6,0,0
6756,Noe Sushi Bar,81,6,62.83,765.09,35.0,0.37,0,3.7,1,0
6757,Nubori Experience,55,4,74.5,1081.21,36.0,0.4,0,1.4,0,1
6758,Noe Sushi Bar,52,4,32.33,491.86,37.0,0.42,0,2.6,1,0
6759,Nubori Experience,85,8,94.36,2183.36,52.0,0.35,0,7.8,1,0
6760,Kobe Sushi,36,7,10.0,170.48,53.0,0.08,0,13.3,0,0
6761,Kobe Sushi,54,7,11.32,264.67,48.0,0.24,0,6.1,0,0
6762,Kobe Sushi,59,5,21.31,260.67,30.0,0.02,0,2.5,0,0
6763,Kobe Sushi,114,5,20.79,183.6,44.0,0.15,0,1.4,0,1
6764,Kobe Sushi,120,9,10.0,245.35,54.0,0.24,0,7.6,0,0
6765,Chef Choy,52,6,23.55,268.41,23.0,0.02,0,5.1,0,0
6766,Nubori Experience,104,7,57.95,1325.97,35.0,0.12,3,3.5,1,0
6767,Nubori Experience,19,8,47.41,1102.39,39.0,0.05,0,9.3,0,0
6768,Kobe Sushi,12,3,19.69,106.23,41.0,0.31,0,1.5,0,0
6769,Nubori Experience,92,2,52.35,194.78,45.0,0.74,0,0.5,0,1
6770,Kobe Sushi,11,2,10.0,37.65,48.0,0.23,0,3.0,0,1
6771,Kobe Sushi,48,8,10.0,294.97,35.0,0.43,0,1.8,0,0
6772,Nubori Experience,101,9,73.23,2370.73,20.0,0.69,0,3.1,1,0
6773,Noe Sushi Bar,92,9,37.77,926.87,66.0,0.52,0,30.0,1,0
6774,Kobe Sushi,99,10,17.52,645.21,33.0,0.26,0,1.1,0,1
6775,Noe Sushi Bar,108,10,41.69,1396.43,60.0,0.21,0,0.8,0,0
6776,Kobe Sushi,79,4,23.8,175.27,47.0,0.55,0,0.5,0,1
6777,Noe Sushi Bar,16,9,34.21,962.52,44.0,0.6,0,9.6,0,1
6778,Noe Sushi Bar,109,11,32.72,829.58,51.0,0.39,0,4.5,0,0
6779,Nubori Experience,71,8,83.45,1912.09,61.0,0.37,0,3.3,1,0
6780,Kobe Sushi,47,4,22.19,325.6,29.0,0.55,0,2.7,0,1
6781,Kobe Sushi,67,7,25.04,380.97,48.0,0.23,0,2.1,1,0
6782,Noe Sushi Bar,31,3,37.51,269.83,52.0,0.35,0,2.3,0,1
6783,Noe Sushi Bar,76,5,44.94,703.03,42.0,0.23,0,8.3,0,0
6784,Kobe Sushi,8,5,16.54,268.43,42.0,0.12,0,2.1,0,1
6785,Noe Sushi Bar,89,6,47.69,949.92,20.0,0.24,0,8.0,0,0
6786,Nubori Experience,61,5,80.36,893.16,41.0,0.53,0,11.9,0,1
6787,Nubori Experience,44,6,78.41,823.39,57.0,0.13,0,21.9,1,0
6788,Nubori Experience,50,3,60.11,638.47,34.0,0.48,0,3.3,1,1
6789,Nubori Experience,35,6,77.66,1024.14,20.0,0.13,0,10.8,0,1
6790,Noe Sushi Bar,76,5,57.93,606.12,42.0,0.63,0,3.3,0,1
6791,Nubori Experience,61,4,53.59,535.73,46.0,0.12,0,18.7,1,0
6792,Kobe Sushi,119,5,14.68,193.55,55.0,0.43,0,7.5,0,1
6793,Kobe Sushi,85,8,15.16,411.99,33.0,0.54,0,7.0,0,0
6794,Kobe Sushi,90,6,13.53,296.24,32.0,0.5,0,1.7,1,0
6795,Noe Sushi Bar,55,10,63.42,2405.05,48.0,0.45,0,6.1,0,0
6796,Kobe Sushi,66,9,15.36,293.39,29.0,0.43,0,8.3,0,0
6797,Nubori Experience,14,4,67.67,950.8,74.0,0.23,3,5.4,0,0
6798,Kobe Sushi,110,6,27.49,615.45,32.0,0.1,0,0.5,0,1
6799,Kobe Sushi,4,7,25.14,621.46,31.0,0.31,0,22.9,0,0
6800,Noe Sushi Bar,17,7,10.33,113.19,38.0,0.72,1,6.0,1,0
6801,Kobe Sushi,111,8,15.42,489.22,52.0,0.23,0,1.7,1,0
6802,Kobe Sushi,112,11,20.12,442.61,45.0,0.31,0,8.1,0,0
6803,Kobe Sushi,69,5,15.45,247.66,47.0,0.25,0,4.3,0,1
6804,Noe Sushi Bar,24,4,60.02,402.45,34.0,0.36,0,3.1,1,0
6805,Noe Sushi Bar,49,6,45.05,413.49,51.0,0.04,0,12.0,0,0
6806,Chef Choy,55,6,27.08,477.74,48.0,0.46,0,0.5,0,0
6807,Noe Sushi Bar,71,9,46.51,806.61,31.0,0.12,0,2.0,0,1
6808,Noe Sushi Bar,23,2,37.26,294.97,44.0,0.55,0,1.0,1,1
6809,Kobe Sushi,111,3,19.98,153.21,20.0,0.11,0,1.5,0,0
6810,Kobe Sushi,81,6,21.74,461.5,62.0,0.17,0,5.3,0,0
6811,Chef Choy,12,8,13.9,360.02,51.0,0.2,0,12.6,0,0
6812,Kobe Sushi,11,6,13.17,187.91,70.0,0.08,0,5.6,1,0
6813,Kobe Sushi,115,4,14.2,131.07,42.0,0.26,0,0.5,1,0
6814,Chef Choy,75,6,22.68,448.02,31.0,0.31,0,10.0,0,1
6815,Noe Sushi Bar,98,5,51.44,951.06,55.0,0.15,0,9.9,1,0
6816,Kobe Sushi,111,3,18.4,100.39,20.0,0.22,0,7.7,0,1
6817,Kobe Sushi,101,3,25.08,289.29,56.0,0.54,0,7.8,1,0
6818,Nubori Experience,114,7,47.98,717.43,41.0,0.66,0,1.6,0,1
6819,Nubori Experience,29,6,71.0,865.8,38.0,0.66,0,4.4,1,0
6820,Noe Sushi Bar,62,6,30.87,472.04,37.0,0.42,0,3.1,0,0
6821,Noe Sushi Bar,53,9,58.2,1671.73,43.0,0.11,0,18.0,0,0
6822,Noe Sushi Bar,117,7,36.77,565.75,35.0,0.28,1,3.2,1,0
6823,Nubori Experience,48,4,72.48,946.17,37.0,0.25,2,3.3,1,0
6824,Nubori Experience,100,7,51.64,1071.56,43.0,0.47,0,2.0,0,0
6825,Kobe Sushi,91,8,14.5,302.81,51.0,0.59,0,9.4,0,0
6826,Nubori Experience,119,4,63.23,894.46,52.0,0.34,0,0.7,0,1
6827,Kobe Sushi,106,9,22.51,595.01,33.0,0.45,0,2.6,0,0
6828,Kobe Sushi,86,8,16.19,466.09,44.0,0.44,0,1.2,1,0
6829,Noe Sushi Bar,66,5,27.57,213.23,37.0,0.1,0,1.7,0,0
6830,Noe Sushi Bar,111,10,52.64,1794.66,51.0,0.41,0,0.7,0,1
6831,Nubori Experience,100,8,73.9,1881.9,40.0,0.45,0,11.2,1,0
6832,Kobe Sushi,48,5,18.9,233.54,41.0,0.53,0,6.4,1,0
6833,Noe Sushi Bar,94,6,40.2,580.36,32.0,0.34,0,1.5,0,1
6834,Nubori Experience,59,2,51.93,294.0,29.0,0.1,0,0.6,0,0
6835,Nubori Experience,71,5,47.96,374.85,51.0,0.42,0,5.7,0,1
6836,Kobe Sushi,57,10,10.0,204.13,30.0,0.27,0,4.2,0,1
6837,Kobe Sushi,76,6,16.33,305.89,52.0,0.39,0,2.5,0,0
6838,Noe Sushi Bar,3,6,43.03,438.36,57.0,0.28,2,8.2,0,1
6839,Kobe Sushi,81,5,19.76,261.56,49.0,0.71,0,2.0,0,1
6840,Nubori Experience,105,9,108.54,2237.01,29.0,0.46,1,5.9,1,0
6841,Nubori Experience,32,6,52.97,478.3,45.0,0.07,0,0.7,0,1
6842,Kobe Sushi,8,4,18.85,125.82,54.0,0.41,3,2.0,1,0
6843,Kobe Sushi,87,6,11.33,149.39,35.0,0.34,0,9.1,1,0
6844,Kobe Sushi,102,4,13.19,181.27,47.0,0.15,0,12.7,1,0
6845,Nubori Experience,30,3,61.69,657.95,26.0,0.35,0,0.6,0,1
6846,Kobe Sushi,15,10,19.55,689.92,46.0,0.29,3,3.6,0,1
6847,Noe Sushi Bar,74,2,30.92,145.3,26.0,0.12,0,14.1,0,1
6848,Noe Sushi Bar,55,9,47.6,1373.61,37.0,0.28,2,11.1,0,0
6849,Noe Sushi Bar,38,3,39.06,277.09,44.0,0.18,0,30.0,0,0
6850,Kobe Sushi,15,4,17.99,162.6,52.0,0.44,0,0.5,0,0
6851,Kobe Sushi,30,6,21.02,484.3,20.0,0.19,1,4.4,0,1
6852,Nubori Experience,46,9,68.87,2270.03,20.0,0.25,1,10.9,0,1
6853,Nubori Experience,64,6,93.29,1019.36,35.0,0.2,0,0.5,0,1
6854,Chef Choy,26,3,24.11,210.88,43.0,0.22,0,22.9,0,0
6855,Kobe Sushi,115,9,19.29,678.97,30.0,0.36,0,1.5,1,0
6856,Kobe Sushi,109,10,14.02,389.46,28.0,0.28,0,6.9,0,1
6857,Noe Sushi Bar,78,7,29.15,318.25,54.0,0.4,0,5.4,0,1
6858,Kobe Sushi,67,11,13.99,249.08,48.0,0.17,2,1.5,0,1
6859,Nubori Experience,36,9,55.56,1692.68,29.0,0.14,0,6.0,0,0
6860,Noe Sushi Bar,90,11,50.0,1889.14,45.0,0.75,0,1.4,1,0
6861,Kobe Sushi,78,9,18.3,628.69,32.0,0.21,0,1.9,0,0
6862,Nubori Experience,31,6,76.57,1299.82,20.0,0.39,0,9.1,0,1
6863,Nubori Experience,78,4,69.57,1059.54,20.0,0.42,0,18.7,0,0
6864,Kobe Sushi,40,6,16.52,156.3,37.0,0.12,1,8.9,0,0
6865,Noe Sushi Bar,74,8,49.93,1372.62,39.0,0.22,0,1.4,1,0
6866,Kobe Sushi,73,9,12.18,373.88,30.0,0.42,2,4.8,0,0
6867,Kobe Sushi,46,4,19.88,274.75,46.0,0.05,0,7.0,0,0
6868,Kobe Sushi,104,5,18.56,317.54,33.0,0.38,0,30.0,0,0
6869,Noe Sushi Bar,107,5,45.68,556.74,31.0,0.16,0,5.6,0,0
6870,Nubori Experience,42,7,71.01,1333.02,43.0,0.36,0,1.7,0,1
6871,Noe Sushi Bar,18,1,56.35,196.89,77.0,0.43,0,5.8,0,1
6872,Kobe Sushi,100,3,18.43,97.25,52.0,0.11,0,23.2,1,0
6873,Noe Sushi Bar,36,6,32.08,722.66,23.0,0.36,0,4.0,0,0
6874,Kobe Sushi,76,3,15.84,185.26,23.0,0.31,0,1.1,0,0
6875,Nubori Experience,50,5,51.98,1017.67,56.0,0.32,0,1.7,1,0
6876,Noe Sushi Bar,61,8,40.68,626.13,31.0,0.12,0,7.8,0,0
6877,Kobe Sushi,40,5,16.75,199.22,27.0,0.32,0,2.0,0,0
6878,Kobe Sushi,3,6,20.4,197.64,65.0,0.47,0,2.1,0,1
6879,Chef Choy,82,7,25.9,447.17,43.0,0.49,0,5.0,0,0
6880,Kobe Sushi,7,9,13.77,259.73,54.0,0.62,0,5.8,0,0
6881,Chef Choy,31,6,23.23,420.4,42.0,0.36,2,8.3,0,1
6882,Kobe Sushi,65,6,18.01,285.46,63.0,0.39,0,1.5,0,1
6883,Kobe Sushi,95,4,32.42,400.18,44.0,0.49,0,21.0,0,0
6884,Noe Sushi Bar,64,8,63.98,936.02,57.0,0.51,0,2.2,1,0
6885,Nubori Experience,118,7,67.11,1219.09,20.0,0.56,1,13.8,1,0
6886,Nubori Experience,77,4,55.76,579.99,30.0,0.32,0,4.4,0,1
6887,Kobe Sushi,93,9,17.28,371.89,46.0,0.24,0,1.6,0,1
6888,Kobe Sushi,3,5,22.46,418.72,47.0,0.25,0,5.0,0,0
6889,Kobe Sushi,93,10,16.18,250.46,30.0,0.29,1,0.5,1,0
6890,Noe Sushi Bar,35,4,62.97,787.99,36.0,0.28,0,29.4,0,0
6891,Noe Sushi Bar,15,5,40.49,758.92,20.0,0.53,0,0.7,0,1
6892,Nubori Experience,21,8,44.61,550.79,67.0,0.37,0,4.2,0,1
6893,Nubori Experience,62,9,61.93,1827.46,41.0,0.25,2,8.3,1,0
6894,Kobe Sushi,83,5,22.48,278.93,38.0,0.55,2,4.1,1,0
6895,Noe Sushi Bar,28,7,38.21,974.95,47.0,0.14,0,5.4,0,0
6896,Nubori Experience,4,6,74.19,1151.68,24.0,0.48,0,11.5,0,0
6897,Nubori Experience,109,12,70.13,2044.97,44.0,0.58,0,3.1,0,0
6898,Kobe Sushi,13,7,13.26,267.4,20.0,0.09,0,0.5,0,1
6899,Kobe Sushi,79,5,22.75,430.0,36.0,0.72,0,3.8,1,0
6900,Noe Sushi Bar,51,9,67.05,1854.18,48.0,0.2,1,0.6,1,0
6901,Kobe Sushi,48,7,22.85,590.39,56.0,0.12,0,14.4,0,0
6902,Kobe Sushi,39,7,19.08,466.43,32.0,0.37,0,2.1,0,1
6903,Kobe Sushi,96,5,23.72,295.13,33.0,0.18,1,4.2,0,0
6904,Noe Sushi Bar,67,10,36.27,991.51,31.0,0.47,0,11.7,1,0
6905,Kobe Sushi,94,3,19.05,133.22,37.0,0.54,0,0.5,0,1
6906,Kobe Sushi,58,6,18.44,408.01,79.0,0.3,0,4.6,0,0
6907,Kobe Sushi,84,9,21.02,669.71,76.0,0.56,0,1.5,0,1
6908,Nubori Experience,2,10,52.29,1627.49,30.0,0.31,0,7.5,0,1
6909,Nubori Experience,114,3,67.73,330.05,57.0,0.14,0,0.5,0,1
6910,Noe Sushi Bar,25,9,53.39,1629.09,36.0,0.31,0,3.9,0,0
6911,Noe Sushi Bar,11,1,55.74,115.4,39.0,0.37,0,2.2,0,1
6912,Nubori Experience,1,5,57.58,492.0,55.0,0.31,0,5.7,0,1
6913,Kobe Sushi,48,4,17.89,175.71,67.0,0.51,0,27.7,0,0
6914,Kobe Sushi,113,5,17.47,273.79,50.0,0.54,0,8.9,0,1
6915,Kobe Sushi,48,7,13.44,370.44,42.0,0.39,0,0.7,0,0
6916,Kobe Sushi,10,8,17.98,411.01,38.0,0.22,0,4.1,0,0
6917,Kobe Sushi,81,8,17.08,235.6,32.0,0.26,0,24.9,1,0
6918,Nubori Experience,30,5,93.21,1719.89,64.0,0.25,0,6.6,0,1
6919,Noe Sushi Bar,35,5,50.66,557.54,50.0,0.24,0,1.7,0,0
6920,Noe Sushi Bar,114,7,26.46,293.13,20.0,0.34,0,0.5,1,0
6921,Nubori Experience,19,6,59.16,813.63,21.0,0.24,0,20.1,1,0
6922,Kobe Sushi,110,6,18.16,208.06,35.0,0.55,0,5.9,0,0
6923,Kobe Sushi,53,6,19.53,453.12,52.0,0.25,1,0.5,0,1
6924,Noe Sushi Bar,34,4,13.54,141.09,49.0,0.06,0,11.3,0,1
6925,Noe Sushi Bar,32,7,47.93,1010.12,36.0,0.29,0,20.4,0,0
6926,Kobe Sushi,76,6,15.67,284.32,26.0,0.39,0,25.3,0,0
6927,Noe Sushi Bar,107,2,51.75,364.02,71.0,0.53,0,4.7,1,0
6928,Noe Sushi Bar,81,7,62.89,1741.97,28.0,0.2,0,0.5,0,0
6929,Noe Sushi Bar,6,9,48.73,714.38,20.0,0.16,0,2.4,0,0
6930,Noe Sushi Bar,115,5,36.34,455.03,30.0,0.3,0,1.5,0,0
6931,Kobe Sushi,13,6,15.75,287.02,38.0,0.16,0,5.7,0,1
6932,Kobe Sushi,103,6,21.33,219.71,56.0,0.46,0,20.7,0,1
6933,Noe Sushi Bar,86,8,50.16,1277.22,41.0,0.18,0,3.6,0,1
6934,Kobe Sushi,75,7,17.84,317.87,58.0,0.22,0,9.5,0,0
6935,Nubori Experience,64,4,49.85,534.78,32.0,0.14,0,0.5,0,0
6936,Noe Sushi Bar,7,6,58.0,526.21,34.0,0.34,1,19.7,0,0
6937,Kobe Sushi,45,6,16.58,183.3,67.0,0.19,0,2.0,0,0
6938,Chef Choy,45,8,24.88,720.65,32.0,0.55,0,1.1,1,0
6939,Noe Sushi Bar,85,7,16.1,371.39,50.0,0.33,0,0.5,0,1
6940,Kobe Sushi,65,9,12.16,177.12,57.0,0.17,0,1.5,0,0
6941,Nubori Experience,94,8,105.36,2671.26,39.0,0.02,0,1.3,0,1
6942,Nubori Experience,19,6,64.03,980.01,46.0,0.21,0,23.7,0,0
6943,Noe Sushi Bar,115,2,51.1,247.74,39.0,0.33,0,0.7,0,0
6944,Kobe Sushi,119,7,21.17,328.77,71.0,0.18,0,1.9,1,1
6945,Noe Sushi Bar,47,3,60.16,701.26,29.0,0.17,0,0.9,1,0
6946,Chef Choy,46,5,16.6,214.29,54.0,0.47,0,0.5,1,0
6947,Kobe Sushi,29,5,17.71,281.08,31.0,0.61,0,1.3,0,1
6948,Kobe Sushi,99,9,23.46,469.56,20.0,0.15,0,3.3,0,0
6949,Nubori Experience,117,6,53.9,1192.74,55.0,0.39,1,1.0,1,0
6950,Kobe Sushi,84,5,22.72,304.34,29.0,0.64,0,4.7,0,0
6951,Chef Choy,100,7,22.46,399.28,54.0,0.39,0,3.6,0,1
6952,Noe Sushi Bar,61,9,61.94,991.4,40.0,0.1,3,8.5,0,0
6953,Noe Sushi Bar,103,7,46.34,1296.62,52.0,0.42,0,11.8,0,0
6954,Kobe Sushi,65,10,10.0,355.56,73.0,0.27,1,1.6,0,0
6955,Nubori Experience,23,7,55.69,694.79,92.0,0.25,0,17.3,1,0
6956,Kobe Sushi,95,9,15.39,339.25,50.0,0.63,0,1.3,1,0
6957,Noe Sushi Bar,120,5,55.16,1090.59,43.0,0.34,1,18.6,1,0
6958,Noe Sushi Bar,51,4,42.19,265.96,51.0,0.17,0,3.0,0,1
6959,Noe Sushi Bar,63,7,51.49,563.4,56.0,0.66,1,9.3,0,0
6960,Nubori Experience,99,5,57.53,646.84,37.0,0.45,0,1.7,0,1
6961,Noe Sushi Bar,116,6,49.97,915.57,72.0,0.44,0,8.5,0,1
6962,Kobe Sushi,111,4,23.26,145.08,43.0,0.16,0,7.7,0,0
6963,Nubori Experience,109,3,53.02,596.66,61.0,0.33,0,2.8,1,0
6964,Noe Sushi Bar,22,4,52.99,464.71,54.0,0.52,0,3.9,0,0
6965,Kobe Sushi,110,4,15.88,126.26,51.0,0.23,0,2.2,0,1
6966,Kobe Sushi,71,4,18.71,225.78,39.0,0.35,0,0.5,0,1
6967,Nubori Experience,33,11,61.51,1943.13,61.0,0.48,0,0.6,0,0
6968,Kobe Sushi,109,4,17.91,122.82,32.0,0.32,0,5.8,1,0
6969,Noe Sushi Bar,100,6,31.94,344.57,29.0,0.38,0,1.3,0,1
6970,Noe Sushi Bar,44,6,43.44,440.24,20.0,0.09,0,3.2,0,0
6971,Kobe Sushi,7,8,20.67,393.14,42.0,0.28,0,4.9,0,1
6972,Noe Sushi Bar,91,7,36.28,992.6,45.0,0.09,1,2.9,0,0
6973,Kobe Sushi,2,10,17.0,631.66,53.0,0.34,1,0.7,0,1
6974,Noe Sushi Bar,17,4,62.14,526.43,54.0,0.09,2,2.3,0,1
6975,Noe Sushi Bar,65,7,35.28,766.53,40.0,0.19,1,6.4,0,1
6976,Noe Sushi Bar,58,8,39.11,894.92,28.0,0.2,1,3.0,1,0
6977,Noe Sushi Bar,110,5,43.61,636.55,84.0,0.33,0,17.5,0,0
6978,Nubori Experience,30,8,56.02,1122.89,30.0,0.55,0,1.8,1,0
6979,Chef Choy,86,5,22.08,387.03,79.0,0.44,2,0.5,1,0
6980,Kobe Sushi,92,8,16.81,248.3,44.0,0.24,1,0.5,0,1
6981,Kobe Sushi,117,7,10.96,268.14,34.0,0.45,0,0.5,1,0
6982,Noe Sushi Bar,97,6,38.73,654.65,58.0,0.43,1,9.2,0,0
6983,Nubori Experience,26,6,81.6,1813.16,39.0,0.21,0,1.8,0,1
6984,Nubori Experience,35,12,98.38,1785.33,20.0,0.65,3,6.3,0,0
6985,Nubori Experience,63,6,77.94,924.88,48.0,0.43,0,4.2,0,1
6986,Kobe Sushi,75,5,15.37,283.29,43.0,0.45,0,0.9,0,0
6987,Noe Sushi Bar,71,3,52.88,564.19,45.0,0.51,0,5.0,1,0
6988,Noe Sushi Bar,28,3,50.52,528.87,60.0,0.16,0,6.7,0,1
6989,Kobe Sushi,25,5,15.87,175.28,42.0,0.28,0,1.4,0,1
6990,Kobe Sushi,61,7,16.09,356.02,57.0,0.19,3,2.8,0,0
6991,Nubori Experience,105,6,72.81,1361.69,58.0,0.32,0,3.8,1,1
6992,Kobe Sushi,31,7,22.13,369.03,49.0,0.18,0,7.1,0,0
6993,Kobe Sushi,54,6,14.73,261.83,36.0,0.29,2,1.0,0,1
6994,Kobe Sushi,67,8,22.47,397.23,65.0,0.25,0,0.5,0,1
6995,Nubori Experience,97,8,89.75,1472.97,23.0,0.17,0,2.8,1,0
6996,Noe Sushi Bar,51,3,53.27,440.23,54.0,0.46,0,2.9,0,0
6997,Noe Sushi Bar,58,11,44.87,1198.35,20.0,0.17,0,2.5,0,1
6998,Nubori Experience,34,7,74.63,1536.92,27.0,0.35,1,6.0,0,1
6999,Kobe Sushi,59,7,15.1,311.24,66.0,0.39,1,3.4,1,0
7000,Noe Sushi Bar,21,6,56.18,1305.04,55.0,0.53,0,0.5,0,1
7001,Kobe Sushi,56,6,16.56,387.74,54.0,0.4,0,1.6,1,0
7002,Kobe Sushi,37,11,22.2,923.08,63.0,0.21,0,5.4,1,0
7003,Nubori Experience,64,4,47.37,499.71,48.0,0.33,0,2.3,1,0
7004,Chef Choy,113,8,17.93,556.91,34.0,0.33,0,2.9,0,0
7005,Kobe Sushi,19,6,14.37,163.26,33.0,0.18,0,6.4,0,0
7006,Kobe Sushi,101,6,23.41,363.37,64.0,0.68,0,0.5,0,1
7007,Noe Sushi Bar,119,5,50.27,522.29,60.0,0.12,0,4.8,1,0
7008,Kobe Sushi,85,4,19.42,310.7,62.0,0.16,0,4.0,1,0
7009,Kobe Sushi,78,7,16.31,266.55,62.0,0.17,0,0.9,0,1
7010,Kobe Sushi,74,9,16.99,587.07,37.0,0.68,0,24.4,0,0
7011,Kobe Sushi,53,6,20.64,312.73,44.0,0.25,0,3.9,1,0
7012,Nubori Experience,71,6,50.71,862.89,47.0,0.17,0,17.9,1,0
7013,Kobe Sushi,93,7,10.0,234.58,41.0,0.42,1,8.0,0,1
7014,Kobe Sushi,63,3,18.74,190.75,42.0,0.54,0,6.1,0,1
7015,Noe Sushi Bar,104,5,42.35,445.42,51.0,0.26,1,15.8,1,0
7016,Nubori Experience,62,8,60.45,876.13,29.0,0.44,0,9.4,0,1
7017,Kobe Sushi,72,8,14.35,301.21,40.0,0.06,1,10.8,1,0
7018,Kobe Sushi,103,8,14.15,179.87,29.0,0.57,0,9.1,0,1
7019,Kobe Sushi,77,4,18.8,247.62,39.0,0.12,3,10.9,1,0
7020,Noe Sushi Bar,110,8,34.63,588.31,43.0,0.44,0,8.0,0,0
7021,Noe Sushi Bar,19,8,44.65,964.26,57.0,0.47,0,3.1,0,1
7022,Nubori Experience,75,4,76.51,1084.61,56.0,0.03,1,0.5,1,0
7023,Nubori Experience,2,2,75.16,412.26,55.0,0.14,0,0.5,1,0
7024,Chef Choy,113,4,24.95,378.98,66.0,0.11,0,5.8,1,0
7025,Noe Sushi Bar,6,5,32.88,589.59,30.0,0.49,0,6.9,0,0
7026,Noe Sushi Bar,29,7,50.85,952.75,62.0,0.26,0,8.9,0,1
7027,Kobe Sushi,41,5,20.13,168.36,20.0,0.13,0,17.9,0,0
7028,Nubori Experience,51,7,27.76,697.63,44.0,0.47,1,5.8,1,0
7029,Kobe Sushi,5,7,16.98,331.04,55.0,0.25,0,7.7,0,0
7030,Kobe Sushi,41,5,17.79,155.45,40.0,0.21,0,0.9,0,1
7031,Noe Sushi Bar,62,5,51.21,734.6,33.0,0.12,0,4.6,0,1
7032,Kobe Sushi,30,7,24.46,302.88,68.0,0.66,0,2.2,0,1
7033,Noe Sushi Bar,103,9,35.88,733.32,66.0,0.34,0,6.0,0,1
7034,Noe Sushi Bar,62,8,45.34,1296.44,46.0,0.15,0,8.7,0,0
7035,Noe Sushi Bar,100,11,33.54,1277.77,51.0,0.4,1,4.0,1,0
7036,Nubori Experience,27,4,64.94,563.22,47.0,0.23,0,0.8,0,0
7037,Kobe Sushi,50,5,12.28,197.24,22.0,0.28,2,9.4,0,0
7038,Noe Sushi Bar,82,3,48.38,369.26,52.0,0.16,0,2.6,1,0
7039,Noe Sushi Bar,52,7,34.17,449.03,21.0,0.41,0,8.1,0,1
7040,Noe Sushi Bar,49,3,31.08,210.22,27.0,0.34,0,11.6,1,0
7041,Chef Choy,62,5,24.38,399.0,20.0,0.71,0,5.8,0,0
7042,Kobe Sushi,100,2,20.6,102.04,34.0,0.44,1,1.2,1,0
7043,Noe Sushi Bar,60,5,40.41,762.82,50.0,0.29,0,3.0,0,1
7044,Kobe Sushi,118,5,12.15,95.83,49.0,0.2,0,2.4,0,0
7045,Nubori Experience,80,7,51.4,861.38,52.0,0.26,0,8.9,0,0
7046,Kobe Sushi,54,7,16.7,211.99,36.0,0.39,0,1.2,0,0
7047,Noe Sushi Bar,119,8,51.6,716.53,26.0,0.21,0,2.7,1,0
7048,Kobe Sushi,5,5,18.76,181.36,36.0,0.2,0,1.0,0,0
7049,Kobe Sushi,9,5,18.99,209.66,20.0,0.31,0,3.0,0,1
7050,Noe Sushi Bar,34,11,37.79,888.33,43.0,0.31,0,0.5,0,0
7051,Nubori Experience,98,3,58.92,302.07,45.0,0.15,2,1.5,1,0
7052,Noe Sushi Bar,36,6,51.15,1100.58,53.0,0.46,0,11.2,0,0
7053,Nubori Experience,95,5,82.56,703.31,73.0,0.28,0,3.9,0,1
7054,Noe Sushi Bar,116,5,58.13,857.56,59.0,0.18,0,0.7,0,1
7055,Noe Sushi Bar,20,7,28.26,780.57,37.0,0.51,0,0.5,0,0
7056,Kobe Sushi,81,8,15.16,273.94,37.0,0.26,0,1.3,0,0
7057,Nubori Experience,84,6,41.98,812.41,36.0,0.53,1,6.6,0,1
7058,Kobe Sushi,92,3,10.0,69.56,39.0,0.45,0,0.9,0,0
7059,Nubori Experience,85,6,59.05,1071.78,58.0,0.39,0,0.8,1,0
7060,Nubori Experience,83,11,93.96,2385.48,66.0,0.09,0,3.8,1,0
7061,Nubori Experience,63,6,92.6,1660.54,28.0,0.29,0,2.5,0,0
7062,Noe Sushi Bar,67,7,49.41,539.15,41.0,0.16,0,0.5,1,0
7063,Noe Sushi Bar,30,1,48.69,114.85,50.0,0.6,1,30.0,0,1
7064,Chef Choy,69,4,19.51,278.67,31.0,0.11,0,11.6,1,0
7065,Kobe Sushi,106,11,26.93,705.94,38.0,0.39,0,0.9,1,0
7066,Noe Sushi Bar,70,5,67.73,687.16,35.0,0.18,0,1.4,0,0
7067,Kobe Sushi,3,5,23.21,184.24,72.0,0.38,0,7.7,0,1
7068,Noe Sushi Bar,49,9,47.4,1095.06,26.0,0.41,0,6.3,0,1
7069,Kobe Sushi,42,7,15.11,260.27,49.0,0.18,0,5.2,0,1
7070,Kobe Sushi,24,4,18.95,224.32,73.0,0.06,0,2.8,1,0
7071,Kobe Sushi,44,6,10.8,191.77,23.0,0.27,3,6.1,0,0
7072,Noe Sushi Bar,1,9,41.27,896.54,69.0,0.64,1,10.3,0,1
7073,Noe Sushi Bar,114,9,45.11,1057.98,41.0,0.91,0,25.6,0,0
7074,Kobe Sushi,115,5,16.67,327.55,36.0,0.18,0,2.1,0,1
7075,Noe Sushi Bar,54,5,37.91,555.85,20.0,0.12,0,4.3,0,0
7076,Kobe Sushi,52,8,15.56,426.74,20.0,0.29,0,7.9,0,0
7077,Noe Sushi Bar,36,4,45.9,532.8,41.0,0.46,0,4.5,0,1
7078,Noe Sushi Bar,79,6,46.67,917.42,24.0,0.58,0,1.8,1,0
7079,Noe Sushi Bar,105,5,61.54,1151.29,41.0,0.43,0,7.8,0,1
7080,Noe Sushi Bar,38,4,53.35,775.18,56.0,0.39,0,9.2,0,0
7081,Kobe Sushi,44,3,20.23,165.3,42.0,0.3,0,3.0,0,1
7082,Chef Choy,82,3,16.7,179.23,58.0,0.37,0,2.8,0,0
7083,Noe Sushi Bar,87,7,46.72,1156.69,34.0,0.04,0,4.9,1,0
7084,Noe Sushi Bar,47,7,33.24,573.24,30.0,0.34,0,0.5,1,0
7085,Noe Sushi Bar,29,5,34.48,466.4,51.0,0.34,0,6.3,1,0
7086,Kobe Sushi,51,2,19.15,58.92,51.0,0.34,0,1.6,0,1
7087,Noe Sushi Bar,41,7,39.37,541.55,43.0,0.57,0,13.6,0,0
7088,Noe Sushi Bar,86,9,49.49,1011.6,51.0,0.26,0,2.0,0,1
7089,Kobe Sushi,64,4,18.07,255.74,48.0,0.12,0,1.7,0,1
7090,Kobe Sushi,88,7,16.41,398.31,42.0,0.49,0,5.1,0,0
7091,Kobe Sushi,109,5,16.52,129.87,35.0,0.39,0,1.1,1,0
7092,Nubori Experience,48,3,68.58,663.05,45.0,0.46,0,7.3,0,0
7093,Noe Sushi Bar,77,3,48.34,499.9,52.0,0.24,1,5.6,1,0
7094,Kobe Sushi,97,5,21.87,302.05,20.0,0.34,0,2.0,0,1
7095,Kobe Sushi,114,11,26.13,1077.89,44.0,0.04,1,4.9,1,0
7096,Noe Sushi Bar,22,5,62.85,853.63,51.0,0.34,0,5.6,0,1
7097,Nubori Experience,99,4,63.15,654.87,55.0,0.3,0,5.5,0,0
7098,Kobe Sushi,17,5,26.56,483.64,41.0,0.27,0,11.2,0,0
7099,Kobe Sushi,86,7,21.61,288.31,61.0,0.38,0,14.4,0,0
7100,Nubori Experience,5,2,60.97,323.68,45.0,0.32,1,6.0,0,0
7101,Kobe Sushi,61,5,15.53,287.67,39.0,0.27,0,14.4,0,0
7102,Kobe Sushi,89,6,16.66,211.56,42.0,0.32,1,0.5,1,0
7103,Nubori Experience,6,8,75.05,1370.48,42.0,0.29,2,8.1,0,1
7104,Noe Sushi Bar,53,8,61.43,1949.49,57.0,0.71,0,5.1,1,0
7105,Kobe Sushi,81,6,20.5,233.1,31.0,0.12,0,0.7,0,0
7106,Kobe Sushi,95,2,18.41,85.82,63.0,0.11,0,17.7,1,0
7107,Kobe Sushi,17,7,26.12,643.68,52.0,0.05,0,6.0,0,1
7108,Kobe Sushi,59,8,19.42,413.54,44.0,0.35,1,13.7,1,0
7109,Nubori Experience,97,6,82.03,1312.36,43.0,0.53,0,12.4,0,0
7110,Noe Sushi Bar,39,7,42.27,665.17,44.0,0.32,0,4.1,0,0
7111,Noe Sushi Bar,54,3,35.51,375.95,33.0,0.34,3,1.8,1,0
7112,Nubori Experience,48,9,59.69,1051.58,57.0,0.41,0,4.2,0,1
7113,Noe Sushi Bar,37,9,33.88,817.16,65.0,0.46,1,1.2,0,0
7114,Kobe Sushi,48,7,23.61,401.43,38.0,0.21,0,1.3,1,0
7115,Noe Sushi Bar,68,5,50.04,597.8,21.0,0.37,0,1.0,1,0
7116,Nubori Experience,107,9,47.67,1658.21,37.0,0.36,0,0.6,0,1
7117,Nubori Experience,78,7,61.39,700.01,59.0,0.78,0,0.5,0,0
7118,Kobe Sushi,77,2,19.14,64.43,54.0,0.18,0,28.1,0,0
7119,Noe Sushi Bar,27,4,29.74,333.76,53.0,0.15,1,3.4,0,1
7120,Noe Sushi Bar,88,4,53.28,754.86,62.0,0.25,3,15.3,1,0
7121,Nubori Experience,27,5,69.48,667.36,40.0,0.12,0,8.0,0,1
7122,Kobe Sushi,72,9,25.4,487.66,36.0,0.13,0,3.2,0,0
7123,Noe Sushi Bar,117,3,41.53,322.79,23.0,0.05,0,0.5,0,0
7124,Nubori Experience,63,6,82.62,1514.71,39.0,0.48,0,1.9,0,0
7125,Noe Sushi Bar,52,5,43.43,786.93,45.0,0.3,1,11.0,0,0
7126,Noe Sushi Bar,47,10,58.49,1456.53,20.0,0.11,0,7.5,0,0
7127,Kobe Sushi,114,8,18.15,385.2,63.0,0.52,0,5.7,1,0
7128,Kobe Sushi,103,5,21.21,290.74,65.0,0.34,0,0.5,0,1
7129,Kobe Sushi,21,8,18.07,313.24,50.0,0.86,0,6.6,0,0
7130,Nubori Experience,115,3,80.91,679.75,32.0,0.15,0,2.5,0,0
7131,Kobe Sushi,57,5,15.19,227.63,56.0,0.31,0,2.4,0,0
7132,Noe Sushi Bar,105,5,49.97,418.51,46.0,0.64,0,2.3,1,0
7133,Noe Sushi Bar,75,8,52.98,796.78,63.0,0.23,0,0.5,0,0
7134,Kobe Sushi,95,13,16.51,333.46,48.0,0.52,0,4.8,0,0
7135,Noe Sushi Bar,91,6,31.25,491.91,73.0,0.25,0,8.6,0,0
7136,Noe Sushi Bar,42,4,63.89,522.02,64.0,0.25,0,19.8,0,0
7137,Nubori Experience,110,6,90.04,2146.53,50.0,0.18,2,7.1,1,0
7138,Noe Sushi Bar,48,2,36.83,227.67,64.0,0.61,0,9.6,1,0
7139,Noe Sushi Bar,27,6,44.48,858.95,40.0,0.21,0,3.9,0,1
7140,Kobe Sushi,72,4,11.31,91.26,47.0,0.04,2,22.4,1,0
7141,Nubori Experience,33,7,90.52,1095.94,90.0,0.62,1,6.0,0,1
7142,Kobe Sushi,76,4,26.23,329.1,20.0,0.38,1,8.2,0,0
7143,Chef Choy,35,4,24.12,372.58,32.0,0.57,0,2.2,1,0
7144,Kobe Sushi,98,7,10.8,276.2,74.0,0.46,0,13.7,1,0
7145,Nubori Experience,16,4,64.33,779.42,28.0,0.56,1,7.1,0,1
7146,Noe Sushi Bar,36,7,58.4,1436.42,53.0,0.42,1,6.7,1,1
7147,Chef Choy,66,8,24.05,418.7,44.0,0.78,3,4.8,0,1
7148,Kobe Sushi,76,7,12.01,216.3,42.0,0.19,0,7.7,1,1
7149,Noe Sushi Bar,91,3,37.76,304.63,39.0,0.07,0,6.0,1,0
7150,Noe Sushi Bar,56,7,52.51,1413.93,67.0,0.37,0,11.3,1,0
7151,Chef Choy,17,6,28.41,503.59,38.0,0.27,0,5.6,0,0
7152,Kobe Sushi,20,4,16.83,112.09,51.0,0.21,0,18.0,0,1
7153,Nubori Experience,85,8,40.07,1032.11,37.0,0.1,0,2.0,1,1
7154,Nubori Experience,94,5,63.3,476.78,35.0,0.51,0,6.1,0,0
7155,Kobe Sushi,106,8,21.57,268.61,42.0,0.51,0,25.1,1,0
7156,Nubori Experience,84,8,52.95,743.66,44.0,0.6,1,13.4,1,0
7157,Noe Sushi Bar,8,7,37.86,934.47,20.0,0.25,0,2.4,0,1
7158,Noe Sushi Bar,18,3,34.97,240.25,47.0,0.11,0,1.0,0,0
7159,Kobe Sushi,18,6,16.86,347.78,33.0,0.6,0,4.0,0,1
7160,Noe Sushi Bar,18,6,46.75,630.62,24.0,0.45,0,9.5,0,0
7161,Noe Sushi Bar,2,7,56.54,656.49,92.0,0.25,0,0.5,1,0
7162,Noe Sushi Bar,76,7,25.42,624.66,51.0,0.49,0,10.4,1,1
7163,Noe Sushi Bar,96,10,64.5,2014.81,54.0,0.41,0,8.1,0,0
7164,Noe Sushi Bar,106,5,43.19,591.38,38.0,0.41,0,2.1,0,0
7165,Noe Sushi Bar,72,2,58.21,302.25,39.0,0.13,0,8.6,0,1
7166,Kobe Sushi,51,5,17.66,256.42,46.0,0.11,0,5.6,1,0
7167,Nubori Experience,10,7,63.84,699.72,63.0,0.41,0,0.7,1,0
7168,Noe Sushi Bar,75,9,46.94,1532.33,44.0,0.41,0,16.1,0,0
7169,Kobe Sushi,14,6,27.87,313.48,32.0,0.25,0,3.1,0,0
7170,Kobe Sushi,26,6,15.45,334.16,69.0,0.16,0,9.1,1,0
7171,Noe Sushi Bar,47,10,64.45,1634.84,51.0,0.35,0,13.6,0,1
7172,Nubori Experience,30,4,69.84,895.42,45.0,0.38,0,1.4,0,1
7173,Kobe Sushi,56,8,16.35,419.32,20.0,0.38,1,7.5,1,0
7174,Noe Sushi Bar,119,8,30.09,403.41,43.0,0.11,0,0.5,1,0
7175,Kobe Sushi,42,3,16.56,85.86,58.0,0.19,0,3.6,1,0
7176,Noe Sushi Bar,4,6,47.48,987.04,59.0,0.3,0,4.9,0,1
7177,Nubori Experience,103,7,79.29,1094.66,47.0,0.37,2,5.9,1,0
7178,Chef Choy,11,4,36.98,335.27,40.0,0.04,0,1.7,0,1
7179,Kobe Sushi,24,7,15.3,309.81,34.0,0.2,0,5.2,0,0
7180,Noe Sushi Bar,118,8,34.86,761.15,74.0,0.35,0,15.0,1,0
7181,Kobe Sushi,86,6,17.66,343.08,50.0,0.6,0,4.7,0,1
7182,Noe Sushi Bar,67,5,41.48,521.5,63.0,0.26,0,3.9,0,0
7183,Chef Choy,37,4,30.78,193.62,59.0,0.42,0,2.6,1,0
7184,Chef Choy,2,4,20.68,226.15,42.0,0.11,0,0.5,0,1
7185,Kobe Sushi,12,3,19.26,222.28,58.0,0.12,0,1.7,0,1
7186,Nubori Experience,21,4,67.34,653.1,74.0,0.55,0,13.8,1,0
7187,Noe Sushi Bar,69,4,67.49,836.79,34.0,0.25,0,3.9,0,1
7188,Kobe Sushi,71,5,12.22,241.92,38.0,0.26,0,2.0,1,0
7189,Noe Sushi Bar,64,5,40.19,671.93,66.0,0.43,0,2.0,1,0
7190,Noe Sushi Bar,68,9,46.7,647.87,49.0,0.19,1,14.5,1,0
7191,Noe Sushi Bar,43,5,52.5,760.97,52.0,0.15,0,1.5,0,1
7192,Noe Sushi Bar,54,8,55.95,1183.85,43.0,0.16,3,1.2,1,0
7193,Noe Sushi Bar,105,6,50.09,1156.54,33.0,0.54,0,0.5,0,1
7194,Kobe Sushi,100,4,24.93,360.9,24.0,0.25,0,7.1,1,0
7195,Nubori Experience,62,5,66.18,1110.25,27.0,0.52,1,13.1,0,1
7196,Noe Sushi Bar,86,10,53.53,1336.79,51.0,0.25,0,4.3,0,0
7197,Kobe Sushi,93,6,24.42,383.72,60.0,0.4,0,1.7,1,0
7198,Chef Choy,73,11,17.8,674.71,42.0,0.39,1,3.0,1,0
7199,Nubori Experience,90,7,51.91,800.16,20.0,0.11,0,4.0,0,0
7200,Nubori Experience,12,8,77.96,1399.45,51.0,0.39,0,1.5,0,0
7201,Kobe Sushi,112,3,30.09,197.93,79.0,0.43,1,12.0,0,0
7202,Kobe Sushi,1,5,24.47,409.34,50.0,0.79,0,13.3,0,0
7203,Noe Sushi Bar,72,3,58.51,422.26,43.0,0.04,0,17.7,0,0
7204,Kobe Sushi,33,5,15.14,289.05,25.0,0.64,0,1.7,1,0
7205,Nubori Experience,64,5,74.08,1436.86,44.0,0.1,0,1.3,0,1
7206,Kobe Sushi,116,4,13.09,102.84,47.0,0.43,0,1.6,1,0
7207,Kobe Sushi,115,1,10.0,29.97,55.0,0.56,0,7.4,0,0
7208,Noe Sushi Bar,68,3,52.03,466.18,20.0,0.16,0,8.8,0,1
7209,Kobe Sushi,14,11,13.5,381.54,48.0,0.39,1,7.8,0,1
7210,Chef Choy,119,5,23.51,273.66,42.0,0.26,0,22.6,1,0
7211,Noe Sushi Bar,93,5,45.22,875.42,90.0,0.35,0,10.2,0,1
7212,Kobe Sushi,14,6,16.28,204.37,32.0,0.12,0,6.8,0,0
7213,Kobe Sushi,9,10,21.65,783.28,33.0,0.26,0,22.4,0,0
7214,Noe Sushi Bar,73,5,50.43,643.19,38.0,0.37,0,10.0,0,1
7215,Kobe Sushi,26,4,17.05,204.72,56.0,0.55,0,0.5,1,0
7216,Noe Sushi Bar,49,11,23.6,961.57,48.0,0.09,1,9.6,0,1
7217,Noe Sushi Bar,111,11,35.26,1109.25,34.0,0.55,0,12.2,0,0
7218,Noe Sushi Bar,106,4,41.39,390.3,63.0,0.39,0,1.6,1,0
7219,Nubori Experience,17,8,60.35,1601.87,20.0,0.27,0,10.1,0,0
7220,Nubori Experience,105,5,94.48,962.2,34.0,0.12,1,1.2,1,0
7221,Nubori Experience,68,3,74.98,587.24,38.0,0.81,0,5.0,1,0
7222,Kobe Sushi,60,5,21.9,286.07,38.0,0.03,0,8.5,0,0
7223,Kobe Sushi,110,12,20.55,926.69,48.0,0.41,0,3.9,0,0
7224,Kobe Sushi,3,5,18.73,293.7,32.0,0.1,0,0.5,0,1
7225,Nubori Experience,93,6,73.47,1626.47,55.0,0.39,3,8.0,1,0
7226,Nubori Experience,25,4,62.6,480.51,74.0,0.31,0,6.9,0,1
7227,Nubori Experience,21,6,70.95,1157.64,53.0,0.29,0,1.2,0,1
7228,Kobe Sushi,12,8,20.41,287.43,57.0,0.24,2,6.2,0,0
7229,Nubori Experience,54,1,76.52,283.92,35.0,0.31,0,1.3,0,0
7230,Noe Sushi Bar,1,6,56.81,1054.64,55.0,0.37,0,4.4,0,0
7231,Kobe Sushi,1,10,21.17,605.92,59.0,0.15,0,6.7,0,1
7232,Noe Sushi Bar,45,4,51.81,578.14,52.0,0.84,0,3.6,0,1
7233,Kobe Sushi,46,3,20.38,232.98,49.0,0.63,1,17.2,0,1
7234,Noe Sushi Bar,48,7,43.53,1208.99,46.0,0.84,0,9.2,0,0
7235,Kobe Sushi,7,6,19.68,368.66,60.0,0.05,0,16.1,0,0
7236,Noe Sushi Bar,10,5,50.64,884.92,40.0,0.46,1,1.7,0,1
7237,Noe Sushi Bar,15,5,44.25,775.13,61.0,0.19,0,7.7,0,1
7238,Nubori Experience,40,5,69.88,907.71,53.0,0.11,0,5.7,0,1
7239,Noe Sushi Bar,11,5,44.14,879.38,69.0,0.11,0,3.9,0,0
7240,Noe Sushi Bar,56,6,43.83,995.13,43.0,0.38,0,0.5,0,1
7241,Nubori Experience,46,7,29.21,490.69,39.0,0.19,0,3.1,0,0
7242,Nubori Experience,45,4,67.94,729.9,36.0,0.27,0,0.8,1,0
7243,Kobe Sushi,87,6,25.73,522.16,29.0,0.3,1,6.9,1,0
7244,Noe Sushi Bar,13,3,42.97,481.37,50.0,0.56,0,0.5,0,0
7245,Kobe Sushi,27,8,20.81,565.52,55.0,0.21,0,2.6,1,0
7246,Kobe Sushi,105,7,26.04,658.14,22.0,0.28,0,2.2,1,0
7247,Noe Sushi Bar,81,3,35.43,188.02,55.0,0.48,0,11.1,0,0
7248,Nubori Experience,50,7,37.88,701.73,55.0,0.29,1,0.5,0,1
7249,Kobe Sushi,61,4,17.97,115.2,45.0,0.45,0,7.4,0,0
7250,Nubori Experience,115,5,76.4,1222.36,29.0,0.3,0,8.5,0,0
7251,Nubori Experience,13,12,65.91,2991.72,33.0,0.42,1,1.6,0,1
7252,Nubori Experience,12,5,95.42,1507.08,34.0,0.43,0,0.5,0,1
7253,Kobe Sushi,29,7,23.28,544.99,26.0,0.24,0,4.0,0,1
7254,Nubori Experience,85,4,77.16,1060.27,40.0,0.27,0,2.5,0,1
7255,Kobe Sushi,84,3,19.88,218.09,60.0,0.38,0,5.1,1,0
7256,Noe Sushi Bar,20,7,13.58,172.49,37.0,0.37,0,3.2,1,0
7257,Kobe Sushi,31,11,18.53,790.23,37.0,0.52,3,3.9,1,0
7258,Kobe Sushi,8,4,21.48,274.01,27.0,0.3,0,0.7,0,0
7259,Noe Sushi Bar,24,5,39.56,302.75,60.0,0.1,0,6.2,0,0
7260,Noe Sushi Bar,75,5,32.5,449.79,36.0,0.29,0,3.5,0,1
7261,Kobe Sushi,39,1,24.51,56.21,42.0,0.33,0,1.2,0,0
7262,Kobe Sushi,33,5,20.51,171.3,30.0,0.54,0,1.1,0,1
7263,Noe Sushi Bar,42,11,59.75,1836.51,50.0,0.64,0,10.8,0,1
7264,Kobe Sushi,15,8,15.89,211.16,42.0,0.56,0,6.3,0,1
7265,Nubori Experience,68,7,73.09,985.98,72.0,0.03,0,3.3,1,0
7266,Kobe Sushi,65,7,29.45,341.46,34.0,0.89,0,2.5,0,0
7267,Kobe Sushi,32,9,23.61,617.9,55.0,0.25,0,7.0,1,0
7268,Kobe Sushi,11,7,13.96,166.33,54.0,0.36,0,14.5,0,0
7269,Noe Sushi Bar,94,4,59.14,703.09,77.0,0.06,0,11.7,0,1
7270,Kobe Sushi,37,4,20.2,256.76,71.0,0.42,1,6.1,1,0
7271,Kobe Sushi,19,3,11.12,110.51,37.0,0.16,0,3.1,0,0
7272,Nubori Experience,51,4,47.55,628.74,46.0,0.39,0,4.5,0,0
7273,Noe Sushi Bar,100,6,47.06,1035.43,47.0,0.41,0,6.2,0,0
7274,Kobe Sushi,34,8,21.12,599.13,26.0,0.13,0,3.1,1,0
7275,Noe Sushi Bar,71,8,48.13,1347.08,60.0,0.43,0,2.3,0,1
7276,Nubori Experience,60,5,70.12,692.73,30.0,0.55,0,4.4,1,0
7277,Kobe Sushi,109,1,10.67,26.33,51.0,0.58,0,2.9,0,0
7278,Kobe Sushi,84,4,16.8,132.85,29.0,0.11,0,27.1,0,0
7279,Chef Choy,53,8,32.87,986.6,37.0,0.25,0,7.0,1,0
7280,Noe Sushi Bar,12,8,33.2,617.06,51.0,0.08,1,0.9,0,1
7281,Noe Sushi Bar,62,5,24.39,385.5,33.0,0.22,0,3.2,0,0
7282,Kobe Sushi,96,7,17.44,322.96,54.0,0.19,2,1.0,1,0
7283,Kobe Sushi,66,6,29.13,477.41,77.0,0.68,0,17.6,0,1
7284,Noe Sushi Bar,86,2,37.8,293.19,59.0,0.05,0,4.7,0,0
7285,Kobe Sushi,105,6,16.47,237.57,41.0,0.54,2,3.9,0,0
7286,Noe Sushi Bar,48,6,53.92,602.85,82.0,0.58,0,0.5,0,0
7287,Noe Sushi Bar,40,5,43.3,674.3,65.0,0.44,0,9.9,0,0
7288,Kobe Sushi,24,11,20.87,651.25,36.0,0.67,0,24.3,0,1
7289,Nubori Experience,50,5,62.38,473.55,49.0,0.29,1,4.5,1,0
7290,Nubori Experience,95,3,63.81,595.57,43.0,0.45,0,2.4,0,1
7291,Noe Sushi Bar,68,9,59.36,1294.53,46.0,0.37,0,5.5,0,0
7292,Kobe Sushi,88,5,19.73,184.56,53.0,0.15,0,1.5,1,0
7293,Kobe Sushi,43,6,17.67,217.03,38.0,0.21,0,2.9,1,0
7294,Noe Sushi Bar,17,4,29.31,367.67,32.0,0.4,0,0.5,0,0
7295,Kobe Sushi,104,10,21.57,539.27,46.0,0.24,0,6.8,0,1
7296,Nubori Experience,83,6,55.43,1187.5,65.0,0.07,0,7.5,0,1
7297,Kobe Sushi,104,8,15.96,225.28,41.0,0.03,0,5.4,1,0
7298,Noe Sushi Bar,102,6,50.0,1075.88,32.0,0.25,0,6.4,0,1
7299,Kobe Sushi,55,5,20.43,308.06,21.0,0.49,0,3.1,0,0
7300,Noe Sushi Bar,34,7,38.48,978.84,57.0,0.33,0,2.6,0,0
7301,Kobe Sushi,111,8,12.98,359.2,44.0,0.24,0,0.8,0,1
7302,Noe Sushi Bar,97,4,35.6,433.87,42.0,0.07,1,13.6,1,0
7303,Kobe Sushi,70,4,21.32,255.09,20.0,0.71,1,0.5,1,0
7304,Nubori Experience,60,7,73.68,1060.13,62.0,0.45,0,6.5,0,1
7305,Kobe Sushi,51,9,19.19,370.15,20.0,0.5,0,4.2,0,1
7306,Nubori Experience,100,10,55.81,2110.82,73.0,0.44,0,2.0,1,0
7307,Nubori Experience,77,8,57.71,896.89,29.0,0.08,0,3.6,0,1
7308,Kobe Sushi,111,8,14.39,457.77,69.0,0.54,0,2.0,0,1
7309,Chef Choy,73,2,22.92,163.09,22.0,0.1,0,14.4,0,0
7310,Kobe Sushi,35,3,18.44,166.66,61.0,0.13,0,20.5,0,0
7311,Nubori Experience,34,8,55.47,1589.06,47.0,0.32,1,1.6,0,1
7312,Noe Sushi Bar,16,9,45.93,1099.87,87.0,0.41,0,25.9,0,0
7313,Kobe Sushi,82,12,18.13,741.54,20.0,0.37,1,4.6,1,0
7314,Kobe Sushi,18,4,10.41,85.88,86.0,0.0,0,15.5,0,0
7315,Kobe Sushi,38,4,22.24,174.36,57.0,0.11,0,2.0,0,1
7316,Nubori Experience,114,3,73.59,585.75,74.0,0.56,0,1.2,0,0
7317,Kobe Sushi,43,1,19.32,65.65,68.0,0.03,1,4.0,0,1
7318,Noe Sushi Bar,32,3,58.07,494.15,69.0,0.3,1,6.7,0,0
7319,Noe Sushi Bar,7,5,52.3,870.42,42.0,0.28,0,1.6,0,1
7320,Nubori Experience,87,5,63.98,1165.48,64.0,0.22,0,13.6,1,0
7321,Kobe Sushi,87,6,21.37,345.91,25.0,0.03,0,10.3,1,0
7322,Noe Sushi Bar,46,4,24.7,295.26,37.0,0.42,0,1.9,0,0
7323,Noe Sushi Bar,61,4,21.33,193.83,51.0,0.25,0,0.5,0,0
7324,Noe Sushi Bar,18,7,42.06,990.27,62.0,0.11,0,3.4,0,1
7325,Kobe Sushi,71,6,15.82,350.0,40.0,0.42,0,6.0,1,0
7326,Kobe Sushi,106,4,10.0,84.35,49.0,0.51,0,14.0,0,0
7327,Kobe Sushi,40,3,15.92,143.3,45.0,0.67,1,3.8,0,1
7328,Noe Sushi Bar,88,8,44.38,1111.52,34.0,0.04,0,2.1,0,1
7329,Kobe Sushi,78,7,25.85,329.9,43.0,0.17,0,6.7,0,0
7330,Noe Sushi Bar,50,6,45.77,637.14,47.0,0.5,0,0.5,0,1
7331,Kobe Sushi,5,5,16.19,169.34,26.0,0.61,0,5.5,0,0
7332,Nubori Experience,110,11,70.2,1995.75,84.0,0.45,0,0.5,0,1
7333,Nubori Experience,54,2,66.1,519.77,36.0,0.13,2,0.5,0,0
7334,Noe Sushi Bar,86,5,70.62,949.96,50.0,0.4,0,20.3,0,1
7335,Kobe Sushi,58,6,14.37,157.18,36.0,0.29,0,4.9,0,1
7336,Kobe Sushi,22,7,16.21,418.04,53.0,0.33,0,4.1,0,1
7337,Kobe Sushi,74,4,12.14,134.17,59.0,0.69,3,2.6,1,0
7338,Kobe Sushi,90,6,20.67,490.74,52.0,0.72,0,6.9,0,0
7339,Noe Sushi Bar,79,2,61.33,462.7,41.0,0.29,0,7.6,0,1
7340,Noe Sushi Bar,38,6,59.67,593.7,24.0,0.64,0,5.6,0,1
7341,Nubori Experience,105,7,81.53,1803.26,32.0,0.36,0,12.7,0,1
7342,Kobe Sushi,106,8,20.94,516.62,54.0,0.12,0,7.2,0,1
7343,Noe Sushi Bar,119,6,59.22,536.85,43.0,0.17,0,6.4,1,0
7344,Noe Sushi Bar,49,9,21.22,721.15,54.0,0.35,0,5.5,1,0
7345,Noe Sushi Bar,1,3,32.97,360.32,40.0,0.27,0,3.3,0,0
7346,Kobe Sushi,78,5,23.24,464.62,34.0,0.38,0,5.2,1,0
7347,Noe Sushi Bar,36,8,42.64,565.74,41.0,0.43,0,3.9,0,1
7348,Noe Sushi Bar,95,8,42.04,887.14,30.0,0.27,0,0.5,0,0
7349,Noe Sushi Bar,28,6,34.77,397.85,45.0,0.17,0,6.8,0,1
7350,Nubori Experience,98,5,73.73,1269.02,33.0,0.55,0,3.3,0,0
7351,Kobe Sushi,35,9,24.43,584.85,48.0,0.41,1,5.1,0,1
7352,Kobe Sushi,60,5,16.8,315.63,45.0,0.49,1,14.7,1,0
7353,Noe Sushi Bar,103,6,47.01,969.57,64.0,0.53,0,1.1,1,1
7354,Noe Sushi Bar,62,4,48.49,531.94,72.0,0.57,0,6.3,0,1
7355,Kobe Sushi,87,5,18.28,165.41,68.0,0.2,1,5.4,0,0
7356,Chef Choy,46,8,24.68,586.16,28.0,0.43,0,9.6,0,0
7357,Nubori Experience,108,8,78.38,2011.68,35.0,0.21,1,15.6,1,0
7358,Nubori Experience,83,4,56.97,562.22,34.0,0.44,0,0.5,0,1
7359,Kobe Sushi,82,4,18.95,158.27,52.0,0.2,2,10.4,1,0
7360,Nubori Experience,79,5,52.63,643.26,71.0,0.1,1,3.9,0,0
7361,Noe Sushi Bar,61,11,46.45,1547.13,69.0,0.2,0,14.0,1,0
7362,Noe Sushi Bar,65,5,63.4,999.26,40.0,0.35,0,5.9,1,0
7363,Noe Sushi Bar,89,4,31.14,458.27,35.0,0.02,1,22.3,1,0
7364,Nubori Experience,26,6,67.38,682.78,52.0,0.36,0,22.4,0,1
7365,Noe Sushi Bar,35,7,42.33,967.95,55.0,0.04,0,3.6,0,1
7366,Kobe Sushi,57,8,20.45,614.0,20.0,0.36,0,2.9,0,0
7367,Noe Sushi Bar,79,2,30.99,186.94,28.0,0.19,0,2.3,1,0
7368,Noe Sushi Bar,63,8,27.88,694.42,46.0,0.51,0,2.3,1,0
7369,Kobe Sushi,4,3,22.02,168.17,68.0,0.27,0,0.5,0,0
7370,Nubori Experience,79,7,62.32,1618.54,36.0,0.31,0,8.8,1,0
7371,Noe Sushi Bar,42,5,58.04,844.59,29.0,0.12,0,11.4,0,0
7372,Noe Sushi Bar,102,5,58.53,729.96,62.0,0.49,0,14.3,0,0
7373,Kobe Sushi,45,7,17.53,336.44,49.0,0.73,0,17.7,0,1
7374,Noe Sushi Bar,39,4,45.51,297.32,43.0,0.16,0,0.5,0,0
7375,Kobe Sushi,118,7,25.48,614.28,51.0,0.39,0,7.3,1,0
7376,Kobe Sushi,65,3,23.46,123.14,37.0,0.36,0,4.2,0,1
7377,Noe Sushi Bar,22,9,47.88,1095.34,46.0,0.15,0,20.7,0,1
7378,Noe Sushi Bar,11,7,65.86,1240.66,46.0,0.24,0,0.7,0,0
7379,Noe Sushi Bar,110,7,42.24,933.42,74.0,0.43,0,7.5,1,0
7380,Kobe Sushi,102,6,17.49,254.41,34.0,0.53,1,1.5,1,1
7381,Noe Sushi Bar,37,4,47.87,324.37,45.0,0.16,0,5.0,0,0
7382,Kobe Sushi,115,4,17.22,108.93,33.0,0.28,0,4.9,0,0
7383,Nubori Experience,90,7,77.17,1901.92,52.0,0.33,0,8.3,1,0
7384,Noe Sushi Bar,51,9,26.71,509.69,38.0,0.38,0,3.0,1,0
7385,Noe Sushi Bar,91,6,57.49,682.31,54.0,0.36,3,6.6,0,1
7386,Kobe Sushi,58,6,26.91,546.46,37.0,0.55,0,7.0,1,0
7387,Kobe Sushi,77,5,25.3,338.96,52.0,0.17,0,0.5,1,0
7388,Nubori Experience,7,5,52.66,952.0,58.0,0.15,0,7.3,0,1
7389,Kobe Sushi,8,5,20.54,402.41,43.0,0.25,0,19.9,0,0
7390,Noe Sushi Bar,110,4,35.2,383.71,36.0,0.84,2,1.0,0,1
7391,Noe Sushi Bar,51,4,40.84,311.55,52.0,0.49,0,3.6,1,0
7392,Kobe Sushi,115,6,22.67,351.4,36.0,0.5,1,1.8,0,0
7393,Nubori Experience,23,6,35.1,454.31,48.0,0.4,0,10.9,0,1
7394,Noe Sushi Bar,90,4,40.38,320.93,23.0,0.04,0,5.9,1,0
7395,Kobe Sushi,108,5,25.68,330.62,40.0,0.17,0,15.4,1,0
7396,Kobe Sushi,119,4,20.47,286.04,48.0,0.35,0,7.2,0,1
7397,Kobe Sushi,91,7,19.25,518.68,44.0,0.19,0,22.1,1,0
7398,Nubori Experience,9,8,54.39,1105.74,49.0,0.44,0,7.5,0,0
7399,Noe Sushi Bar,46,6,39.24,501.11,53.0,0.71,1,13.3,0,1
7400,Kobe Sushi,38,10,19.72,301.36,55.0,0.3,0,0.8,0,1
7401,Kobe Sushi,111,8,10.0,194.0,47.0,0.68,0,1.3,1,0
7402,Noe Sushi Bar,13,5,59.25,1008.1,72.0,0.43,0,9.4,0,1
7403,Noe Sushi Bar,7,8,48.62,641.67,30.0,0.33,2,8.3,1,0
7404,Noe Sushi Bar,11,4,62.98,572.97,56.0,0.26,3,1.5,0,1
7405,Kobe Sushi,74,3,19.11,216.57,36.0,0.36,0,2.4,0,1
7406,Kobe Sushi,97,7,17.29,217.08,46.0,0.36,0,3.2,0,0
7407,Noe Sushi Bar,103,4,63.14,643.22,43.0,0.57,0,1.2,1,0
7408,Nubori Experience,50,4,66.69,910.79,20.0,0.37,0,21.6,0,1
7409,Kobe Sushi,119,7,17.25,256.63,36.0,0.26,0,3.6,1,0
7410,Noe Sushi Bar,67,9,50.65,1576.17,30.0,0.66,0,30.0,1,0
7411,Noe Sushi Bar,41,3,52.02,616.39,35.0,0.47,0,6.3,0,0
7412,Noe Sushi Bar,29,6,56.51,572.15,30.0,0.45,0,2.4,1,0
7413,Kobe Sushi,37,8,21.6,642.72,40.0,0.1,0,1.9,1,0
7414,Nubori Experience,119,7,32.3,545.7,47.0,0.55,0,1.8,0,1
7415,Noe Sushi Bar,56,2,35.9,148.39,20.0,0.18,0,12.3,0,1
7416,Noe Sushi Bar,109,3,53.19,501.35,42.0,0.47,0,0.9,0,0
7417,Kobe Sushi,80,6,10.46,219.02,77.0,0.59,0,13.1,0,0
7418,Kobe Sushi,16,5,24.9,195.29,54.0,0.49,0,21.2,1,0
7419,Kobe Sushi,44,4,25.65,220.18,26.0,0.21,1,3.7,0,0
7420,Noe Sushi Bar,50,5,48.54,389.32,21.0,0.49,2,1.9,1,0
7421,Kobe Sushi,107,5,17.96,148.71,20.0,0.43,0,19.4,0,0
7422,Noe Sushi Bar,113,7,38.51,865.93,62.0,0.2,0,6.5,1,0
7423,Kobe Sushi,71,5,18.78,276.97,27.0,0.24,0,1.6,1,1
7424,Noe Sushi Bar,79,11,37.51,1039.45,89.0,0.36,0,4.0,1,0
7425,Noe Sushi Bar,102,5,57.79,746.75,40.0,0.7,0,1.8,0,1
7426,Kobe Sushi,6,9,17.5,280.13,20.0,0.53,1,1.0,0,0
7427,Kobe Sushi,18,7,13.49,242.39,55.0,0.36,0,3.9,0,1
7428,Kobe Sushi,19,3,14.28,104.48,63.0,0.76,0,6.3,0,0
7429,Noe Sushi Bar,116,10,42.41,1511.18,40.0,0.32,0,1.9,1,0
7430,Noe Sushi Bar,51,2,54.64,370.36,73.0,0.31,3,17.6,1,0
7431,Kobe Sushi,66,4,17.05,163.87,48.0,0.13,0,6.2,0,0
7432,Noe Sushi Bar,3,8,40.36,1153.79,32.0,0.25,0,13.2,0,0
7433,Kobe Sushi,110,9,21.06,613.31,61.0,0.15,0,13.8,0,1
7434,Kobe Sushi,118,9,14.98,431.75,36.0,0.19,0,4.0,1,0
7435,Kobe Sushi,89,5,16.97,226.99,50.0,0.03,1,9.8,0,0
7436,Nubori Experience,100,5,91.07,1400.64,48.0,0.06,0,3.1,0,1
7437,Kobe Sushi,54,6,20.3,479.32,31.0,0.53,1,15.8,0,0
7438,Kobe Sushi,49,6,14.57,164.86,46.0,0.23,3,2.3,1,0
7439,Kobe Sushi,28,6,18.25,374.52,37.0,0.09,0,0.7,0,1
7440,Kobe Sushi,38,5,12.97,154.73,60.0,0.64,0,1.1,0,0
7441,Noe Sushi Bar,28,5,61.88,1130.54,20.0,0.25,0,6.4,0,0
7442,Kobe Sushi,32,7,22.56,465.93,34.0,0.15,0,1.2,0,1
7443,Kobe Sushi,115,5,23.91,418.01,40.0,0.26,0,2.1,0,1
7444,Noe Sushi Bar,41,4,32.73,474.22,22.0,0.2,0,0.5,0,1
7445,Kobe Sushi,36,6,12.72,297.95,35.0,0.29,0,0.5,0,1
7446,Noe Sushi Bar,103,6,58.67,1167.8,48.0,0.35,0,5.1,0,1
7447,Noe Sushi Bar,36,3,21.95,146.69,30.0,0.18,0,1.1,0,1
7448,Kobe Sushi,107,10,19.09,440.63,73.0,0.28,0,2.6,1,1
7449,Noe Sushi Bar,118,4,35.07,446.19,48.0,0.34,1,7.0,0,0
7450,Kobe Sushi,87,8,16.65,274.61,44.0,0.22,1,1.6,1,0
7451,Noe Sushi Bar,66,2,53.66,311.87,34.0,0.25,0,3.8,0,1
7452,Noe Sushi Bar,10,7,59.76,1343.43,26.0,0.29,0,3.0,1,0
7453,Kobe Sushi,70,9,27.04,670.02,50.0,0.44,0,9.8,0,1
7454,Noe Sushi Bar,72,11,42.57,1211.27,31.0,0.08,0,4.4,0,0
7455,Nubori Experience,79,4,78.39,798.72,41.0,0.32,0,9.5,0,0
7456,Nubori Experience,109,4,63.54,671.89,64.0,0.11,0,1.0,1,0
7457,Noe Sushi Bar,93,7,62.55,821.34,30.0,0.07,0,1.3,1,0
7458,Noe Sushi Bar,63,4,31.28,299.78,33.0,0.4,0,1.4,0,0
7459,Kobe Sushi,92,5,18.78,273.16,44.0,0.42,0,6.6,0,1
7460,Kobe Sushi,22,5,16.13,269.25,52.0,0.24,1,4.2,1,0
7461,Noe Sushi Bar,98,5,32.9,517.18,40.0,0.44,0,3.7,1,0
7462,Kobe Sushi,20,8,18.93,248.15,20.0,0.62,0,9.3,0,0
7463,Nubori Experience,33,5,72.82,613.55,48.0,0.22,0,3.0,0,1
7464,Kobe Sushi,15,7,20.34,255.48,45.0,0.25,0,2.0,0,1
7465,Kobe Sushi,7,5,15.19,145.25,63.0,0.31,0,5.9,0,0
7466,Kobe Sushi,88,5,29.22,579.64,20.0,0.49,0,7.2,0,1
7467,Nubori Experience,90,6,107.79,1321.31,54.0,0.28,0,0.5,1,0
7468,Noe Sushi Bar,50,9,54.49,1663.24,40.0,0.22,0,7.6,0,1
7469,Noe Sushi Bar,10,4,30.62,327.19,38.0,0.66,0,4.4,0,0
7470,Kobe Sushi,79,8,20.94,432.84,58.0,0.22,2,2.0,0,0
7471,Nubori Experience,37,8,62.14,854.83,46.0,0.49,1,14.1,1,0
7472,Kobe Sushi,59,5,10.0,168.58,45.0,0.38,0,4.8,0,0
7473,Nubori Experience,88,7,57.6,720.42,42.0,0.57,0,7.7,1,0
7474,Noe Sushi Bar,75,7,53.31,1070.31,57.0,0.13,0,7.7,0,1
7475,Kobe Sushi,104,6,22.4,302.75,46.0,0.2,0,13.2,1,0
7476,Noe Sushi Bar,63,4,22.49,305.18,37.0,0.57,0,8.8,0,1
7477,Noe Sushi Bar,21,5,51.65,915.21,42.0,0.08,0,0.5,0,0
7478,Kobe Sushi,104,7,16.56,451.77,45.0,0.43,0,1.0,0,0
7479,Nubori Experience,102,4,71.4,915.33,31.0,0.46,1,6.5,1,0
7480,Noe Sushi Bar,79,4,51.75,399.66,35.0,0.44,0,2.7,1,0
7481,Kobe Sushi,79,5,18.4,330.76,45.0,0.02,1,17.6,0,0
7482,Kobe Sushi,37,7,25.18,385.99,34.0,0.31,1,2.8,1,0
7483,Noe Sushi Bar,45,6,45.94,1018.3,48.0,0.13,0,0.7,1,1
7484,Noe Sushi Bar,14,6,59.99,879.03,48.0,0.63,0,0.7,0,0
7485,Noe Sushi Bar,43,5,42.94,856.63,44.0,0.61,0,7.7,0,1
7486,Noe Sushi Bar,116,4,33.14,228.12,41.0,0.48,0,26.3,0,0
7487,Noe Sushi Bar,85,6,67.53,1333.24,48.0,0.33,0,8.7,1,0
7488,Nubori Experience,108,4,71.53,986.56,41.0,0.63,0,10.3,1,0
7489,Noe Sushi Bar,84,4,40.94,540.31,20.0,0.04,1,4.9,0,1
7490,Nubori Experience,33,7,85.63,1529.77,20.0,0.59,0,2.7,0,1
7491,Kobe Sushi,3,9,13.73,215.1,68.0,0.27,0,2.9,0,1
7492,Kobe Sushi,104,9,14.57,453.04,40.0,0.25,0,4.8,0,0
7493,Kobe Sushi,87,6,15.56,262.87,47.0,0.2,1,9.3,0,0
7494,Noe Sushi Bar,44,8,47.44,1071.56,52.0,0.14,0,1.6,0,1
7495,Nubori Experience,111,6,90.06,1501.82,21.0,0.38,0,5.2,1,0
7496,Kobe Sushi,87,4,17.1,148.69,51.0,0.24,0,1.5,1,0
7497,Kobe Sushi,91,6,15.67,219.08,44.0,0.06,0,2.7,0,0
7498,Nubori Experience,35,5,64.76,1189.45,60.0,0.55,0,3.4,0,1
7499,Kobe Sushi,25,5,13.27,209.08,50.0,0.67,0,4.2,0,0
7500,Noe Sushi Bar,96,7,46.57,1275.71,67.0,0.29,1,10.6,0,0
7501,Noe Sushi Bar,86,7,48.39,1003.18,64.0,0.31,0,0.5,1,0
7502,Nubori Experience,8,7,36.11,784.08,52.0,0.26,0,3.2,0,1
7503,Kobe Sushi,120,3,15.34,154.64,79.0,0.21,1,7.9,1,0
7504,Kobe Sushi,115,7,24.8,401.9,56.0,0.64,2,0.8,1,0
7505,Noe Sushi Bar,116,4,64.13,768.58,29.0,0.38,0,8.6,0,0
7506,Nubori Experience,62,7,56.25,1403.02,48.0,0.51,0,5.2,0,0
7507,Noe Sushi Bar,102,6,57.49,883.0,46.0,0.21,0,1.5,1,0
7508,Kobe Sushi,18,7,13.55,372.92,64.0,0.55,0,2.9,0,0
7509,Noe Sushi Bar,92,9,47.77,1080.25,28.0,0.17,0,1.2,0,1
7510,Nubori Experience,28,4,54.9,539.11,38.0,0.04,3,8.6,0,0
7511,Nubori Experience,75,4,77.46,959.32,33.0,0.09,0,23.7,0,0
7512,Nubori Experience,12,5,95.53,1280.67,59.0,0.4,0,3.3,0,1
7513,Kobe Sushi,64,5,24.4,486.65,57.0,0.07,0,3.2,0,1
7514,Kobe Sushi,119,7,27.52,351.53,59.0,0.36,1,10.1,1,0
7515,Noe Sushi Bar,2,6,44.48,477.86,39.0,0.51,0,2.2,0,0
7516,Nubori Experience,59,4,51.95,325.46,51.0,0.2,0,6.9,0,0
7517,Kobe Sushi,37,3,23.15,268.5,33.0,0.47,0,12.1,0,0
7518,Kobe Sushi,4,9,17.68,474.22,54.0,0.46,0,20.7,0,0
7519,Chef Choy,41,5,24.66,436.79,62.0,0.17,0,3.8,0,1
7520,Kobe Sushi,45,4,19.5,282.11,40.0,0.44,0,6.8,0,0
7521,Kobe Sushi,109,4,27.83,354.18,34.0,0.44,0,8.5,1,0
7522,Noe Sushi Bar,111,2,41.82,184.41,75.0,0.44,0,0.6,1,0
7523,Noe Sushi Bar,34,7,52.58,1460.58,63.0,0.46,0,29.9,0,1
7524,Noe Sushi Bar,87,9,26.55,536.2,20.0,0.09,0,1.1,0,1
7525,Kobe Sushi,13,4,12.36,132.63,49.0,0.38,3,3.1,0,1
7526,Noe Sushi Bar,7,7,37.59,875.65,63.0,0.48,0,6.3,0,1
7527,Noe Sushi Bar,32,5,52.3,416.99,57.0,0.25,0,10.3,0,0
7528,Noe Sushi Bar,23,12,46.9,937.71,58.0,0.63,0,0.7,0,1
7529,Noe Sushi Bar,49,5,32.51,642.02,57.0,0.67,2,10.1,1,0
7530,Kobe Sushi,72,4,17.23,173.62,39.0,0.37,0,6.8,1,0
7531,Kobe Sushi,114,10,23.05,775.63,49.0,0.48,0,11.3,1,0
7532,Kobe Sushi,111,8,22.77,405.8,54.0,0.2,0,13.6,1,0
7533,Kobe Sushi,47,7,10.15,123.39,48.0,0.49,0,0.5,0,1
7534,Noe Sushi Bar,37,5,63.16,1260.63,50.0,0.59,2,0.5,0,1
7535,Nubori Experience,98,5,66.55,831.81,25.0,0.38,0,4.8,0,1
7536,Noe Sushi Bar,48,9,31.13,1084.49,47.0,0.35,2,0.5,0,1
7537,Chef Choy,29,3,29.03,329.6,37.0,0.18,0,14.7,0,0
7538,Kobe Sushi,37,6,18.4,344.63,45.0,0.58,0,9.4,0,0
7539,Noe Sushi Bar,23,8,48.8,1425.48,43.0,0.35,0,5.3,0,0
7540,Kobe Sushi,38,9,12.35,195.59,49.0,0.47,0,0.5,0,0
7541,Kobe Sushi,93,8,21.41,332.03,55.0,0.29,1,1.2,0,1
7542,Kobe Sushi,44,7,10.0,279.13,59.0,0.44,0,11.7,0,1
7543,Noe Sushi Bar,5,11,43.96,1665.59,37.0,0.01,1,1.5,0,0
7544,Nubori Experience,52,4,59.33,659.28,41.0,0.58,0,8.8,0,0
7545,Kobe Sushi,40,8,19.46,400.79,64.0,0.22,1,2.0,0,1
7546,Kobe Sushi,11,6,20.63,189.14,53.0,0.38,0,12.7,0,1
7547,Chef Choy,78,6,23.9,373.79,43.0,0.47,0,0.6,0,1
7548,Kobe Sushi,120,4,27.52,325.67,37.0,0.18,0,1.5,0,0
7549,Nubori Experience,113,9,55.89,1051.9,53.0,0.43,0,8.0,1,0
7550,Noe Sushi Bar,106,6,39.92,944.97,62.0,0.21,0,24.0,0,0
7551,Nubori Experience,2,3,31.31,310.83,51.0,0.66,0,0.9,0,1
7552,Noe Sushi Bar,35,4,49.6,394.11,39.0,0.56,0,7.2,1,0
7553,Noe Sushi Bar,45,6,26.63,412.28,36.0,0.33,0,2.7,0,1
7554,Noe Sushi Bar,49,7,49.96,774.37,31.0,0.59,0,15.0,1,0
7555,Noe Sushi Bar,35,5,58.91,805.02,44.0,0.38,1,8.7,0,0
7556,Noe Sushi Bar,106,7,40.93,928.9,53.0,0.06,1,22.2,0,0
7557,Kobe Sushi,92,6,19.33,379.89,32.0,0.61,0,6.4,0,0
7558,Noe Sushi Bar,72,5,41.45,736.11,50.0,0.18,0,1.7,0,1
7559,Noe Sushi Bar,32,4,35.87,353.21,57.0,0.26,0,8.0,0,1
7560,Nubori Experience,68,8,72.06,876.02,63.0,0.6,0,4.4,0,1
7561,Noe Sushi Bar,109,6,31.62,434.41,34.0,0.29,0,10.3,0,0
7562,Noe Sushi Bar,71,9,33.2,544.88,43.0,0.15,1,6.5,1,0
7563,Kobe Sushi,39,4,11.45,148.8,65.0,0.38,0,4.4,0,0
7564,Noe Sushi Bar,48,5,35.49,664.11,39.0,0.34,1,3.5,0,1
7565,Noe Sushi Bar,91,6,54.09,1064.27,28.0,0.2,0,1.1,0,0
7566,Nubori Experience,37,6,70.93,1644.47,40.0,0.12,0,3.1,0,0
7567,Nubori Experience,60,2,83.8,606.62,67.0,0.42,0,3.1,0,0
7568,Kobe Sushi,81,8,21.73,361.63,27.0,0.2,0,3.6,0,1
7569,Nubori Experience,74,8,40.02,949.81,55.0,0.11,0,5.6,0,1
7570,Kobe Sushi,4,4,20.0,243.23,30.0,0.63,0,10.3,1,0
7571,Kobe Sushi,23,7,15.02,342.33,25.0,0.1,0,2.6,0,1
7572,Noe Sushi Bar,14,5,49.82,560.63,44.0,0.26,0,0.5,0,0
7573,Kobe Sushi,5,4,17.09,228.14,36.0,0.28,0,7.2,0,0
7574,Noe Sushi Bar,66,6,25.44,260.89,44.0,0.02,0,5.7,1,0
7575,Kobe Sushi,110,7,16.26,180.15,26.0,0.12,0,0.5,0,1
7576,Kobe Sushi,24,5,19.39,167.34,33.0,0.24,0,0.5,0,1
7577,Noe Sushi Bar,18,6,41.04,705.69,53.0,0.2,0,1.9,0,1
7578,Noe Sushi Bar,27,12,50.35,2237.61,71.0,0.13,0,1.5,0,1
7579,Nubori Experience,24,6,36.2,633.04,38.0,0.28,0,18.5,0,0
7580,Noe Sushi Bar,29,6,55.87,727.39,53.0,0.13,0,1.1,0,1
7581,Noe Sushi Bar,11,9,31.73,585.88,20.0,0.13,0,0.9,0,0
7582,Kobe Sushi,112,7,10.0,197.06,50.0,0.53,1,0.7,0,1
7583,Kobe Sushi,18,8,21.32,521.91,92.0,0.1,0,4.2,0,0
7584,Kobe Sushi,112,7,24.9,368.49,50.0,0.28,0,2.4,0,1
7585,Noe Sushi Bar,117,6,41.33,785.93,21.0,0.4,3,9.2,1,0
7586,Noe Sushi Bar,4,5,40.17,493.15,47.0,0.48,0,2.6,0,1
7587,Noe Sushi Bar,33,8,27.57,341.34,52.0,0.19,1,29.4,0,0
7588,Noe Sushi Bar,78,6,28.45,257.0,51.0,0.13,0,9.4,0,0
7589,Noe Sushi Bar,108,7,44.45,640.67,30.0,0.23,0,8.0,0,1
7590,Kobe Sushi,120,5,13.03,114.86,46.0,0.21,1,2.2,1,0
7591,Kobe Sushi,42,7,12.79,292.31,58.0,0.3,0,1.9,1,0
7592,Nubori Experience,32,6,64.03,1276.28,68.0,0.07,2,0.5,0,1
7593,Noe Sushi Bar,51,4,33.76,366.79,29.0,0.09,1,22.3,1,0
7594,Nubori Experience,4,5,73.87,1064.01,31.0,0.51,0,0.5,0,0
7595,Kobe Sushi,20,9,16.02,229.79,63.0,0.31,0,12.7,0,1
7596,Nubori Experience,85,5,64.38,601.04,35.0,0.42,3,10.3,1,0
7597,Kobe Sushi,67,11,30.79,573.5,38.0,0.41,0,0.6,0,0
7598,Kobe Sushi,89,2,23.0,142.94,47.0,0.14,1,0.5,0,1
7599,Nubori Experience,68,11,76.81,2671.52,51.0,0.14,0,2.0,0,0
7600,Kobe Sushi,62,8,23.6,726.61,70.0,0.32,0,13.8,1,0
7601,Noe Sushi Bar,58,5,58.13,1005.36,34.0,0.28,0,4.2,0,0
7602,Kobe Sushi,47,4,20.09,156.06,41.0,0.55,1,0.9,0,1
7603,Noe Sushi Bar,75,5,48.84,446.89,56.0,0.44,1,6.3,1,0
7604,Nubori Experience,80,7,50.88,860.76,42.0,0.1,3,2.1,0,0
7605,Kobe Sushi,59,5,19.19,235.89,38.0,0.63,0,2.5,1,0
7606,Noe Sushi Bar,100,6,36.99,504.02,45.0,0.74,0,2.8,1,0
7607,Kobe Sushi,6,4,20.04,134.61,71.0,0.37,0,9.2,0,0
7608,Noe Sushi Bar,95,6,49.19,1134.91,69.0,0.07,0,0.5,0,0
7609,Kobe Sushi,40,8,22.87,520.69,25.0,0.44,0,0.5,0,1
7610,Kobe Sushi,77,7,15.07,313.49,41.0,0.19,3,1.9,1,0
7611,Kobe Sushi,23,7,20.94,293.89,56.0,0.5,0,3.2,1,1
7612,Kobe Sushi,52,8,20.53,643.51,50.0,0.18,0,8.0,1,0
7613,Nubori Experience,4,2,49.69,160.42,40.0,0.29,0,1.0,0,0
7614,Kobe Sushi,37,5,21.0,418.54,67.0,0.57,0,1.4,0,0
7615,Kobe Sushi,42,5,13.84,213.52,36.0,0.41,0,3.0,0,0
7616,Noe Sushi Bar,101,8,51.38,1469.67,48.0,0.43,1,9.0,1,0
7617,Kobe Sushi,44,4,26.86,419.59,30.0,0.34,0,2.6,1,0
7618,Noe Sushi Bar,97,8,23.24,441.61,66.0,0.09,0,12.7,1,0
7619,Nubori Experience,120,6,60.53,1244.55,53.0,0.25,0,6.0,1,0
7620,Noe Sushi Bar,42,8,31.84,548.23,53.0,0.38,0,5.7,1,0
7621,Nubori Experience,29,7,59.75,1405.01,50.0,0.24,0,1.4,0,1
7622,Noe Sushi Bar,101,4,48.09,324.05,40.0,0.24,2,5.6,1,0
7623,Kobe Sushi,19,8,13.31,413.54,53.0,0.61,2,2.5,1,0
7624,Noe Sushi Bar,115,7,32.49,897.85,33.0,0.13,2,4.9,1,0
7625,Noe Sushi Bar,84,7,34.79,510.79,59.0,0.75,1,5.6,0,0
7626,Noe Sushi Bar,32,6,15.14,212.03,77.0,0.31,0,1.4,1,0
7627,Nubori Experience,44,7,56.53,1198.57,56.0,0.44,2,19.3,0,1
7628,Noe Sushi Bar,55,6,38.79,695.19,54.0,0.32,0,9.3,1,0
7629,Nubori Experience,80,3,44.82,374.04,39.0,0.31,0,3.5,0,0
7630,Chef Choy,5,4,34.19,275.4,40.0,0.44,0,0.5,1,0
7631,Noe Sushi Bar,113,10,49.97,1670.39,35.0,0.28,0,0.7,1,0
7632,Noe Sushi Bar,46,6,41.59,501.65,40.0,0.5,0,1.5,1,0
7633,Kobe Sushi,76,6,14.1,320.93,44.0,0.51,0,12.0,0,1
7634,Nubori Experience,45,5,52.75,969.73,57.0,0.07,0,20.7,0,0
7635,Noe Sushi Bar,21,6,51.17,1060.51,69.0,0.83,1,10.5,1,1
7636,Kobe Sushi,78,6,17.73,361.31,56.0,0.25,0,1.1,0,1
7637,Kobe Sushi,101,5,10.0,109.68,42.0,0.43,0,18.8,0,1
7638,Noe Sushi Bar,22,5,38.08,607.11,21.0,0.36,0,12.1,1,0
7639,Kobe Sushi,30,8,19.13,372.74,20.0,0.44,3,24.9,1,0
7640,Kobe Sushi,23,9,22.4,402.0,48.0,0.4,0,2.6,0,1
7641,Noe Sushi Bar,5,4,32.27,424.75,25.0,0.16,0,4.0,0,0
7642,Kobe Sushi,63,3,10.0,75.82,53.0,0.58,0,1.2,0,0
7643,Noe Sushi Bar,93,2,58.64,293.51,29.0,0.48,0,5.2,0,0
7644,Kobe Sushi,59,11,27.24,1164.66,29.0,0.42,0,1.7,1,0
7645,Kobe Sushi,94,3,20.56,245.81,49.0,0.4,0,1.5,0,0
7646,Noe Sushi Bar,82,6,24.04,296.85,53.0,0.53,1,11.5,1,0
7647,Noe Sushi Bar,110,2,34.45,198.28,32.0,0.07,0,1.4,0,1
7648,Kobe Sushi,114,8,21.59,503.25,62.0,0.05,0,7.9,0,1
7649,Kobe Sushi,52,6,25.05,260.67,45.0,0.39,0,1.2,0,0
7650,Noe Sushi Bar,65,7,30.46,514.01,47.0,0.12,0,4.9,0,1
7651,Kobe Sushi,39,5,17.33,187.25,39.0,0.55,0,3.8,0,0
7652,Kobe Sushi,81,6,11.42,261.31,76.0,0.35,0,0.5,1,0
7653,Kobe Sushi,3,4,13.92,209.24,43.0,0.05,0,0.5,0,1
7654,Nubori Experience,42,5,48.52,600.13,50.0,0.59,0,3.9,0,0
7655,Chef Choy,71,7,25.94,338.47,26.0,0.41,0,5.0,0,0
7656,Chef Choy,27,4,18.87,141.52,59.0,0.39,0,2.2,0,0
7657,Noe Sushi Bar,28,5,62.14,1192.92,51.0,0.37,0,1.2,0,1
7658,Noe Sushi Bar,108,5,58.54,788.33,48.0,0.3,0,6.8,0,1
7659,Noe Sushi Bar,54,4,36.22,288.77,37.0,0.38,0,1.4,1,0
7660,Noe Sushi Bar,95,7,39.16,759.34,38.0,0.52,0,1.7,0,0
7661,Kobe Sushi,15,5,18.04,313.6,74.0,0.13,0,1.3,0,1
7662,Noe Sushi Bar,119,6,32.5,467.97,48.0,0.45,2,19.3,1,0
7663,Chef Choy,53,7,29.41,683.9,44.0,0.38,1,16.8,0,0
7664,Noe Sushi Bar,112,5,52.55,530.85,43.0,0.39,0,18.4,1,0
7665,Kobe Sushi,72,5,17.95,250.85,30.0,0.05,0,0.5,1,0
7666,Kobe Sushi,70,9,18.97,606.77,33.0,0.32,0,6.7,0,0
7667,Noe Sushi Bar,92,3,30.96,301.82,31.0,0.4,0,15.4,1,0
7668,Noe Sushi Bar,4,7,40.87,816.61,62.0,0.52,0,0.5,0,0
7669,Nubori Experience,94,6,46.63,954.13,31.0,0.23,0,1.8,0,0
7670,Kobe Sushi,107,6,18.24,170.2,39.0,0.27,0,2.6,1,0
7671,Chef Choy,17,8,26.4,723.82,27.0,0.58,1,0.7,0,1
7672,Noe Sushi Bar,34,7,27.09,613.93,40.0,0.67,0,6.8,0,1
7673,Nubori Experience,6,5,84.64,850.82,40.0,0.43,0,2.1,0,1
7674,Noe Sushi Bar,36,7,24.27,380.98,50.0,0.04,2,22.2,1,0
7675,Noe Sushi Bar,99,9,60.95,1437.09,61.0,0.3,1,27.5,0,0
7676,Noe Sushi Bar,103,4,40.48,520.31,58.0,0.24,1,4.1,0,0
7677,Noe Sushi Bar,39,4,25.6,371.29,73.0,0.1,0,1.4,0,1
7678,Nubori Experience,80,10,54.27,2041.96,20.0,0.77,1,4.1,1,0
7679,Kobe Sushi,66,7,20.3,565.15,40.0,0.26,2,2.0,0,1
7680,Kobe Sushi,8,7,15.16,208.93,40.0,0.34,0,2.5,0,0
7681,Nubori Experience,15,4,53.68,474.37,65.0,0.23,0,1.2,0,1
7682,Noe Sushi Bar,63,7,56.49,1532.51,69.0,0.28,2,17.5,1,0
7683,Noe Sushi Bar,91,8,54.24,1516.46,63.0,0.09,0,7.2,0,0
7684,Noe Sushi Bar,80,2,43.02,165.76,62.0,0.1,2,3.3,0,1
7685,Kobe Sushi,65,2,20.82,82.91,55.0,0.24,0,0.5,1,0
7686,Chef Choy,59,2,19.82,69.08,60.0,0.52,0,6.5,0,1
7687,Noe Sushi Bar,10,6,56.33,666.45,20.0,0.39,0,0.8,0,1
7688,Kobe Sushi,7,4,29.92,281.97,53.0,0.49,0,4.1,0,1
7689,Kobe Sushi,112,2,18.45,121.23,74.0,0.21,2,6.3,1,0
7690,Nubori Experience,74,6,61.87,1427.12,20.0,0.66,0,5.9,0,1
7691,Kobe Sushi,76,12,10.0,459.43,34.0,0.43,0,5.0,1,0
7692,Nubori Experience,81,6,52.33,1102.71,60.0,0.14,2,0.5,0,1
7693,Kobe Sushi,109,10,17.1,357.22,61.0,0.31,1,10.6,1,0
7694,Noe Sushi Bar,12,7,49.87,734.19,59.0,0.12,1,7.3,0,0
7695,Nubori Experience,79,7,61.14,1217.83,30.0,0.47,0,5.3,1,0
7696,Noe Sushi Bar,46,4,38.75,276.2,47.0,0.11,0,1.5,0,1
7697,Noe Sushi Bar,115,3,27.37,297.18,61.0,0.51,0,3.9,1,0
7698,Noe Sushi Bar,32,7,45.58,1056.34,80.0,0.44,0,2.9,1,0
7699,Kobe Sushi,32,6,26.49,527.33,43.0,0.61,1,7.1,0,0
7700,Kobe Sushi,115,6,10.27,104.09,54.0,0.45,3,29.9,0,0
7701,Nubori Experience,90,8,84.22,1218.86,42.0,0.07,0,3.8,0,1
7702,Chef Choy,78,7,19.0,328.08,49.0,0.54,0,20.1,0,0
7703,Noe Sushi Bar,114,7,43.52,943.48,52.0,0.46,0,3.0,1,0
7704,Kobe Sushi,90,5,19.99,291.42,52.0,0.2,1,3.6,1,0
7705,Kobe Sushi,61,6,10.0,203.86,46.0,0.21,0,0.5,0,0
7706,Kobe Sushi,69,4,27.47,310.1,41.0,0.31,2,2.6,0,1
7707,Noe Sushi Bar,116,4,72.3,809.36,63.0,0.68,0,9.2,0,1
7708,Chef Choy,61,10,18.07,665.46,38.0,0.16,0,3.1,0,0
7709,Noe Sushi Bar,102,7,53.04,1318.8,33.0,0.14,0,1.4,1,0
7710,Nubori Experience,114,8,48.33,849.19,35.0,0.15,0,1.2,0,1
7711,Kobe Sushi,46,7,26.1,629.76,44.0,0.39,0,0.7,0,1
7712,Kobe Sushi,68,7,20.0,397.07,58.0,0.48,0,22.2,0,1
7713,Kobe Sushi,92,7,27.47,712.53,42.0,0.38,0,5.1,0,1
7714,Noe Sushi Bar,55,5,46.38,409.94,64.0,0.5,0,1.5,0,1
7715,Kobe Sushi,1,6,24.22,394.47,68.0,0.2,0,8.2,0,1
7716,Nubori Experience,77,8,56.33,866.48,35.0,0.4,0,1.2,0,1
7717,Kobe Sushi,107,5,20.38,390.06,63.0,0.1,0,2.8,1,0
7718,Nubori Experience,67,7,97.59,1034.06,48.0,0.57,0,4.6,1,1
7719,Noe Sushi Bar,49,9,46.12,1060.77,47.0,0.45,0,6.3,0,1
7720,Nubori Experience,114,5,84.88,1076.37,67.0,0.44,0,9.2,1,0
7721,Noe Sushi Bar,25,4,51.66,526.59,20.0,0.4,0,21.9,0,0
7722,Nubori Experience,106,6,67.48,1589.72,43.0,0.51,0,11.6,1,0
7723,Kobe Sushi,16,8,16.54,221.38,32.0,0.33,0,1.9,0,1
7724,Noe Sushi Bar,85,3,42.46,216.38,36.0,0.12,0,1.1,0,0
7725,Nubori Experience,13,4,90.35,1060.51,69.0,0.25,0,5.0,0,1
7726,Kobe Sushi,52,5,13.36,184.29,48.0,0.13,0,4.4,0,0
7727,Kobe Sushi,108,11,24.6,426.83,23.0,0.25,0,1.5,0,1
7728,Noe Sushi Bar,36,8,34.73,972.38,47.0,0.33,0,0.5,0,1
7729,Nubori Experience,72,7,48.47,947.19,26.0,0.2,0,2.8,0,0
7730,Noe Sushi Bar,44,2,52.28,195.77,44.0,0.7,0,10.0,0,0
7731,Noe Sushi Bar,83,8,36.34,579.24,40.0,0.17,0,2.2,0,0
7732,Kobe Sushi,47,5,18.1,337.21,57.0,0.41,0,3.7,0,0
7733,Kobe Sushi,80,4,16.81,204.25,24.0,0.28,0,12.1,0,0
7734,Nubori Experience,76,3,55.29,350.08,46.0,0.27,0,13.8,0,0
7735,Kobe Sushi,20,6,18.19,389.18,28.0,0.54,0,1.4,0,1
7736,Noe Sushi Bar,18,3,43.17,316.38,54.0,0.2,0,7.6,0,0
7737,Nubori Experience,54,7,53.43,784.16,31.0,0.36,0,0.5,0,0
7738,Kobe Sushi,12,4,19.37,238.47,37.0,0.17,0,5.9,0,0
7739,Noe Sushi Bar,112,11,32.66,1120.73,47.0,0.11,0,5.9,1,0
7740,Kobe Sushi,25,5,10.0,167.63,26.0,0.2,0,2.1,0,0
7741,Noe Sushi Bar,60,5,32.0,411.87,38.0,0.29,0,6.3,0,1
7742,Kobe Sushi,116,4,28.82,205.48,58.0,0.27,0,0.6,1,0
7743,Noe Sushi Bar,75,4,37.39,319.46,53.0,0.54,0,2.6,1,0
7744,Kobe Sushi,86,6,25.86,288.54,47.0,0.33,0,7.5,1,0
7745,Noe Sushi Bar,116,3,64.62,299.27,56.0,0.49,0,6.5,1,0
7746,Noe Sushi Bar,110,6,46.09,443.18,57.0,0.16,0,21.3,1,0
7747,Kobe Sushi,34,6,20.18,462.75,24.0,0.25,0,2.8,1,0
7748,Noe Sushi Bar,13,6,63.11,1182.78,60.0,0.09,0,0.5,1,0
7749,Kobe Sushi,110,2,16.3,111.42,27.0,0.42,0,0.8,1,0
7750,Noe Sushi Bar,38,12,49.32,1286.82,47.0,0.12,0,6.2,0,1
7751,Kobe Sushi,12,7,27.74,352.68,44.0,0.5,0,0.5,0,1
7752,Noe Sushi Bar,103,6,46.43,1091.27,55.0,0.28,0,4.2,1,0
7753,Kobe Sushi,36,5,17.22,332.05,67.0,0.45,0,13.7,0,0
7754,Noe Sushi Bar,28,3,40.91,215.38,39.0,0.35,0,1.1,0,1
7755,Kobe Sushi,91,9,11.85,383.31,50.0,0.52,0,7.7,0,1
7756,Noe Sushi Bar,39,8,51.91,1343.68,36.0,0.64,0,4.0,0,0
7757,Kobe Sushi,77,3,19.96,121.49,54.0,0.08,0,5.2,0,1
7758,Nubori Experience,43,5,54.8,643.03,35.0,0.16,0,13.5,0,0
7759,Nubori Experience,104,11,68.6,2524.47,60.0,0.32,1,5.7,1,0
7760,Kobe Sushi,91,7,17.23,387.21,39.0,0.36,0,14.9,1,0
7761,Noe Sushi Bar,115,7,48.64,1042.81,82.0,0.06,0,0.6,1,0
7762,Kobe Sushi,31,5,26.23,484.34,66.0,0.29,0,9.7,1,0
7763,Kobe Sushi,2,11,10.0,437.23,38.0,0.34,0,2.6,0,1
7764,Noe Sushi Bar,117,6,42.2,589.09,66.0,0.65,0,1.9,0,1
7765,Noe Sushi Bar,82,5,58.18,701.05,43.0,0.29,0,4.9,1,0
7766,Noe Sushi Bar,90,3,35.38,256.33,35.0,0.2,0,2.9,1,0
7767,Kobe Sushi,117,3,10.0,47.41,46.0,0.75,0,13.6,1,0
7768,Kobe Sushi,42,8,25.35,443.75,36.0,0.33,1,1.0,1,0
7769,Kobe Sushi,31,6,17.87,167.01,51.0,0.25,0,5.1,0,0
7770,Noe Sushi Bar,61,5,43.73,400.27,58.0,0.56,0,26.8,0,0
7771,Noe Sushi Bar,102,5,29.45,537.55,37.0,0.33,0,4.3,0,0
7772,Noe Sushi Bar,56,3,44.43,277.15,52.0,0.78,0,5.8,1,0
7773,Kobe Sushi,86,2,25.4,120.04,39.0,0.37,0,5.7,0,0
7774,Kobe Sushi,100,4,13.46,113.78,46.0,0.4,0,28.8,0,0
7775,Kobe Sushi,83,7,13.81,182.15,42.0,0.53,0,14.3,0,0
7776,Kobe Sushi,14,7,19.14,284.93,61.0,0.19,0,0.5,0,1
7777,Kobe Sushi,14,6,14.77,343.99,41.0,0.44,0,1.8,1,1
7778,Nubori Experience,114,7,48.35,1204.57,31.0,0.24,0,16.4,1,0
7779,Nubori Experience,29,8,52.08,931.62,39.0,0.64,0,4.6,0,0
7780,Noe Sushi Bar,81,7,56.74,1447.17,53.0,0.52,0,12.1,0,1
7781,Noe Sushi Bar,50,9,39.15,610.2,63.0,0.47,0,17.3,0,1
7782,Kobe Sushi,50,8,21.8,581.86,48.0,0.16,0,3.4,0,1
7783,Nubori Experience,63,11,64.66,1331.96,32.0,0.41,1,5.7,0,1
7784,Kobe Sushi,101,10,10.35,278.76,66.0,0.4,0,0.5,0,0
7785,Nubori Experience,73,4,57.14,668.43,38.0,0.19,0,8.0,0,0
7786,Noe Sushi Bar,65,4,45.5,408.87,70.0,0.21,0,1.7,0,0
7787,Kobe Sushi,68,5,18.55,161.56,51.0,0.25,1,1.5,0,0
7788,Nubori Experience,71,4,45.75,556.58,20.0,0.28,0,9.4,0,1
7789,Kobe Sushi,11,5,11.51,211.93,46.0,0.48,0,8.2,0,0
7790,Noe Sushi Bar,14,6,59.94,1161.95,51.0,0.26,0,10.0,0,0
7791,Noe Sushi Bar,106,7,34.95,849.48,38.0,0.32,0,1.1,0,0
7792,Kobe Sushi,83,4,11.73,140.42,66.0,0.33,3,12.7,1,0
7793,Noe Sushi Bar,104,5,56.48,706.14,61.0,0.26,0,2.3,0,1
7794,Noe Sushi Bar,3,5,75.86,934.79,34.0,0.36,1,7.6,0,1
7795,Noe Sushi Bar,8,5,44.43,612.56,61.0,0.24,0,10.6,0,0
7796,Kobe Sushi,93,8,19.85,597.33,53.0,0.65,0,6.9,1,0
7797,Nubori Experience,114,3,57.49,659.33,32.0,0.24,0,7.9,0,0
7798,Kobe Sushi,101,4,11.86,103.42,26.0,0.3,0,18.3,0,1
7799,Kobe Sushi,116,3,18.31,125.16,20.0,0.58,1,4.3,0,1
7800,Kobe Sushi,43,8,19.8,503.18,54.0,0.21,1,6.6,1,0
7801,Kobe Sushi,9,7,16.56,387.79,74.0,0.12,0,2.6,0,1
7802,Kobe Sushi,19,9,14.53,366.2,51.0,0.16,0,9.8,0,1
7803,Nubori Experience,12,9,61.81,1815.36,56.0,0.38,1,0.8,1,0
7804,Kobe Sushi,27,3,23.06,239.06,37.0,0.42,0,15.4,0,0
7805,Kobe Sushi,101,9,27.29,749.8,64.0,0.15,3,0.5,1,0
7806,Kobe Sushi,112,5,19.1,187.59,28.0,0.47,0,8.0,0,1
7807,Noe Sushi Bar,58,6,33.2,464.27,53.0,0.17,3,6.2,0,0
7808,Nubori Experience,25,5,70.44,959.29,71.0,0.25,0,0.5,0,1
7809,Kobe Sushi,45,3,26.3,287.63,60.0,0.06,0,2.9,0,0
7810,Kobe Sushi,102,10,18.05,398.78,49.0,0.42,0,3.7,0,1
7811,Kobe Sushi,48,5,27.67,360.4,43.0,0.15,0,8.4,0,0
7812,Kobe Sushi,50,4,18.92,280.07,40.0,0.16,0,6.5,0,1
7813,Kobe Sushi,81,3,22.25,102.23,33.0,0.42,0,3.8,0,0
7814,Noe Sushi Bar,44,7,41.98,567.48,47.0,0.1,0,5.5,0,0
7815,Kobe Sushi,59,4,24.36,151.87,61.0,0.33,0,3.3,0,0
7816,Noe Sushi Bar,33,6,26.31,305.67,64.0,0.64,0,0.5,0,1
7817,Kobe Sushi,103,7,17.22,341.95,57.0,0.08,0,17.7,1,0
7818,Nubori Experience,78,8,84.98,1278.11,42.0,0.23,0,3.2,1,0
7819,Nubori Experience,28,7,46.22,1053.15,39.0,0.5,0,15.2,0,0
7820,Noe Sushi Bar,18,4,30.89,280.96,47.0,0.57,0,10.2,0,1
7821,Kobe Sushi,55,8,22.7,460.4,40.0,0.25,0,14.0,0,0
7822,Kobe Sushi,33,7,25.46,361.34,37.0,0.37,0,0.7,0,0
7823,Noe Sushi Bar,116,8,42.83,1177.31,39.0,0.33,0,0.5,1,0
7824,Noe Sushi Bar,106,8,36.66,833.7,36.0,0.15,1,11.0,1,0
7825,Noe Sushi Bar,15,6,60.57,1064.8,20.0,0.38,0,2.2,1,0
7826,Nubori Experience,61,3,32.58,316.86,37.0,0.33,0,7.8,0,0
7827,Nubori Experience,11,4,48.97,732.21,68.0,0.25,0,11.3,0,0
7828,Kobe Sushi,36,5,13.32,217.74,34.0,0.18,3,2.7,1,0
7829,Noe Sushi Bar,15,4,49.89,515.9,43.0,0.11,0,14.5,0,1
7830,Kobe Sushi,53,10,19.38,701.85,59.0,0.32,0,1.8,0,1
7831,Kobe Sushi,62,7,13.53,353.27,51.0,0.2,0,5.6,0,0
7832,Noe Sushi Bar,48,6,31.86,379.3,50.0,0.55,2,15.8,0,0
7833,Kobe Sushi,94,4,19.07,158.42,45.0,0.13,0,0.5,1,0
7834,Nubori Experience,15,4,62.89,831.07,27.0,0.37,0,0.6,0,1
7835,Kobe Sushi,63,6,13.68,273.56,28.0,0.11,1,0.5,0,1
7836,Noe Sushi Bar,113,8,50.68,1574.81,28.0,0.4,1,2.7,1,0
7837,Noe Sushi Bar,87,3,54.76,459.23,58.0,0.1,0,0.5,1,0
7838,Noe Sushi Bar,43,8,57.41,1610.66,48.0,0.11,0,0.5,0,0
7839,Kobe Sushi,50,3,19.65,216.85,56.0,0.11,0,1.8,1,0
7840,Nubori Experience,60,7,94.02,1133.75,53.0,0.3,0,4.2,0,1
7841,Noe Sushi Bar,112,2,48.21,335.52,23.0,0.43,0,1.0,0,0
7842,Noe Sushi Bar,59,3,55.03,573.29,45.0,0.59,0,5.9,0,0
7843,Kobe Sushi,15,4,27.87,196.24,43.0,0.17,0,6.3,0,0
7844,Noe Sushi Bar,29,12,42.63,1327.89,72.0,0.38,1,4.1,0,1
7845,Nubori Experience,75,3,71.11,476.72,41.0,0.47,0,5.1,0,0
7846,Noe Sushi Bar,109,10,59.5,1989.45,45.0,0.24,0,3.1,0,1
7847,Nubori Experience,82,3,39.82,284.5,37.0,0.62,0,18.5,0,0
7848,Noe Sushi Bar,40,6,69.36,907.71,36.0,0.23,0,7.6,0,1
7849,Kobe Sushi,31,6,11.81,135.22,20.0,0.33,0,5.8,0,0
7850,Kobe Sushi,73,5,21.81,219.0,33.0,0.58,0,4.6,0,1
7851,Kobe Sushi,86,4,26.62,212.69,20.0,0.2,1,1.5,0,1
7852,Noe Sushi Bar,11,4,57.67,530.19,50.0,0.15,0,7.5,0,1
7853,Chef Choy,81,7,16.16,447.82,57.0,0.38,0,1.5,1,0
7854,Kobe Sushi,97,4,14.14,200.39,42.0,0.12,0,2.7,1,1
7855,Noe Sushi Bar,62,6,62.02,1370.91,35.0,0.1,1,6.4,1,0
7856,Noe Sushi Bar,75,5,30.48,344.35,56.0,0.49,1,0.7,1,0
7857,Noe Sushi Bar,103,9,65.58,971.5,42.0,0.26,0,5.9,1,0
7858,Kobe Sushi,8,4,10.0,82.66,20.0,0.38,0,3.2,0,1
7859,Kobe Sushi,51,6,18.54,370.5,25.0,0.18,0,2.9,1,0
7860,Kobe Sushi,57,5,17.55,216.37,24.0,0.15,0,7.5,0,1
7861,Kobe Sushi,4,4,19.44,251.37,52.0,0.34,0,6.5,0,1
7862,Kobe Sushi,36,6,15.3,147.61,25.0,0.33,0,12.7,0,0
7863,Kobe Sushi,19,5,19.97,351.25,62.0,0.6,0,7.3,1,0
7864,Noe Sushi Bar,24,8,26.96,715.75,41.0,0.46,0,4.2,0,1
7865,Kobe Sushi,41,8,10.0,291.56,55.0,0.18,0,4.9,0,0
7866,Nubori Experience,49,7,70.7,1349.19,37.0,0.22,0,4.5,1,0
7867,Kobe Sushi,82,7,14.23,229.23,32.0,0.23,0,11.8,0,1
7868,Kobe Sushi,97,7,21.79,267.56,37.0,0.07,0,2.3,0,0
7869,Kobe Sushi,46,4,17.71,196.49,55.0,0.36,1,1.9,0,1
7870,Kobe Sushi,36,11,22.03,820.27,68.0,0.51,0,10.5,1,0
7871,Nubori Experience,10,5,76.2,1204.07,38.0,0.44,0,4.2,0,1
7872,Kobe Sushi,119,9,18.47,619.51,53.0,0.57,0,2.3,0,1
7873,Nubori Experience,78,5,71.67,1049.06,59.0,0.38,0,1.7,1,0
7874,Nubori Experience,7,7,60.49,788.99,20.0,0.15,0,0.5,0,1
7875,Noe Sushi Bar,12,7,50.26,984.6,34.0,0.13,0,3.2,0,0
7876,Noe Sushi Bar,86,4,57.83,726.31,74.0,0.44,1,3.2,1,0
7877,Noe Sushi Bar,91,6,51.58,561.68,29.0,0.22,0,2.6,1,0
7878,Kobe Sushi,48,5,24.53,335.42,32.0,0.28,3,8.1,1,0
7879,Noe Sushi Bar,37,7,43.15,598.43,69.0,0.75,0,9.3,1,0
7880,Kobe Sushi,75,6,13.08,232.53,41.0,0.49,0,8.3,0,1
7881,Kobe Sushi,36,2,18.95,105.68,38.0,0.52,0,8.4,0,0
7882,Noe Sushi Bar,60,3,56.16,403.64,51.0,0.09,0,6.0,0,1
7883,Noe Sushi Bar,77,5,31.91,593.81,33.0,0.24,0,8.1,0,0
7884,Nubori Experience,96,4,49.06,356.64,20.0,0.29,0,9.4,0,1
7885,Kobe Sushi,8,9,17.0,416.27,37.0,0.19,3,0.5,1,0
7886,Nubori Experience,7,12,57.18,1208.76,52.0,0.31,0,3.7,0,1
7887,Kobe Sushi,107,6,23.8,516.96,50.0,0.45,0,2.5,1,0
7888,Kobe Sushi,43,5,21.11,402.05,62.0,0.58,0,15.0,0,1
7889,Kobe Sushi,58,5,24.71,437.12,45.0,0.37,1,11.3,0,0
7890,Noe Sushi Bar,81,8,47.19,1198.37,79.0,0.02,0,21.3,0,1
7891,Kobe Sushi,86,5,15.01,147.11,47.0,0.69,0,22.5,1,0
7892,Noe Sushi Bar,46,6,31.51,506.09,38.0,0.4,1,0.5,0,0
7893,Nubori Experience,34,5,60.32,1041.18,46.0,0.23,0,24.9,0,0
7894,Noe Sushi Bar,84,12,36.29,661.17,65.0,0.72,1,10.4,0,0
7895,Noe Sushi Bar,117,8,46.7,756.45,59.0,0.2,0,0.7,0,0
7896,Nubori Experience,72,9,47.39,1243.64,56.0,0.17,0,2.6,0,1
7897,Noe Sushi Bar,22,9,42.59,1391.44,49.0,0.72,0,1.2,0,1
7898,Noe Sushi Bar,91,3,45.02,329.66,20.0,0.52,0,2.5,0,0
7899,Kobe Sushi,98,4,11.44,136.85,37.0,0.62,0,0.5,0,1
7900,Nubori Experience,21,6,63.29,603.67,24.0,0.25,0,3.2,0,1
7901,Noe Sushi Bar,15,3,30.82,298.67,55.0,0.52,0,0.7,0,0
7902,Kobe Sushi,5,6,18.57,188.72,20.0,0.02,0,11.9,0,1
7903,Kobe Sushi,102,5,18.09,249.19,53.0,0.46,0,2.7,0,0
7904,Nubori Experience,17,10,68.18,1669.74,46.0,0.12,0,11.2,0,1
7905,Kobe Sushi,72,10,14.02,495.67,56.0,0.32,0,16.3,1,0
7906,Nubori Experience,19,7,56.83,661.94,27.0,0.01,0,7.4,0,1
7907,Kobe Sushi,5,6,20.18,462.37,29.0,0.11,0,1.3,0,0
7908,Chef Choy,23,7,18.59,488.87,50.0,0.45,0,2.1,1,0
7909,Kobe Sushi,83,8,24.7,717.88,37.0,0.4,0,4.0,0,0
7910,Noe Sushi Bar,14,12,33.39,1062.36,46.0,0.51,0,11.5,0,1
7911,Nubori Experience,10,6,80.01,1905.63,40.0,0.5,1,3.2,1,0
7912,Noe Sushi Bar,31,9,26.75,723.69,25.0,0.14,0,2.3,0,1
7913,Noe Sushi Bar,13,4,37.37,299.0,45.0,0.45,0,30.0,0,0
7914,Kobe Sushi,22,3,22.45,116.55,49.0,0.33,3,3.3,1,0
7915,Kobe Sushi,37,5,25.2,426.89,44.0,0.4,0,17.2,0,0
7916,Kobe Sushi,39,6,10.96,132.71,39.0,0.32,0,0.5,0,0
7917,Noe Sushi Bar,10,5,46.04,394.3,49.0,0.82,1,0.5,0,1
7918,Kobe Sushi,31,5,13.31,219.5,53.0,0.3,0,12.6,0,0
7919,Kobe Sushi,43,3,19.76,154.97,56.0,0.1,0,11.1,0,0
7920,Noe Sushi Bar,99,6,26.45,609.84,29.0,0.49,0,0.5,0,0
7921,Noe Sushi Bar,77,12,51.18,2301.35,50.0,0.48,1,0.8,0,1
7922,Noe Sushi Bar,94,8,34.52,744.06,42.0,0.14,0,6.3,0,1
7923,Kobe Sushi,98,3,12.61,141.86,26.0,0.43,2,0.5,1,0
7924,Kobe Sushi,36,8,17.98,529.4,54.0,0.02,0,2.0,0,0
7925,Nubori Experience,35,7,83.32,1844.63,33.0,0.18,0,6.9,0,0
7926,Kobe Sushi,111,7,16.07,420.54,37.0,0.38,1,5.8,0,1
7927,Nubori Experience,68,12,48.85,1421.05,22.0,0.2,0,15.4,1,0
7928,Nubori Experience,55,5,78.92,1539.81,71.0,0.27,0,4.9,1,0
7929,Chef Choy,117,4,20.35,236.81,47.0,0.22,1,24.9,1,0
7930,Kobe Sushi,68,5,20.23,325.68,52.0,0.65,0,0.5,1,0
7931,Nubori Experience,47,2,75.23,322.01,48.0,0.3,2,1.5,1,0
7932,Chef Choy,6,7,18.67,331.83,20.0,0.27,0,16.3,0,0
7933,Noe Sushi Bar,119,5,61.99,896.1,53.0,0.42,1,1.2,0,1
7934,Kobe Sushi,28,4,21.9,160.24,35.0,0.03,1,2.2,0,1
7935,Kobe Sushi,30,8,16.03,473.88,47.0,0.74,2,0.7,0,0
7936,Kobe Sushi,27,6,20.95,295.25,45.0,0.51,0,6.1,0,0
7937,Noe Sushi Bar,69,5,41.1,597.9,52.0,0.16,0,6.5,0,0
7938,Noe Sushi Bar,108,4,45.19,694.5,59.0,0.17,1,2.2,1,0
7939,Kobe Sushi,39,1,21.64,40.92,69.0,0.26,0,3.7,0,1
7940,Noe Sushi Bar,35,5,35.94,396.82,42.0,0.59,1,4.7,1,0
7941,Kobe Sushi,103,5,19.3,151.2,49.0,0.29,0,2.8,0,1
7942,Noe Sushi Bar,44,3,19.16,223.15,45.0,0.26,0,14.9,0,1
7943,Nubori Experience,15,6,73.84,843.07,54.0,0.55,0,1.1,0,1
7944,Kobe Sushi,83,5,12.91,156.73,45.0,0.18,1,18.4,0,1
7945,Kobe Sushi,94,7,23.92,408.81,69.0,0.3,0,8.7,0,0
7946,Kobe Sushi,102,5,10.68,117.33,28.0,0.45,0,1.9,1,0
7947,Noe Sushi Bar,32,5,32.72,557.94,43.0,0.52,0,6.7,0,1
7948,Noe Sushi Bar,104,3,47.72,375.01,34.0,0.53,2,0.5,0,1
7949,Nubori Experience,29,3,57.35,391.89,43.0,0.51,0,19.2,0,1
7950,Kobe Sushi,63,6,15.0,280.09,45.0,0.33,0,0.5,0,0
7951,Nubori Experience,6,3,93.42,696.51,36.0,0.1,0,14.3,1,0
7952,Kobe Sushi,90,7,10.74,115.85,40.0,0.02,1,5.9,0,1
7953,Noe Sushi Bar,27,2,48.87,169.42,26.0,0.05,0,0.7,0,0
7954,Kobe Sushi,99,2,10.0,46.2,31.0,0.51,0,11.5,0,1
7955,Nubori Experience,28,3,44.09,213.86,51.0,0.5,0,3.9,0,1
7956,Noe Sushi Bar,5,6,71.45,1405.81,50.0,0.54,1,0.8,0,1
7957,Noe Sushi Bar,41,6,67.38,1148.95,57.0,0.15,0,2.1,0,1
7958,Nubori Experience,56,10,48.76,1247.68,34.0,0.13,0,2.9,1,0
7959,Kobe Sushi,112,3,17.99,105.23,31.0,0.17,0,5.4,1,0
7960,Kobe Sushi,54,4,10.17,150.12,24.0,0.28,0,4.9,0,1
7961,Nubori Experience,80,4,75.94,833.43,41.0,0.13,1,6.8,1,0
7962,Kobe Sushi,105,9,26.12,355.63,38.0,0.08,0,8.7,0,1
7963,Kobe Sushi,18,7,29.32,411.58,42.0,0.13,0,8.5,0,0
7964,Noe Sushi Bar,77,6,43.23,835.07,61.0,0.39,0,3.2,1,0
7965,Noe Sushi Bar,43,4,17.45,200.46,54.0,0.15,0,4.7,0,0
7966,Kobe Sushi,89,8,15.04,433.83,40.0,0.36,0,20.0,0,0
7967,Kobe Sushi,74,4,15.85,253.09,59.0,0.56,0,0.5,1,0
7968,Kobe Sushi,29,5,25.0,425.57,55.0,0.22,2,1.4,1,0
7969,Noe Sushi Bar,10,6,40.17,484.54,46.0,0.53,0,0.5,0,1
7970,Nubori Experience,6,2,64.74,230.57,58.0,0.38,0,6.1,0,1
7971,Nubori Experience,80,4,48.19,416.52,31.0,0.45,0,6.7,0,1
7972,Noe Sushi Bar,89,4,51.62,779.98,25.0,0.55,2,9.3,1,0
7973,Kobe Sushi,108,2,21.16,86.62,31.0,0.19,0,0.5,1,0
7974,Nubori Experience,4,5,42.67,555.57,59.0,0.46,0,8.6,0,0
7975,Noe Sushi Bar,101,5,26.57,408.9,59.0,0.18,0,6.1,0,0
7976,Kobe Sushi,34,5,13.23,215.19,47.0,0.23,0,1.2,1,0
7977,Nubori Experience,83,5,64.38,847.45,20.0,0.09,0,0.5,0,1
7978,Chef Choy,33,5,27.06,429.38,45.0,0.19,0,1.7,0,0
7979,Noe Sushi Bar,4,6,22.95,532.03,46.0,0.14,0,0.7,0,0
7980,Noe Sushi Bar,44,1,19.94,40.31,53.0,0.14,0,8.2,1,0
7981,Kobe Sushi,98,6,13.19,208.81,46.0,0.17,0,4.4,0,1
7982,Kobe Sushi,76,1,10.34,22.12,50.0,0.41,0,4.4,0,1
7983,Noe Sushi Bar,31,9,27.86,379.88,47.0,0.34,2,6.8,0,0
7984,Kobe Sushi,80,5,23.32,316.04,74.0,0.52,0,3.3,0,1
7985,Noe Sushi Bar,66,5,45.34,584.04,48.0,0.33,0,12.4,0,0
7986,Chef Choy,113,2,30.38,198.69,45.0,0.59,0,8.8,1,0
7987,Chef Choy,58,5,31.18,339.22,46.0,0.14,0,2.3,0,0
7988,Noe Sushi Bar,60,3,33.57,342.19,26.0,0.15,1,2.5,0,0
7989,Chef Choy,2,7,26.46,543.73,23.0,0.14,1,5.0,0,1
7990,Nubori Experience,36,3,59.95,545.1,38.0,0.71,2,4.9,0,1
7991,Noe Sushi Bar,70,8,56.88,1529.88,60.0,0.28,0,30.0,0,0
7992,Kobe Sushi,60,6,10.0,189.17,20.0,0.39,0,9.4,0,1
7993,Kobe Sushi,23,3,23.03,225.74,55.0,0.53,1,1.2,1,0
7994,Kobe Sushi,103,8,16.64,474.16,35.0,0.16,2,1.9,1,0
7995,Kobe Sushi,119,4,10.0,149.27,32.0,0.81,0,1.7,0,1
7996,Kobe Sushi,47,5,18.24,187.62,46.0,0.23,0,18.6,0,1
7997,Kobe Sushi,116,7,24.23,559.81,20.0,0.51,0,7.5,0,0
7998,Noe Sushi Bar,108,7,59.71,811.4,35.0,0.44,0,1.6,1,0
7999,Nubori Experience,101,4,79.62,1269.22,40.0,0.51,0,1.0,0,0
8000,Kobe Sushi,46,6,19.76,266.44,75.0,0.35,0,3.6,0,0
8001,Noe Sushi Bar,80,2,65.19,346.29,24.0,0.59,0,25.8,0,0
8002,Noe Sushi Bar,107,5,61.66,1049.28,49.0,0.12,0,0.5,1,0
8003,Kobe Sushi,44,8,11.29,340.52,38.0,0.32,0,0.5,0,1
8004,Nubori Experience,19,5,61.55,1117.22,61.0,0.15,0,6.9,0,1
8005,Noe Sushi Bar,49,7,30.02,753.57,33.0,0.22,0,5.5,0,0
8006,Kobe Sushi,88,8,15.02,277.38,39.0,0.61,0,3.5,1,0
8007,Chef Choy,58,7,30.97,671.7,32.0,0.45,0,3.8,0,1
8008,Kobe Sushi,91,4,16.59,240.56,25.0,0.45,2,18.7,0,1
8009,Noe Sushi Bar,7,9,57.77,1555.52,43.0,0.35,0,3.5,0,1
8010,Kobe Sushi,94,8,16.74,394.42,49.0,0.32,0,2.1,0,0
8011,Nubori Experience,41,3,60.88,551.53,48.0,0.72,0,1.8,0,0
8012,Noe Sushi Bar,78,8,56.39,778.82,37.0,0.4,0,11.2,0,1
8013,Noe Sushi Bar,116,6,44.61,704.97,51.0,0.14,0,3.4,1,0
8014,Kobe Sushi,108,7,13.46,285.63,62.0,0.36,0,10.6,1,0
8015,Noe Sushi Bar,15,1,38.21,80.74,43.0,0.35,0,4.6,0,0
8016,Chef Choy,76,8,40.51,498.96,57.0,0.16,0,0.5,0,1
8017,Noe Sushi Bar,53,4,44.12,477.74,75.0,0.3,0,0.5,1,0
8018,Noe Sushi Bar,117,6,55.73,823.44,55.0,0.41,0,1.8,0,1
8019,Noe Sushi Bar,93,6,48.83,1088.69,21.0,0.43,0,1.7,1,0
8020,Nubori Experience,23,7,58.31,1301.69,36.0,0.1,0,0.5,0,1
8021,Noe Sushi Bar,77,4,39.3,363.92,20.0,0.09,1,0.5,0,0
8022,Nubori Experience,73,5,82.97,1019.9,57.0,0.57,0,4.8,1,0
8023,Nubori Experience,88,4,58.01,373.02,56.0,0.56,0,17.5,0,0
8024,Noe Sushi Bar,103,4,40.51,255.01,42.0,0.41,0,2.5,1,0
8025,Kobe Sushi,94,10,10.0,377.99,51.0,0.12,0,6.5,0,1
8026,Noe Sushi Bar,65,8,48.29,1138.37,44.0,0.14,0,3.8,0,1
8027,Nubori Experience,60,7,86.92,1067.53,33.0,0.47,0,0.5,0,0
8028,Kobe Sushi,10,6,19.41,195.24,67.0,0.5,0,7.0,0,0
8029,Noe Sushi Bar,102,9,60.79,1208.42,57.0,0.29,0,0.7,1,0
8030,Nubori Experience,58,5,62.67,683.94,20.0,0.26,0,1.3,0,0
8031,Kobe Sushi,47,7,24.56,527.31,41.0,0.19,0,14.2,0,0
8032,Noe Sushi Bar,15,4,42.61,416.89,23.0,0.87,0,16.9,0,0
8033,Kobe Sushi,9,4,20.95,257.95,20.0,0.76,0,2.3,0,0
8034,Kobe Sushi,13,5,15.75,309.75,35.0,0.07,0,0.5,0,1
8035,Chef Choy,23,2,17.72,95.13,59.0,0.53,0,0.5,0,0
8036,Kobe Sushi,33,5,20.71,271.74,48.0,0.11,0,1.5,0,0
8037,Kobe Sushi,9,4,17.03,160.21,51.0,0.61,0,13.3,0,0
8038,Nubori Experience,3,5,57.41,450.54,37.0,0.62,0,3.5,0,0
8039,Kobe Sushi,94,4,27.35,361.02,54.0,0.46,1,4.5,1,0
8040,Nubori Experience,73,6,63.91,706.71,57.0,0.21,1,19.0,0,0
8041,Nubori Experience,116,10,69.27,1295.81,48.0,0.35,0,3.7,0,1
8042,Kobe Sushi,25,8,23.12,372.78,68.0,0.08,0,5.7,0,0
8043,Kobe Sushi,111,7,12.38,135.98,53.0,0.27,0,28.9,0,0
8044,Noe Sushi Bar,88,5,47.6,751.34,37.0,0.14,0,3.5,1,0
8045,Noe Sushi Bar,96,6,51.39,691.15,26.0,0.18,0,2.3,0,0
8046,Kobe Sushi,71,5,28.41,310.3,33.0,0.33,0,3.6,0,0
8047,Noe Sushi Bar,36,6,41.0,877.37,51.0,0.12,0,6.0,1,0
8048,Kobe Sushi,89,5,14.17,180.99,55.0,0.12,0,1.1,0,1
8049,Nubori Experience,20,6,58.39,1343.87,69.0,0.58,0,1.7,0,0
8050,Kobe Sushi,81,3,15.6,134.98,51.0,0.14,0,15.6,0,1
8051,Kobe Sushi,54,10,15.35,241.03,43.0,0.24,0,5.7,0,1
8052,Kobe Sushi,100,8,19.22,356.84,34.0,0.38,3,9.1,0,1
8053,Nubori Experience,90,6,48.86,1166.27,47.0,0.67,0,7.2,1,0
8054,Noe Sushi Bar,19,6,52.39,934.41,45.0,0.61,0,0.9,0,0
8055,Nubori Experience,60,5,43.84,406.39,20.0,0.11,0,2.2,0,1
8056,Kobe Sushi,37,7,17.9,327.54,37.0,0.24,0,1.6,0,1
8057,Kobe Sushi,112,4,20.02,312.96,49.0,0.17,0,3.4,1,0
8058,Kobe Sushi,3,3,10.0,104.4,51.0,0.15,0,19.0,0,0
8059,Noe Sushi Bar,107,5,44.7,804.85,44.0,0.36,0,17.7,0,1
8060,Noe Sushi Bar,92,11,35.9,1060.46,63.0,0.13,0,1.3,1,0
8061,Noe Sushi Bar,86,7,36.61,685.45,28.0,0.64,0,1.8,0,0
8062,Kobe Sushi,111,4,15.1,123.74,29.0,0.04,0,0.5,0,1
8063,Nubori Experience,19,6,73.2,1669.77,54.0,0.05,0,1.7,0,1
8064,Kobe Sushi,53,3,20.75,135.42,45.0,0.36,0,0.5,0,1
8065,Nubori Experience,120,4,31.84,300.44,32.0,0.13,0,4.5,1,0
8066,Kobe Sushi,46,10,29.88,730.67,35.0,0.36,0,13.3,0,0
8067,Noe Sushi Bar,80,5,23.75,251.71,62.0,0.41,0,2.4,0,1
8068,Kobe Sushi,56,2,15.12,64.5,20.0,0.45,0,0.8,1,0
8069,Noe Sushi Bar,70,4,52.36,648.76,33.0,0.28,0,4.5,0,0
8070,Noe Sushi Bar,101,5,53.23,786.7,45.0,0.62,0,20.4,1,0
8071,Noe Sushi Bar,31,5,48.94,954.83,33.0,0.57,0,3.5,0,1
8072,Noe Sushi Bar,53,7,63.2,1049.39,33.0,0.58,0,4.8,1,0
8073,Noe Sushi Bar,113,5,36.38,655.67,44.0,0.05,0,3.8,0,1
8074,Noe Sushi Bar,112,2,47.84,155.82,64.0,0.57,0,4.0,0,1
8075,Nubori Experience,34,8,49.72,1498.88,65.0,0.3,0,0.5,0,1
8076,Kobe Sushi,31,6,10.0,221.11,55.0,0.27,0,5.0,0,0
8077,Noe Sushi Bar,60,3,50.25,454.74,56.0,0.52,0,7.8,1,0
8078,Noe Sushi Bar,11,5,46.42,682.21,20.0,0.4,3,6.1,1,0
8079,Kobe Sushi,100,7,12.1,299.03,64.0,0.41,0,5.8,0,1
8080,Noe Sushi Bar,6,4,45.1,499.49,45.0,0.63,0,5.7,0,0
8081,Kobe Sushi,27,5,16.71,269.12,49.0,0.39,3,15.3,0,0
8082,Kobe Sushi,7,9,14.44,215.51,61.0,0.44,0,9.7,1,0
8083,Kobe Sushi,49,7,10.0,252.72,75.0,0.32,3,8.6,0,1
8084,Kobe Sushi,96,10,23.89,538.93,33.0,0.28,0,14.5,1,0
8085,Noe Sushi Bar,72,7,67.51,1438.2,67.0,0.29,0,22.9,0,0
8086,Noe Sushi Bar,60,7,35.37,786.85,49.0,0.63,0,5.8,1,0
8087,Nubori Experience,33,5,72.48,788.29,44.0,0.27,0,9.0,0,0
8088,Noe Sushi Bar,47,15,63.79,2062.29,57.0,0.79,0,2.7,0,0
8089,Kobe Sushi,116,5,14.96,288.81,52.0,0.3,0,2.4,0,1
8090,Nubori Experience,44,4,75.93,620.17,39.0,0.51,0,1.4,0,1
8091,Nubori Experience,79,9,74.52,1753.71,31.0,0.37,0,0.7,0,0
8092,Noe Sushi Bar,119,4,38.75,320.87,60.0,0.26,0,26.0,0,0
8093,Noe Sushi Bar,27,1,22.75,82.49,43.0,0.3,0,5.1,0,1
8094,Nubori Experience,94,7,75.93,836.32,43.0,0.17,0,2.1,0,1
8095,Noe Sushi Bar,22,7,37.93,510.37,42.0,0.13,0,7.0,0,1
8096,Nubori Experience,47,4,54.61,568.83,53.0,0.43,0,7.1,0,1
8097,Kobe Sushi,93,6,17.04,217.67,31.0,0.25,0,6.0,0,0
8098,Kobe Sushi,105,5,22.23,189.37,20.0,0.34,0,1.5,1,0
8099,Noe Sushi Bar,48,4,42.93,517.88,60.0,0.07,0,4.4,0,1
8100,Noe Sushi Bar,30,5,51.99,708.47,54.0,0.28,1,1.8,0,0
8101,Nubori Experience,2,7,44.95,888.39,45.0,0.36,1,16.8,1,0
8102,Nubori Experience,15,8,60.86,951.17,29.0,0.31,0,2.9,0,0
8103,Kobe Sushi,47,5,19.06,144.87,29.0,0.45,0,11.4,0,0
8104,Kobe Sushi,27,6,20.49,259.34,22.0,0.26,0,2.7,1,0
8105,Nubori Experience,71,4,71.45,563.1,33.0,0.38,0,7.2,1,0
8106,Noe Sushi Bar,27,10,58.17,2273.4,41.0,0.18,0,3.5,1,0
8107,Kobe Sushi,85,7,20.97,307.83,30.0,0.44,0,3.5,0,0
8108,Noe Sushi Bar,13,3,50.82,443.82,31.0,0.28,0,8.0,0,0
8109,Noe Sushi Bar,55,4,33.42,490.13,49.0,0.18,0,8.4,0,0
8110,Chef Choy,17,8,16.62,309.59,48.0,0.27,0,2.0,0,0
8111,Noe Sushi Bar,75,4,28.12,374.83,49.0,0.38,0,4.2,1,0
8112,Kobe Sushi,59,4,15.5,124.6,46.0,0.31,0,7.2,0,0
8113,Nubori Experience,10,6,90.23,1191.42,47.0,0.76,0,2.0,1,0
8114,Noe Sushi Bar,33,5,31.01,619.98,77.0,0.1,0,0.5,0,1
8115,Noe Sushi Bar,78,3,14.23,156.06,35.0,0.29,0,3.2,0,0
8116,Kobe Sushi,37,1,18.99,39.18,69.0,0.06,0,10.3,0,1
8117,Noe Sushi Bar,8,7,35.97,845.07,46.0,0.06,0,7.4,0,1
8118,Kobe Sushi,33,7,26.03,295.52,55.0,0.12,0,2.0,1,0
8119,Kobe Sushi,7,3,10.02,67.81,43.0,0.42,1,2.0,0,0
8120,Noe Sushi Bar,34,4,32.83,270.68,54.0,0.61,0,0.9,0,1
8121,Kobe Sushi,71,6,25.0,259.97,44.0,0.31,0,1.9,0,1
8122,Noe Sushi Bar,7,8,39.5,844.11,68.0,0.28,0,9.4,0,1
8123,Kobe Sushi,41,5,20.32,357.15,46.0,0.21,0,1.2,0,1
8124,Noe Sushi Bar,118,4,46.82,671.01,61.0,0.31,0,2.8,0,0
8125,Kobe Sushi,100,6,17.87,327.96,29.0,0.24,1,2.5,1,1
8126,Kobe Sushi,55,8,17.66,460.8,46.0,0.53,2,3.2,1,0
8127,Kobe Sushi,7,7,17.91,408.11,50.0,0.64,0,0.9,0,0
8128,Nubori Experience,84,7,76.9,884.79,37.0,0.43,0,19.6,1,0
8129,Nubori Experience,18,10,65.7,1558.53,47.0,0.23,0,13.6,0,0
8130,Kobe Sushi,109,7,19.03,217.9,37.0,0.23,0,3.4,0,0
8131,Chef Choy,43,5,20.82,331.32,47.0,0.34,0,20.4,0,1
8132,Noe Sushi Bar,105,4,44.94,400.06,48.0,0.51,0,4.0,0,1
8133,Nubori Experience,78,4,68.82,672.31,31.0,0.56,0,3.4,0,1
8134,Kobe Sushi,40,5,14.17,151.42,21.0,0.63,0,1.5,0,0
8135,Noe Sushi Bar,53,7,40.64,553.05,40.0,0.38,0,1.6,0,1
8136,Kobe Sushi,14,4,21.13,158.7,56.0,0.11,0,0.5,0,0
8137,Kobe Sushi,21,6,12.65,190.06,41.0,0.18,0,2.9,0,0
8138,Nubori Experience,113,6,58.74,1070.08,28.0,0.13,1,4.5,0,1
8139,Noe Sushi Bar,57,2,44.97,150.62,30.0,0.38,1,1.4,1,0
8140,Kobe Sushi,91,7,11.42,175.57,35.0,0.36,0,0.8,0,0
8141,Kobe Sushi,46,6,15.32,179.11,79.0,0.57,0,3.5,1,0
8142,Noe Sushi Bar,26,8,69.36,1110.42,20.0,0.09,0,16.5,0,0
8143,Noe Sushi Bar,91,5,18.07,339.71,58.0,0.29,0,11.9,0,1
8144,Kobe Sushi,24,4,19.88,175.7,39.0,0.21,0,3.6,0,1
8145,Nubori Experience,5,8,68.34,1059.34,59.0,0.35,0,2.7,0,1
8146,Kobe Sushi,42,6,18.38,330.97,39.0,0.15,2,2.3,1,0
8147,Kobe Sushi,102,8,14.07,241.05,47.0,0.33,3,3.2,1,0
8148,Nubori Experience,92,3,67.96,580.29,35.0,0.34,0,4.1,0,1
8149,Kobe Sushi,106,7,16.45,278.09,64.0,0.59,0,0.6,0,1
8150,Kobe Sushi,43,5,19.26,250.87,62.0,0.45,0,0.5,0,0
8151,Noe Sushi Bar,32,2,71.48,290.66,45.0,0.28,0,1.7,1,0
8152,Nubori Experience,88,5,84.49,768.96,20.0,0.28,0,9.4,1,0
8153,Kobe Sushi,6,8,16.07,486.28,40.0,0.2,0,27.7,0,1
8154,Nubori Experience,74,10,59.76,1137.11,30.0,0.24,0,1.8,1,0
8155,Chef Choy,110,4,22.97,347.03,49.0,0.29,0,1.7,1,0
8156,Kobe Sushi,116,8,17.63,305.25,47.0,0.44,0,1.1,0,1
8157,Noe Sushi Bar,67,4,49.75,586.15,63.0,0.59,0,1.9,0,0
8158,Kobe Sushi,7,3,17.83,113.62,31.0,0.58,0,12.3,0,0
8159,Noe Sushi Bar,29,6,35.0,581.36,33.0,0.17,0,0.6,0,1
8160,Chef Choy,34,5,30.92,330.7,70.0,0.44,0,10.9,1,0
8161,Nubori Experience,7,7,55.86,631.29,48.0,0.4,0,1.9,1,0
8162,Kobe Sushi,81,7,13.69,231.67,26.0,0.71,0,8.8,1,0
8163,Noe Sushi Bar,77,3,51.08,546.8,41.0,0.51,0,4.0,0,0
8164,Noe Sushi Bar,58,5,56.62,470.74,73.0,0.88,0,2.3,1,0
8165,Kobe Sushi,85,4,23.43,330.87,50.0,0.14,0,3.1,0,0
8166,Kobe Sushi,31,5,29.97,358.16,29.0,0.2,0,3.6,0,0
8167,Kobe Sushi,73,3,17.72,116.79,41.0,0.25,0,0.5,1,0
8168,Noe Sushi Bar,45,7,44.92,1169.1,59.0,0.27,3,1.1,1,0
8169,Noe Sushi Bar,47,5,53.24,463.05,37.0,0.4,1,3.1,1,0
8170,Kobe Sushi,77,10,12.31,212.67,37.0,0.12,0,2.4,0,1
8171,Nubori Experience,81,2,55.28,417.44,62.0,0.22,3,14.0,1,0
8172,Nubori Experience,72,4,59.17,852.14,20.0,0.42,0,1.7,0,0
8173,Noe Sushi Bar,73,11,48.01,1417.66,51.0,0.28,0,1.1,0,0
8174,Kobe Sushi,73,5,10.4,86.15,43.0,0.21,0,0.5,1,0
8175,Noe Sushi Bar,40,7,42.27,583.5,47.0,0.52,0,8.9,0,1
8176,Kobe Sushi,112,5,10.32,132.38,23.0,0.08,0,1.4,0,1
8177,Kobe Sushi,116,5,30.41,596.25,54.0,0.35,0,3.4,0,1
8178,Noe Sushi Bar,30,9,43.4,823.51,35.0,0.38,0,8.5,0,1
8179,Kobe Sushi,62,6,19.68,192.23,57.0,0.3,2,0.7,0,0
8180,Kobe Sushi,71,8,12.23,337.81,36.0,0.81,0,3.0,0,0
8181,Kobe Sushi,17,5,27.77,541.79,44.0,0.39,0,11.2,0,1
8182,Kobe Sushi,103,9,19.01,436.1,81.0,0.21,1,2.3,1,0
8183,Kobe Sushi,102,5,17.44,288.15,46.0,0.54,0,2.2,1,0
8184,Nubori Experience,5,7,68.47,1683.39,31.0,0.04,0,1.2,0,0
8185,Kobe Sushi,81,6,20.91,272.91,50.0,0.69,3,19.1,0,0
8186,Kobe Sushi,104,9,13.54,445.47,47.0,0.19,0,8.2,0,1
8187,Kobe Sushi,1,2,12.75,89.46,50.0,0.41,0,4.6,0,0
8188,Nubori Experience,80,7,79.97,1039.09,20.0,0.21,0,15.4,0,0
8189,Noe Sushi Bar,81,4,60.89,830.35,34.0,0.44,0,3.2,0,0
8190,Kobe Sushi,94,6,19.99,229.82,45.0,0.28,0,3.4,1,0
8191,Nubori Experience,31,6,76.06,961.27,37.0,0.54,0,7.1,0,1
8192,Kobe Sushi,35,5,27.61,250.2,31.0,0.06,0,4.7,0,1
8193,Kobe Sushi,109,8,17.14,522.91,20.0,0.55,0,8.2,1,0
8194,Kobe Sushi,72,7,15.85,182.92,38.0,0.43,1,7.1,1,0
8195,Kobe Sushi,112,9,15.02,507.06,66.0,0.3,0,1.2,1,0
8196,Kobe Sushi,120,5,13.61,105.56,41.0,0.34,0,4.5,0,0
8197,Noe Sushi Bar,30,7,40.35,790.23,47.0,0.4,0,6.5,0,1
8198,Kobe Sushi,103,8,11.76,286.27,53.0,0.51,0,12.4,1,0
8199,Noe Sushi Bar,85,2,54.74,370.18,40.0,0.18,0,22.3,0,0
8200,Kobe Sushi,15,6,26.57,398.11,31.0,0.57,0,3.4,0,0
8201,Kobe Sushi,120,7,10.5,228.67,30.0,0.17,0,5.4,0,1
8202,Noe Sushi Bar,98,3,54.96,368.69,56.0,0.43,0,11.2,0,0
8203,Nubori Experience,56,5,76.27,1178.7,29.0,0.48,0,0.6,0,1
8204,Kobe Sushi,60,4,15.86,192.18,49.0,0.18,0,2.3,0,0
8205,Noe Sushi Bar,27,4,56.53,590.42,47.0,0.37,0,20.9,0,0
8206,Kobe Sushi,2,2,11.77,88.22,50.0,0.05,0,6.6,0,0
8207,Kobe Sushi,74,5,23.58,216.11,48.0,0.12,1,1.6,1,0
8208,Kobe Sushi,64,10,26.27,992.41,39.0,0.37,0,3.5,0,1
8209,Kobe Sushi,5,5,25.91,394.47,79.0,0.46,0,0.9,0,1
8210,Kobe Sushi,91,9,31.77,1110.97,36.0,0.15,0,8.7,0,1
8211,Kobe Sushi,68,8,15.05,257.83,67.0,0.47,0,10.5,1,0
8212,Chef Choy,111,8,35.33,900.11,23.0,0.25,0,0.9,1,0
8213,Kobe Sushi,13,6,27.36,383.16,63.0,0.54,3,14.0,0,0
8214,Noe Sushi Bar,81,4,56.86,506.01,46.0,0.24,0,13.8,1,0
8215,Kobe Sushi,85,9,21.31,710.81,34.0,0.36,0,8.8,1,0
8216,Noe Sushi Bar,23,7,61.11,1448.89,54.0,0.58,0,7.2,0,0
8217,Noe Sushi Bar,97,7,15.87,179.65,36.0,0.26,0,5.1,1,0
8218,Kobe Sushi,50,5,16.17,138.44,32.0,0.32,0,1.1,0,1
8219,Kobe Sushi,79,6,10.97,112.05,31.0,0.26,0,4.4,1,0
8220,Noe Sushi Bar,78,7,45.15,1096.4,24.0,0.14,0,6.7,0,0
8221,Nubori Experience,73,4,76.56,860.0,50.0,0.42,0,21.0,1,0
8222,Kobe Sushi,108,6,21.58,357.75,49.0,0.59,0,2.0,0,1
8223,Kobe Sushi,37,4,10.7,136.4,69.0,0.56,0,30.0,0,0
8224,Nubori Experience,30,6,39.08,567.33,32.0,0.1,0,1.0,0,1
8225,Kobe Sushi,93,2,20.02,155.9,52.0,0.65,0,8.3,1,0
8226,Noe Sushi Bar,23,5,20.22,230.7,68.0,0.55,0,7.5,0,0
8227,Kobe Sushi,34,6,17.07,296.04,48.0,0.27,0,4.0,0,1
8228,Kobe Sushi,119,2,22.28,102.28,51.0,0.23,0,2.9,0,1
8229,Noe Sushi Bar,64,9,31.64,570.1,31.0,0.33,0,3.7,0,1
8230,Noe Sushi Bar,55,5,27.8,483.14,20.0,0.4,0,2.7,0,1
8231,Kobe Sushi,71,7,22.17,287.62,60.0,0.14,2,1.7,0,1
8232,Noe Sushi Bar,117,9,33.86,739.96,29.0,0.24,0,0.7,0,1
8233,Chef Choy,9,4,32.47,494.92,60.0,0.34,0,0.5,0,0
8234,Noe Sushi Bar,114,2,43.73,307.37,49.0,0.31,0,3.0,1,0
8235,Kobe Sushi,4,5,25.76,232.7,51.0,0.19,0,1.6,1,0
8236,Noe Sushi Bar,66,8,24.95,490.39,47.0,0.28,0,11.3,0,0
8237,Noe Sushi Bar,120,7,53.73,981.59,58.0,0.31,0,13.9,0,1
8238,Chef Choy,91,7,24.86,567.48,34.0,0.42,0,0.5,0,1
8239,Noe Sushi Bar,33,3,43.39,494.87,57.0,0.12,0,0.7,0,1
8240,Kobe Sushi,32,5,18.67,331.85,28.0,0.18,0,9.2,0,0
8241,Noe Sushi Bar,44,4,69.39,734.96,47.0,0.45,3,7.6,0,0
8242,Noe Sushi Bar,109,10,37.26,1331.58,34.0,0.09,0,4.7,0,0
8243,Kobe Sushi,110,9,11.82,262.59,44.0,0.2,3,1.6,1,0
8244,Noe Sushi Bar,37,8,35.62,747.34,42.0,0.69,0,7.3,0,1
8245,Kobe Sushi,91,7,11.89,332.42,32.0,0.41,0,8.3,1,0
8246,Noe Sushi Bar,92,4,30.85,246.82,62.0,0.31,0,0.9,0,1
8247,Kobe Sushi,67,8,12.02,276.55,59.0,0.73,0,8.0,0,0
8248,Noe Sushi Bar,60,4,64.53,737.43,44.0,0.54,0,2.0,0,0
8249,Nubori Experience,59,6,53.11,591.29,56.0,0.12,0,8.4,0,0
8250,Chef Choy,36,6,16.91,320.43,51.0,0.43,0,6.4,0,0
8251,Nubori Experience,49,8,66.23,1478.57,43.0,0.4,0,3.9,0,1
8252,Nubori Experience,51,8,62.18,1747.33,32.0,0.35,0,3.5,1,0
8253,Kobe Sushi,107,2,13.84,92.01,31.0,0.32,0,1.4,1,1
8254,Noe Sushi Bar,8,2,57.2,398.53,55.0,0.56,0,3.5,0,0
8255,Noe Sushi Bar,108,6,44.29,922.47,30.0,0.19,0,4.7,0,0
8256,Nubori Experience,50,6,78.3,972.68,47.0,0.16,0,0.5,0,0
8257,Kobe Sushi,114,6,18.8,448.58,70.0,0.09,0,9.0,1,0
8258,Nubori Experience,41,6,39.44,734.79,63.0,0.42,0,6.0,0,1
8259,Noe Sushi Bar,101,8,37.39,778.76,58.0,0.48,0,2.1,0,1
8260,Chef Choy,117,6,34.46,609.67,35.0,0.07,0,6.1,1,0
8261,Kobe Sushi,113,7,21.46,241.8,47.0,0.27,0,6.0,0,0
8262,Kobe Sushi,109,10,18.76,571.37,48.0,0.14,0,2.5,1,0
8263,Chef Choy,38,9,30.55,644.13,50.0,0.43,0,2.9,0,1
8264,Kobe Sushi,120,9,12.41,208.07,49.0,0.37,0,3.5,1,0
8265,Nubori Experience,86,2,61.65,343.0,45.0,0.23,0,7.4,0,1
8266,Kobe Sushi,78,6,28.28,638.9,35.0,0.38,0,3.3,0,0
8267,Noe Sushi Bar,79,4,58.97,749.69,56.0,0.29,0,15.0,1,0
8268,Kobe Sushi,55,6,21.15,306.94,43.0,0.74,0,5.3,1,0
8269,Noe Sushi Bar,110,7,43.89,947.15,20.0,0.21,0,0.5,0,1
8270,Noe Sushi Bar,68,5,21.03,333.71,26.0,0.54,0,2.7,0,1
8271,Kobe Sushi,18,4,25.74,205.2,39.0,0.5,0,8.8,1,0
8272,Kobe Sushi,65,4,19.47,235.09,41.0,0.28,0,11.3,0,0
8273,Kobe Sushi,64,9,18.1,287.1,26.0,0.26,0,6.1,1,0
8274,Noe Sushi Bar,12,4,47.88,596.06,31.0,0.55,2,0.9,0,1
8275,Noe Sushi Bar,118,7,41.74,1124.83,56.0,0.48,1,2.7,0,1
8276,Noe Sushi Bar,41,4,40.45,431.9,65.0,0.37,0,8.6,0,0
8277,Noe Sushi Bar,42,9,52.65,1771.54,39.0,0.49,0,14.6,0,1
8278,Noe Sushi Bar,117,6,34.25,598.26,61.0,0.23,1,6.3,0,1
8279,Kobe Sushi,60,8,28.51,784.77,55.0,0.27,0,0.9,1,0
8280,Kobe Sushi,50,12,21.65,516.65,37.0,0.2,0,3.5,0,0
8281,Kobe Sushi,81,7,21.07,564.64,22.0,0.16,1,1.2,0,1
8282,Nubori Experience,83,5,73.93,763.2,62.0,0.69,2,2.6,0,1
8283,Nubori Experience,36,5,38.7,612.51,65.0,0.67,0,1.4,0,1
8284,Kobe Sushi,48,7,17.56,383.61,21.0,0.17,0,6.9,0,0
8285,Noe Sushi Bar,71,7,48.9,1104.34,64.0,0.52,0,30.0,0,1
8286,Nubori Experience,73,12,54.98,2159.49,39.0,0.27,0,1.8,1,0
8287,Noe Sushi Bar,8,3,51.78,390.61,44.0,0.19,0,0.5,0,1
8288,Kobe Sushi,25,7,21.59,463.7,21.0,0.43,1,12.5,0,0
8289,Kobe Sushi,7,8,19.4,404.56,51.0,0.45,0,8.1,1,0
8290,Noe Sushi Bar,106,9,37.16,587.85,26.0,0.13,1,14.6,0,0
8291,Nubori Experience,8,8,84.19,1277.47,50.0,0.3,0,17.7,0,0
8292,Noe Sushi Bar,88,6,32.83,421.22,34.0,0.42,2,12.7,0,0
8293,Kobe Sushi,81,4,14.07,187.93,49.0,0.08,0,26.6,0,1
8294,Kobe Sushi,76,5,23.63,251.01,53.0,0.1,0,4.1,0,0
8295,Chef Choy,110,11,31.13,1271.53,42.0,0.47,0,3.5,1,0
8296,Nubori Experience,31,5,68.59,1304.67,36.0,0.17,0,1.8,0,1
8297,Noe Sushi Bar,12,10,50.71,1498.3,45.0,0.25,0,2.2,0,1
8298,Noe Sushi Bar,57,8,48.07,1471.94,45.0,0.16,0,3.8,1,0
8299,Kobe Sushi,66,8,29.64,413.17,33.0,0.3,0,10.8,0,0
8300,Nubori Experience,12,4,67.7,499.12,46.0,0.25,0,2.4,0,0
8301,Chef Choy,27,6,28.4,513.46,45.0,0.3,1,2.5,0,1
8302,Kobe Sushi,46,7,24.57,290.41,66.0,0.55,0,5.6,0,0
8303,Noe Sushi Bar,7,4,42.09,587.65,32.0,0.45,0,21.5,0,0
8304,Kobe Sushi,61,5,12.18,122.35,54.0,0.02,0,1.4,0,1
8305,Kobe Sushi,58,4,16.69,246.97,63.0,0.13,0,7.3,1,0
8306,Kobe Sushi,58,9,12.2,222.81,28.0,0.2,3,11.7,1,0
8307,Kobe Sushi,13,5,17.91,241.18,42.0,0.34,0,3.1,0,0
8308,Kobe Sushi,53,5,10.0,78.63,38.0,0.15,0,10.9,0,0
8309,Noe Sushi Bar,100,6,26.5,549.9,34.0,0.53,0,3.6,1,0
8310,Noe Sushi Bar,65,6,24.53,288.59,40.0,0.58,1,1.0,1,0
8311,Noe Sushi Bar,49,6,45.05,966.99,43.0,0.36,0,0.9,0,1
8312,Kobe Sushi,35,5,20.84,251.65,30.0,0.04,0,4.8,0,1
8313,Kobe Sushi,94,4,22.54,150.15,50.0,0.18,0,5.9,0,0
8314,Noe Sushi Bar,95,4,39.5,542.83,27.0,0.08,0,5.6,0,1
8315,Kobe Sushi,17,3,16.27,96.04,20.0,0.22,0,5.6,0,1
8316,Kobe Sushi,72,5,23.61,235.96,33.0,0.33,0,1.6,0,0
8317,Nubori Experience,67,6,57.97,1065.34,51.0,0.42,0,0.5,0,0
8318,Noe Sushi Bar,10,2,39.44,132.0,63.0,0.57,3,0.5,1,0
8319,Nubori Experience,34,9,67.46,2204.97,27.0,0.13,0,12.8,0,0
8320,Noe Sushi Bar,86,5,34.73,471.57,48.0,0.55,0,2.1,1,0
8321,Kobe Sushi,4,6,28.14,658.81,59.0,0.17,0,17.4,0,0
8322,Noe Sushi Bar,96,7,47.88,1161.14,37.0,0.24,0,1.1,1,0
8323,Kobe Sushi,29,6,17.33,370.86,45.0,0.32,0,0.5,1,1
8324,Noe Sushi Bar,46,4,63.64,957.67,65.0,0.42,0,12.1,0,0
8325,Kobe Sushi,75,6,25.97,420.12,40.0,0.24,0,2.3,1,0
8326,Nubori Experience,46,3,46.96,523.55,58.0,0.48,0,1.5,1,0
8327,Kobe Sushi,77,7,17.79,326.5,71.0,0.16,0,0.5,0,1
8328,Nubori Experience,59,8,52.47,1160.54,40.0,0.09,1,7.5,1,0
8329,Nubori Experience,61,12,47.86,1604.79,53.0,0.24,0,5.5,0,0
8330,Noe Sushi Bar,68,6,47.88,1111.12,23.0,0.13,0,11.4,1,0
8331,Noe Sushi Bar,66,7,37.51,912.82,42.0,0.19,0,4.9,1,0
8332,Noe Sushi Bar,34,2,49.08,243.38,53.0,0.18,0,6.6,0,0
8333,Nubori Experience,107,4,84.21,875.21,53.0,0.32,1,5.2,1,0
8334,Noe Sushi Bar,86,8,33.46,656.23,27.0,0.41,1,3.3,1,0
8335,Chef Choy,5,4,24.55,287.41,52.0,0.5,0,5.6,0,1
8336,Noe Sushi Bar,9,7,32.14,834.47,38.0,0.12,0,10.8,0,1
8337,Nubori Experience,20,4,78.65,1148.18,35.0,0.18,0,0.5,0,0
8338,Noe Sushi Bar,21,6,39.28,710.43,51.0,0.41,0,5.4,0,1
8339,Noe Sushi Bar,17,9,41.7,1113.68,20.0,0.1,0,0.6,0,0
8340,Chef Choy,12,8,39.8,1034.81,68.0,0.31,0,21.0,0,0
8341,Nubori Experience,92,4,85.98,888.96,72.0,0.34,1,1.4,1,0
8342,Noe Sushi Bar,82,5,35.69,396.88,38.0,0.12,1,0.5,0,0
8343,Kobe Sushi,67,7,16.45,303.18,39.0,0.13,0,1.4,0,1
8344,Noe Sushi Bar,5,9,37.87,651.87,54.0,0.29,0,2.7,1,0
8345,Nubori Experience,60,6,57.47,888.27,20.0,0.47,0,11.7,0,0
8346,Chef Choy,53,3,20.68,185.32,55.0,0.48,1,4.0,0,1
8347,Nubori Experience,52,4,59.6,456.49,42.0,0.25,0,1.2,1,0
8348,Kobe Sushi,78,4,19.56,145.89,20.0,0.09,0,0.5,1,0
8349,Noe Sushi Bar,48,5,46.16,536.18,61.0,0.22,0,5.8,0,1
8350,Noe Sushi Bar,90,8,49.69,1167.58,46.0,0.35,0,0.5,0,1
8351,Nubori Experience,19,4,62.08,677.61,38.0,0.61,0,8.0,0,0
8352,Kobe Sushi,105,6,10.32,232.94,39.0,0.12,0,2.9,1,0
8353,Nubori Experience,17,5,70.78,1037.56,57.0,0.39,0,12.7,0,1
8354,Noe Sushi Bar,54,9,21.92,365.59,35.0,0.51,0,20.2,1,0
8355,Kobe Sushi,103,10,17.78,456.03,66.0,0.59,0,0.7,0,1
8356,Kobe Sushi,106,10,18.14,661.83,44.0,0.46,1,6.5,0,1
8357,Kobe Sushi,68,6,14.84,349.48,35.0,0.12,3,3.6,0,0
8358,Noe Sushi Bar,106,9,35.35,1073.12,55.0,0.59,0,2.8,1,0
8359,Kobe Sushi,35,8,22.92,321.77,42.0,0.11,0,6.2,1,0
8360,Kobe Sushi,88,6,10.0,204.26,39.0,0.42,0,2.4,0,0
8361,Nubori Experience,41,5,65.61,910.52,54.0,0.43,0,8.9,1,1
8362,Kobe Sushi,13,7,12.54,260.45,20.0,0.17,0,7.0,0,1
8363,Kobe Sushi,33,7,17.95,446.39,62.0,0.23,0,2.1,0,0
8364,Noe Sushi Bar,15,5,45.53,721.79,32.0,0.21,0,4.1,0,1
8365,Noe Sushi Bar,63,5,27.12,345.5,42.0,0.26,0,3.0,1,0
8366,Chef Choy,15,6,22.53,214.98,59.0,0.38,0,12.4,1,1
8367,Noe Sushi Bar,31,6,52.58,767.98,59.0,0.03,1,18.4,0,0
8368,Chef Choy,107,11,10.0,210.85,45.0,0.4,1,6.0,1,0
8369,Noe Sushi Bar,28,4,44.94,510.43,28.0,0.24,3,1.8,0,0
8370,Kobe Sushi,10,4,18.07,126.16,23.0,0.32,1,5.5,0,0
8371,Kobe Sushi,57,4,20.15,249.32,39.0,0.27,0,9.1,0,0
8372,Noe Sushi Bar,71,4,45.17,425.98,28.0,0.57,0,1.3,1,0
8373,Kobe Sushi,33,9,23.97,508.03,56.0,0.04,0,11.0,1,0
8374,Noe Sushi Bar,7,5,22.55,383.99,29.0,0.51,0,4.8,1,0
8375,Noe Sushi Bar,5,4,15.27,216.28,34.0,0.36,0,0.9,0,1
8376,Kobe Sushi,90,8,26.65,675.66,25.0,0.05,0,1.8,0,0
8377,Kobe Sushi,119,4,16.4,180.57,67.0,0.24,0,7.7,1,0
8378,Kobe Sushi,80,10,17.53,664.86,52.0,0.06,0,9.8,1,0
8379,Noe Sushi Bar,57,7,32.71,705.07,51.0,0.27,0,1.3,0,1
8380,Noe Sushi Bar,72,7,58.75,1150.83,39.0,0.48,0,0.5,0,1
8381,Noe Sushi Bar,86,3,25.39,115.84,38.0,0.18,0,0.5,0,0
8382,Kobe Sushi,98,8,19.1,461.2,51.0,0.29,0,3.7,0,0
8383,Noe Sushi Bar,40,9,42.28,971.32,20.0,0.12,0,10.0,0,1
8384,Nubori Experience,28,5,62.07,631.37,34.0,0.7,0,17.5,0,0
8385,Kobe Sushi,110,3,20.95,169.9,43.0,0.25,0,5.9,1,0
8386,Noe Sushi Bar,36,8,45.56,1349.22,50.0,0.07,0,2.1,1,1
8387,Nubori Experience,56,3,71.82,530.68,63.0,0.08,0,1.3,1,0
8388,Kobe Sushi,47,7,17.69,200.24,42.0,0.11,0,8.0,0,0
8389,Noe Sushi Bar,71,6,52.29,1192.39,34.0,0.65,0,5.9,0,1
8390,Kobe Sushi,116,7,23.6,581.31,78.0,0.44,0,2.5,0,0
8391,Noe Sushi Bar,40,4,52.42,694.02,32.0,0.72,0,3.8,0,0
8392,Kobe Sushi,59,6,19.1,375.95,41.0,0.16,0,0.5,0,0
8393,Nubori Experience,43,7,44.51,485.37,20.0,0.49,0,8.4,0,1
8394,Noe Sushi Bar,92,7,38.44,585.87,53.0,0.13,0,3.8,0,0
8395,Chef Choy,66,4,18.88,272.45,33.0,0.23,0,16.5,0,0
8396,Noe Sushi Bar,9,4,46.06,722.68,62.0,0.63,1,3.4,1,0
8397,Noe Sushi Bar,6,6,48.0,1058.96,39.0,0.16,0,0.5,0,1
8398,Noe Sushi Bar,119,3,40.37,280.18,43.0,0.45,0,1.7,0,0
8399,Nubori Experience,65,11,58.59,1872.58,63.0,0.06,0,5.3,1,0
8400,Nubori Experience,3,5,77.1,983.8,55.0,0.58,0,9.3,0,0
8401,Noe Sushi Bar,74,3,63.13,698.36,43.0,0.34,0,6.7,1,0
8402,Nubori Experience,37,6,73.84,1269.74,28.0,0.58,0,0.5,0,1
8403,Noe Sushi Bar,108,5,39.92,350.04,51.0,0.64,0,8.7,0,1
8404,Noe Sushi Bar,87,3,45.82,426.44,42.0,0.14,0,15.3,1,0
8405,Noe Sushi Bar,33,9,35.92,880.29,48.0,0.35,0,2.0,0,1
8406,Kobe Sushi,9,4,20.28,320.06,36.0,0.34,0,1.1,0,0
8407,Kobe Sushi,53,2,13.55,58.23,42.0,0.44,0,6.0,1,0
8408,Kobe Sushi,77,7,13.5,186.69,76.0,0.43,0,5.8,1,0
8409,Noe Sushi Bar,92,4,37.96,392.18,32.0,0.62,0,0.5,0,1
8410,Kobe Sushi,51,11,16.06,391.0,46.0,0.46,1,2.9,1,0
8411,Noe Sushi Bar,71,4,63.46,628.92,48.0,0.1,3,7.9,1,0
8412,Nubori Experience,26,4,51.26,695.89,28.0,0.23,0,10.6,0,0
8413,Kobe Sushi,16,5,17.72,245.87,70.0,0.15,0,0.5,1,0
8414,Noe Sushi Bar,40,6,21.72,218.47,35.0,0.21,0,23.2,0,0
8415,Kobe Sushi,90,7,24.52,491.1,33.0,0.38,2,6.7,0,0
8416,Kobe Sushi,51,9,18.09,344.46,42.0,0.49,0,9.0,0,0
8417,Chef Choy,39,6,33.42,759.82,59.0,0.3,0,4.1,0,1
8418,Noe Sushi Bar,55,7,41.02,456.64,20.0,0.31,0,3.3,0,0
8419,Chef Choy,96,6,34.11,729.38,66.0,0.08,0,3.0,1,1
8420,Kobe Sushi,36,7,19.05,300.58,63.0,0.51,0,5.4,0,0
8421,Noe Sushi Bar,106,11,34.4,739.23,49.0,0.2,0,1.3,0,0
8422,Kobe Sushi,65,5,14.4,234.93,45.0,0.29,0,8.1,0,0
8423,Kobe Sushi,113,3,10.0,89.75,46.0,0.53,0,5.1,0,0
8424,Kobe Sushi,85,6,23.94,358.48,72.0,0.06,3,5.1,1,0
8425,Kobe Sushi,77,7,14.36,384.88,47.0,0.15,0,3.9,0,0
8426,Kobe Sushi,115,7,21.11,294.99,32.0,0.24,1,18.3,0,0
8427,Kobe Sushi,90,4,18.99,258.37,23.0,0.28,0,3.1,0,1
8428,Nubori Experience,45,3,53.67,252.1,40.0,0.47,0,4.4,0,0
8429,Kobe Sushi,9,5,18.95,252.02,30.0,0.1,0,5.2,0,1
8430,Kobe Sushi,37,2,25.33,168.54,41.0,0.11,0,1.8,0,0
8431,Kobe Sushi,87,7,21.95,432.57,50.0,0.17,0,2.7,1,0
8432,Noe Sushi Bar,1,8,62.28,1457.36,60.0,0.12,2,0.5,0,1
8433,Kobe Sushi,66,5,25.18,380.04,53.0,0.29,0,1.7,1,0
8434,Nubori Experience,63,7,57.33,760.61,41.0,0.45,0,11.3,0,0
8435,Nubori Experience,43,6,44.11,747.8,57.0,0.22,0,2.2,1,0
8436,Kobe Sushi,28,3,14.5,83.28,50.0,0.24,0,3.8,0,0
8437,Noe Sushi Bar,100,1,26.67,82.12,51.0,0.32,0,3.4,0,0
8438,Kobe Sushi,31,6,11.37,122.86,29.0,0.22,0,13.9,0,1
8439,Noe Sushi Bar,105,10,50.01,764.27,59.0,0.59,1,7.9,0,1
8440,Noe Sushi Bar,69,6,30.55,312.37,40.0,0.37,0,6.7,1,1
8441,Kobe Sushi,101,7,16.18,181.79,62.0,0.39,0,0.5,0,1
8442,Kobe Sushi,89,7,26.45,720.88,51.0,0.29,0,3.6,1,0
8443,Noe Sushi Bar,8,9,54.83,1255.86,27.0,0.33,0,1.6,0,1
8444,Noe Sushi Bar,34,8,36.26,672.76,48.0,0.55,0,5.7,0,1
8445,Kobe Sushi,103,6,18.46,423.23,42.0,0.3,0,3.7,0,1
8446,Noe Sushi Bar,49,9,34.82,1229.93,53.0,0.62,0,0.5,1,1
8447,Noe Sushi Bar,96,8,32.57,1016.45,42.0,0.48,0,15.1,0,0
8448,Nubori Experience,58,6,60.74,1157.97,70.0,0.25,0,6.9,1,0
8449,Kobe Sushi,75,3,19.63,162.48,64.0,0.13,1,14.9,0,0
8450,Chef Choy,47,5,42.06,779.28,25.0,0.02,0,13.5,0,1
8451,Noe Sushi Bar,25,7,54.66,1019.64,36.0,0.28,0,9.1,0,0
8452,Kobe Sushi,3,5,13.95,231.71,57.0,0.28,2,2.7,1,0
8453,Noe Sushi Bar,45,6,43.03,988.68,52.0,0.1,0,9.5,1,0
8454,Noe Sushi Bar,114,4,43.34,316.34,54.0,0.57,0,4.4,1,0
8455,Nubori Experience,52,3,63.76,464.1,42.0,0.48,0,1.5,0,0
8456,Kobe Sushi,96,6,17.2,333.56,44.0,0.26,0,4.7,1,0
8457,Noe Sushi Bar,116,8,56.79,842.1,41.0,0.5,0,0.6,1,0
8458,Kobe Sushi,99,6,20.76,304.78,56.0,0.1,0,4.8,1,0
8459,Nubori Experience,96,9,55.13,1498.8,63.0,0.32,0,0.5,0,1
8460,Kobe Sushi,34,4,19.42,181.59,76.0,0.06,0,7.5,0,0
8461,Nubori Experience,101,3,36.69,371.58,44.0,0.31,0,6.5,0,1
8462,Nubori Experience,116,6,71.48,1385.69,66.0,0.7,0,9.7,1,0
8463,Kobe Sushi,69,8,20.0,341.36,69.0,0.34,0,1.1,0,1
8464,Nubori Experience,109,7,90.88,2188.33,69.0,0.35,0,1.5,1,0
8465,Nubori Experience,92,5,85.9,1013.37,50.0,0.09,0,6.6,0,1
8466,Kobe Sushi,92,5,17.59,190.38,59.0,0.23,0,12.1,1,0
8467,Noe Sushi Bar,8,9,51.67,739.0,51.0,0.18,0,1.7,1,0
8468,Noe Sushi Bar,27,8,48.31,1314.97,60.0,0.33,0,3.8,1,0
8469,Kobe Sushi,80,3,18.77,159.08,49.0,0.47,0,2.5,0,1
8470,Kobe Sushi,63,4,24.24,275.02,60.0,0.06,0,1.9,1,0
8471,Kobe Sushi,82,10,13.33,267.6,30.0,0.37,0,10.5,0,0
8472,Kobe Sushi,25,7,21.29,358.46,78.0,0.54,0,5.7,0,0
8473,Noe Sushi Bar,58,7,56.7,907.88,29.0,0.58,0,5.7,0,0
8474,Kobe Sushi,48,7,25.17,683.08,55.0,0.16,0,9.7,0,0
8475,Nubori Experience,1,5,47.03,561.09,35.0,0.52,0,4.0,0,1
8476,Noe Sushi Bar,8,6,29.3,368.96,36.0,0.22,0,0.7,0,0
8477,Kobe Sushi,21,6,17.7,204.57,51.0,0.21,0,12.4,1,0
8478,Noe Sushi Bar,98,7,44.82,886.93,43.0,0.35,0,2.7,1,0
8479,Noe Sushi Bar,88,2,33.12,119.53,62.0,0.45,0,9.2,1,0
8480,Nubori Experience,101,4,90.64,568.04,69.0,0.47,0,6.6,1,0
8481,Kobe Sushi,90,10,20.28,574.74,50.0,0.35,0,9.6,1,0
8482,Kobe Sushi,111,1,17.36,51.57,58.0,0.18,1,12.8,1,0
8483,Nubori Experience,78,8,85.29,1679.32,47.0,0.49,0,6.4,1,0
8484,Nubori Experience,29,5,59.19,766.99,62.0,0.07,0,0.5,0,0
8485,Noe Sushi Bar,30,8,53.4,1569.62,20.0,0.09,0,7.4,0,0
8486,Chef Choy,3,4,29.39,386.11,64.0,0.03,2,3.7,1,1
8487,Kobe Sushi,7,6,13.55,219.39,41.0,0.26,0,1.2,0,1
8488,Noe Sushi Bar,100,5,48.15,710.69,56.0,0.14,1,2.5,0,0
8489,Kobe Sushi,11,6,18.97,278.85,49.0,0.25,0,2.4,0,0
8490,Kobe Sushi,32,3,14.3,86.15,66.0,0.05,0,3.4,0,0
8491,Nubori Experience,59,7,58.62,1041.09,75.0,0.15,0,6.1,1,0
8492,Kobe Sushi,12,9,18.53,257.77,40.0,0.18,0,0.5,0,1
8493,Noe Sushi Bar,79,2,41.42,240.7,49.0,0.39,1,5.7,1,0
8494,Nubori Experience,38,8,65.65,848.16,39.0,0.52,0,0.5,0,1
8495,Kobe Sushi,24,6,24.2,393.71,56.0,0.11,0,0.9,0,1
8496,Nubori Experience,65,9,79.96,1643.96,34.0,0.48,2,3.3,1,0
8497,Nubori Experience,18,4,61.79,769.92,40.0,0.61,0,6.0,1,0
8498,Noe Sushi Bar,46,6,30.94,448.53,76.0,0.22,0,2.9,1,0
8499,Kobe Sushi,56,6,20.75,269.02,40.0,0.33,0,2.0,0,1
8500,Kobe Sushi,63,7,16.31,186.3,80.0,0.2,0,0.9,0,0
8501,Noe Sushi Bar,7,8,30.81,591.94,47.0,0.6,0,6.9,0,0
8502,Kobe Sushi,106,4,21.13,201.04,32.0,0.32,0,0.5,1,0
8503,Kobe Sushi,105,5,16.04,126.97,53.0,0.38,0,4.2,0,0
8504,Nubori Experience,66,6,65.64,1125.5,70.0,0.24,0,0.5,0,1
8505,Kobe Sushi,40,3,14.77,89.37,49.0,0.57,0,2.2,1,0
8506,Noe Sushi Bar,54,7,47.55,656.26,33.0,0.46,0,3.2,0,1
8507,Kobe Sushi,31,8,16.77,355.79,65.0,0.01,0,5.4,0,1
8508,Noe Sushi Bar,97,6,53.77,996.87,63.0,0.34,0,0.5,1,0
8509,Nubori Experience,52,3,58.7,287.7,66.0,0.46,0,3.8,0,1
8510,Kobe Sushi,94,3,16.55,104.18,30.0,0.61,0,0.5,0,1
8511,Kobe Sushi,31,7,13.32,141.39,44.0,0.32,0,1.1,1,0
8512,Noe Sushi Bar,34,8,42.97,840.62,85.0,0.63,0,4.4,1,0
8513,Noe Sushi Bar,7,7,32.11,601.88,42.0,0.34,1,6.3,0,1
8514,Noe Sushi Bar,89,5,29.8,342.44,42.0,0.3,0,3.9,0,0
8515,Kobe Sushi,16,6,21.95,355.02,20.0,0.34,0,11.0,0,0
8516,Kobe Sushi,22,8,13.71,339.23,42.0,0.21,0,8.7,0,0
8517,Nubori Experience,100,1,61.51,124.39,67.0,0.38,0,13.3,1,0
8518,Nubori Experience,53,8,64.78,1808.02,36.0,0.46,0,11.5,0,0
8519,Noe Sushi Bar,91,6,26.65,615.7,44.0,0.2,0,26.7,0,0
8520,Nubori Experience,17,5,70.96,955.75,40.0,0.42,0,2.2,0,1
8521,Noe Sushi Bar,4,8,39.8,528.04,47.0,0.31,0,0.6,0,0
8522,Noe Sushi Bar,61,8,43.79,1257.64,56.0,0.01,2,7.3,0,0
8523,Kobe Sushi,99,8,23.13,370.95,38.0,0.22,0,1.4,0,1
8524,Noe Sushi Bar,105,3,45.2,521.0,66.0,0.19,0,9.6,0,1
8525,Noe Sushi Bar,86,6,47.4,445.11,35.0,0.4,0,2.2,1,0
8526,Kobe Sushi,111,6,16.57,252.37,46.0,0.09,1,2.3,0,1
8527,Noe Sushi Bar,52,5,53.03,585.26,40.0,0.43,0,0.5,0,1
8528,Chef Choy,35,8,28.58,736.79,70.0,0.58,0,0.8,0,0
8529,Noe Sushi Bar,44,6,31.59,666.07,32.0,0.32,0,3.4,0,1
8530,Noe Sushi Bar,15,4,41.78,585.32,39.0,0.31,0,4.6,0,0
8531,Nubori Experience,61,4,77.53,967.22,66.0,0.18,0,13.9,0,0
8532,Kobe Sushi,116,7,22.59,398.25,46.0,0.24,0,3.0,1,0
8533,Noe Sushi Bar,104,5,36.03,304.17,20.0,0.12,0,0.5,0,0
8534,Chef Choy,44,5,31.6,629.08,20.0,0.32,0,16.7,0,0
8535,Noe Sushi Bar,21,10,21.65,497.18,69.0,0.44,1,8.5,1,0
8536,Kobe Sushi,77,4,18.94,128.56,61.0,0.28,1,12.1,0,0
8537,Kobe Sushi,47,6,22.29,249.03,35.0,0.37,0,3.9,1,0
8538,Nubori Experience,75,8,94.41,1833.83,37.0,0.36,0,4.7,0,0
8539,Noe Sushi Bar,49,6,70.73,1535.43,42.0,0.07,1,0.9,1,0
8540,Nubori Experience,53,4,67.26,748.95,36.0,0.24,0,5.9,0,0
8541,Noe Sushi Bar,120,4,48.33,331.83,33.0,0.38,0,9.8,0,0
8542,Noe Sushi Bar,27,7,45.45,746.81,41.0,0.47,0,24.6,0,0
8543,Nubori Experience,31,5,99.37,1284.29,59.0,0.06,0,4.2,0,1
8544,Noe Sushi Bar,44,11,60.65,1337.87,61.0,0.24,0,13.4,0,1
8545,Kobe Sushi,32,8,15.71,227.88,56.0,0.24,0,7.1,0,0
8546,Noe Sushi Bar,116,3,44.36,385.74,20.0,0.21,0,3.7,0,1
8547,Nubori Experience,30,10,70.64,2415.19,59.0,0.88,1,3.6,0,1
8548,Kobe Sushi,18,5,15.96,185.26,55.0,0.28,0,24.4,0,0
8549,Kobe Sushi,63,6,15.62,148.46,31.0,0.3,0,17.2,1,0
8550,Kobe Sushi,16,4,14.52,205.97,24.0,0.57,0,1.4,1,0
8551,Nubori Experience,35,5,81.53,1322.34,75.0,0.24,0,5.1,0,0
8552,Kobe Sushi,62,6,16.35,305.24,66.0,0.19,0,4.0,1,1
8553,Noe Sushi Bar,9,6,39.4,639.37,32.0,0.13,0,8.1,0,1
8554,Noe Sushi Bar,62,6,36.1,543.69,45.0,0.26,0,13.3,0,0
8555,Noe Sushi Bar,39,7,56.49,1154.44,40.0,0.09,0,0.6,0,1
8556,Noe Sushi Bar,51,8,48.9,689.42,40.0,0.22,0,27.7,1,0
8557,Kobe Sushi,101,4,21.46,277.15,40.0,0.17,1,7.9,0,0
8558,Noe Sushi Bar,115,5,34.57,320.49,34.0,0.43,0,9.7,0,0
8559,Chef Choy,10,6,22.07,363.31,45.0,0.55,0,2.1,0,1
8560,Nubori Experience,52,8,48.24,1092.1,58.0,0.27,0,0.7,1,1
8561,Kobe Sushi,12,5,16.33,154.96,84.0,0.1,0,0.5,0,1
8562,Nubori Experience,72,4,65.02,507.17,34.0,0.46,0,4.1,0,0
8563,Noe Sushi Bar,62,5,36.31,302.4,45.0,0.13,0,5.7,0,0
8564,Nubori Experience,3,6,49.45,1096.5,44.0,0.46,0,3.9,0,1
8565,Noe Sushi Bar,83,7,61.35,1046.45,20.0,0.29,0,4.0,1,0
8566,Noe Sushi Bar,11,4,31.75,438.89,42.0,0.09,0,2.1,0,0
8567,Nubori Experience,8,7,54.87,612.72,46.0,0.51,0,4.6,0,0
8568,Nubori Experience,90,10,67.0,1585.98,43.0,0.3,0,20.2,1,0
8569,Noe Sushi Bar,109,6,43.95,474.77,20.0,0.68,1,8.1,1,0
8570,Kobe Sushi,23,4,21.55,144.24,62.0,0.32,1,1.9,0,0
8571,Kobe Sushi,119,7,20.18,429.78,41.0,0.42,0,4.6,0,0
8572,Kobe Sushi,10,3,17.73,148.54,33.0,0.23,0,1.2,0,0
8573,Kobe Sushi,18,7,19.8,361.54,46.0,0.11,0,0.5,0,0
8574,Kobe Sushi,76,7,18.86,261.02,25.0,0.25,0,6.6,0,0
8575,Nubori Experience,39,7,54.63,747.86,29.0,0.09,0,9.5,0,0
8576,Kobe Sushi,26,9,19.63,512.56,77.0,0.35,0,10.5,0,1
8577,Noe Sushi Bar,11,3,49.03,231.06,55.0,0.54,0,3.2,0,1
8578,Kobe Sushi,10,7,15.0,372.7,43.0,0.3,0,3.8,0,1
8579,Kobe Sushi,3,6,19.57,467.01,39.0,0.27,0,1.1,0,1
8580,Kobe Sushi,62,7,17.86,442.78,63.0,0.14,0,0.7,0,1
8581,Kobe Sushi,71,3,10.0,64.8,33.0,0.01,0,2.8,0,0
8582,Chef Choy,61,9,22.28,469.92,43.0,0.19,0,4.0,0,0
8583,Nubori Experience,4,8,64.95,1261.29,52.0,0.29,0,3.0,0,1
8584,Kobe Sushi,61,10,15.66,432.53,50.0,0.05,0,5.8,0,1
8585,Noe Sushi Bar,104,4,30.66,254.53,20.0,0.17,0,2.3,1,0
8586,Noe Sushi Bar,8,5,43.58,465.12,73.0,0.27,1,0.5,0,1
8587,Nubori Experience,102,5,41.77,601.62,31.0,0.47,0,24.0,1,0
8588,Chef Choy,13,2,23.72,130.61,59.0,0.68,0,3.1,1,0
8589,Noe Sushi Bar,12,5,48.22,365.17,37.0,0.24,2,1.1,1,0
8590,Noe Sushi Bar,35,7,57.78,1032.17,29.0,0.08,1,30.0,0,0
8591,Nubori Experience,102,8,32.14,635.28,73.0,0.24,0,7.5,0,0
8592,Kobe Sushi,54,5,23.76,432.96,65.0,0.15,2,1.3,0,1
8593,Noe Sushi Bar,51,6,52.34,1035.94,51.0,0.21,0,0.8,0,0
8594,Nubori Experience,43,9,74.49,1949.9,32.0,0.53,0,13.5,1,0
8595,Noe Sushi Bar,100,6,54.55,964.41,37.0,0.46,0,10.0,1,0
8596,Noe Sushi Bar,111,5,71.52,1320.06,36.0,0.57,0,5.4,0,1
8597,Noe Sushi Bar,66,7,44.78,1067.24,37.0,0.15,0,16.9,0,0
8598,Kobe Sushi,15,5,16.22,317.52,33.0,0.43,0,1.8,0,1
8599,Noe Sushi Bar,49,5,43.87,601.27,43.0,0.36,0,1.9,0,1
8600,Noe Sushi Bar,34,6,39.38,860.42,67.0,0.79,0,7.7,0,1
8601,Noe Sushi Bar,39,7,53.77,805.28,35.0,0.32,0,1.5,0,0
8602,Noe Sushi Bar,26,7,47.73,1242.64,34.0,0.24,0,2.7,0,0
8603,Nubori Experience,112,4,62.0,915.73,62.0,0.41,1,8.2,1,0
8604,Kobe Sushi,69,5,10.0,171.36,45.0,0.46,0,9.5,1,0
8605,Noe Sushi Bar,48,8,28.05,892.47,63.0,0.26,1,4.0,1,0
8606,Noe Sushi Bar,89,4,46.07,692.98,72.0,0.45,1,10.9,1,0
8607,Noe Sushi Bar,51,3,48.08,315.73,42.0,0.48,0,0.5,1,0
8608,Kobe Sushi,98,6,25.68,435.52,43.0,0.3,0,2.7,0,0
8609,Noe Sushi Bar,111,7,54.56,1157.07,58.0,0.49,0,6.3,0,1
8610,Nubori Experience,4,4,70.05,627.97,29.0,0.3,0,0.9,0,1
8611,Noe Sushi Bar,98,9,37.61,952.55,80.0,0.45,0,2.0,0,1
8612,Nubori Experience,27,11,58.97,1937.87,29.0,0.49,0,25.4,0,1
8613,Nubori Experience,119,3,72.26,751.75,24.0,0.14,0,3.2,1,0
8614,Kobe Sushi,42,5,20.59,252.6,60.0,0.33,0,1.5,0,0
8615,Kobe Sushi,118,8,10.39,168.48,44.0,0.47,0,13.3,0,0
8616,Nubori Experience,56,5,51.77,516.52,44.0,0.12,0,15.7,1,0
8617,Nubori Experience,93,6,75.63,1319.92,34.0,0.17,0,1.8,1,0
8618,Kobe Sushi,69,7,15.87,364.3,29.0,0.72,1,8.3,1,0
8619,Kobe Sushi,18,4,15.7,149.37,44.0,0.22,0,7.8,0,1
8620,Kobe Sushi,61,3,13.77,128.06,31.0,0.12,0,0.5,0,0
8621,Nubori Experience,4,9,78.22,2125.56,58.0,0.19,0,1.9,0,1
8622,Kobe Sushi,1,8,18.85,309.37,20.0,0.7,0,4.2,0,1
8623,Noe Sushi Bar,50,9,51.06,1681.18,39.0,0.51,0,1.8,0,1
8624,Nubori Experience,84,7,59.67,630.81,57.0,0.29,0,0.5,0,0
8625,Kobe Sushi,70,8,12.98,350.47,20.0,0.3,0,2.3,1,0
8626,Noe Sushi Bar,20,4,32.92,370.19,26.0,0.62,1,9.5,1,0
8627,Kobe Sushi,20,8,17.51,286.22,33.0,0.77,0,14.6,0,0
8628,Nubori Experience,46,5,89.54,802.12,63.0,0.31,0,2.2,0,1
8629,Kobe Sushi,27,3,10.0,62.55,30.0,0.2,0,1.9,0,1
8630,Noe Sushi Bar,26,6,61.12,611.69,45.0,0.19,2,1.0,0,1
8631,Noe Sushi Bar,32,5,59.48,957.97,28.0,0.33,0,1.8,0,1
8632,Kobe Sushi,10,7,14.99,174.88,44.0,0.49,2,0.5,1,0
8633,Kobe Sushi,82,6,10.0,94.31,44.0,0.51,2,14.3,1,0
8634,Noe Sushi Bar,105,6,30.7,424.79,28.0,0.2,1,16.5,0,0
8635,Kobe Sushi,12,5,20.47,334.79,47.0,0.66,2,0.8,0,0
8636,Nubori Experience,74,11,66.49,2622.26,48.0,0.46,0,7.5,0,1
8637,Nubori Experience,88,7,45.71,664.0,42.0,0.37,0,2.1,0,1
8638,Noe Sushi Bar,24,2,39.04,241.34,67.0,0.33,0,1.7,0,0
8639,Noe Sushi Bar,117,5,40.69,495.54,31.0,0.19,1,11.4,1,0
8640,Noe Sushi Bar,51,4,47.11,293.31,52.0,0.19,0,20.0,0,0
8641,Nubori Experience,38,7,47.21,1070.3,27.0,0.11,0,4.0,0,1
8642,Noe Sushi Bar,46,6,32.75,382.72,48.0,0.19,0,13.4,0,1
8643,Kobe Sushi,89,10,22.4,814.45,41.0,0.3,0,3.6,0,0
8644,Kobe Sushi,8,5,27.34,207.66,58.0,0.26,0,1.6,1,0
8645,Noe Sushi Bar,55,3,55.8,552.37,62.0,0.67,0,1.5,0,1
8646,Noe Sushi Bar,78,2,49.92,253.29,75.0,0.31,0,1.8,1,0
8647,Noe Sushi Bar,107,3,45.4,205.02,25.0,0.21,0,1.6,0,0
8648,Kobe Sushi,31,5,17.45,347.32,33.0,0.21,0,11.5,0,0
8649,Noe Sushi Bar,88,8,63.78,1340.32,20.0,0.02,0,5.8,1,1
8650,Kobe Sushi,16,4,12.42,187.35,55.0,0.47,0,1.4,1,0
8651,Kobe Sushi,20,5,23.47,358.14,65.0,0.06,0,0.5,0,0
8652,Noe Sushi Bar,38,3,35.81,244.25,20.0,0.7,0,5.3,0,1
8653,Kobe Sushi,111,9,21.21,662.46,22.0,0.48,0,11.4,0,0
8654,Noe Sushi Bar,15,7,31.77,827.98,66.0,0.17,1,0.5,0,0
8655,Kobe Sushi,78,7,18.27,204.01,70.0,0.25,0,7.2,1,0
8656,Noe Sushi Bar,117,4,47.69,389.0,53.0,0.41,0,4.5,1,0
8657,Noe Sushi Bar,76,3,60.24,536.58,35.0,0.52,0,10.4,0,0
8658,Kobe Sushi,34,7,18.77,383.01,20.0,0.04,3,0.7,1,0
8659,Kobe Sushi,72,9,10.22,331.72,20.0,0.24,2,6.6,0,1
8660,Nubori Experience,19,12,62.41,1743.42,26.0,0.04,0,4.5,0,1
8661,Noe Sushi Bar,110,4,54.15,357.29,25.0,0.48,0,4.2,1,0
8662,Noe Sushi Bar,69,5,35.33,466.87,42.0,0.17,1,2.0,1,0
8663,Kobe Sushi,120,6,23.54,475.86,20.0,0.18,1,1.9,1,0
8664,Noe Sushi Bar,91,7,54.6,1082.63,59.0,0.32,0,3.1,1,0
8665,Noe Sushi Bar,63,6,54.07,874.47,37.0,0.12,0,1.1,0,0
8666,Noe Sushi Bar,105,4,68.64,444.58,51.0,0.17,0,3.5,0,0
8667,Noe Sushi Bar,77,6,65.37,889.6,58.0,0.6,0,1.3,0,0
8668,Kobe Sushi,32,5,11.11,200.21,40.0,0.13,0,20.5,0,0
8669,Kobe Sushi,95,9,21.78,485.63,72.0,0.69,0,13.8,1,1
8670,Nubori Experience,105,9,72.95,1370.49,35.0,0.48,0,11.3,0,0
8671,Nubori Experience,110,6,73.12,1381.11,47.0,0.26,0,20.0,0,1
8672,Kobe Sushi,37,8,18.04,333.62,66.0,0.09,3,5.4,0,1
8673,Noe Sushi Bar,66,2,39.73,199.21,43.0,0.47,0,0.5,0,0
8674,Kobe Sushi,7,5,20.34,154.11,52.0,0.52,0,2.8,1,1
8675,Kobe Sushi,48,4,19.1,174.02,22.0,0.21,0,13.1,1,0
8676,Kobe Sushi,11,9,10.43,346.9,53.0,0.65,0,10.2,1,0
8677,Kobe Sushi,75,5,11.66,157.92,20.0,0.27,0,11.5,0,0
8678,Noe Sushi Bar,87,4,76.06,1169.79,44.0,0.6,0,4.2,1,0
8679,Noe Sushi Bar,31,6,76.89,1406.33,49.0,0.16,0,1.9,0,1
8680,Kobe Sushi,44,6,17.56,346.23,20.0,0.58,0,2.8,0,1
8681,Kobe Sushi,45,3,13.82,98.36,55.0,0.37,0,12.7,0,1
8682,Nubori Experience,72,5,58.01,937.3,48.0,0.21,0,9.8,0,0
8683,Kobe Sushi,56,6,12.49,205.68,24.0,0.25,0,6.1,0,1
8684,Noe Sushi Bar,32,3,45.22,220.37,31.0,0.28,0,6.7,0,1
8685,Kobe Sushi,112,7,21.34,359.33,49.0,0.15,0,0.9,1,0
8686,Noe Sushi Bar,21,5,53.51,703.34,66.0,0.33,0,8.5,0,0
8687,Kobe Sushi,31,5,13.65,141.93,54.0,0.35,0,5.4,0,0
8688,Kobe Sushi,1,6,27.82,316.07,54.0,0.38,0,10.3,0,0
8689,Kobe Sushi,77,6,14.81,235.51,35.0,0.42,0,2.9,1,0
8690,Kobe Sushi,11,7,20.45,506.8,37.0,0.35,1,9.7,0,0
8691,Noe Sushi Bar,93,8,27.47,799.55,37.0,0.38,0,1.0,1,0
8692,Noe Sushi Bar,68,8,37.43,820.01,60.0,0.42,0,5.9,1,0
8693,Kobe Sushi,36,6,16.13,151.09,53.0,0.72,0,1.3,0,0
8694,Kobe Sushi,79,1,25.07,58.27,23.0,0.46,0,1.1,0,0
8695,Noe Sushi Bar,59,6,50.89,1189.32,44.0,0.53,1,4.1,0,1
8696,Noe Sushi Bar,67,7,30.14,580.12,35.0,0.65,0,0.8,0,1
8697,Nubori Experience,56,2,48.28,229.82,22.0,0.16,0,30.0,1,0
8698,Noe Sushi Bar,51,6,26.76,500.63,20.0,0.37,0,0.7,0,0
8699,Noe Sushi Bar,29,5,54.95,613.99,52.0,0.52,0,7.9,0,1
8700,Noe Sushi Bar,85,9,48.05,1322.58,44.0,0.13,0,3.4,1,0
8701,Nubori Experience,2,7,67.41,1406.07,60.0,0.4,3,0.5,1,0
8702,Nubori Experience,6,3,91.37,1000.04,34.0,0.49,3,9.9,0,0
8703,Kobe Sushi,31,8,14.74,367.86,33.0,0.32,0,9.7,1,0
8704,Kobe Sushi,54,6,21.82,260.84,47.0,0.1,0,13.2,1,1
8705,Kobe Sushi,88,4,12.2,113.79,39.0,0.38,0,6.9,0,0
8706,Noe Sushi Bar,40,7,62.26,1019.39,55.0,0.42,0,10.4,0,1
8707,Noe Sushi Bar,17,7,41.65,1144.9,53.0,0.22,0,0.8,0,1
8708,Noe Sushi Bar,5,13,50.55,1738.2,59.0,0.11,0,20.6,0,1
8709,Kobe Sushi,2,5,20.19,223.83,26.0,0.28,0,11.2,0,0
8710,Noe Sushi Bar,58,6,29.01,597.7,76.0,0.06,0,0.5,1,0
8711,Nubori Experience,12,5,53.23,654.43,24.0,0.51,0,17.2,0,1
8712,Kobe Sushi,5,4,18.15,186.96,50.0,0.08,0,13.7,0,1
8713,Noe Sushi Bar,106,9,36.47,969.69,42.0,0.53,0,2.4,0,1
8714,Noe Sushi Bar,60,8,54.64,1054.98,52.0,0.35,0,9.1,1,0
8715,Nubori Experience,41,3,50.0,550.29,38.0,0.1,1,1.3,0,0
8716,Nubori Experience,20,11,76.19,2289.02,34.0,0.19,0,1.8,0,1
8717,Noe Sushi Bar,72,7,57.57,954.63,63.0,0.07,1,13.3,1,0
8718,Noe Sushi Bar,1,5,50.23,407.18,79.0,0.27,0,2.9,1,0
8719,Nubori Experience,56,4,41.33,498.64,52.0,0.15,0,0.5,1,0
8720,Noe Sushi Bar,70,5,38.6,606.39,36.0,0.28,0,3.1,0,0
8721,Kobe Sushi,56,5,13.72,227.43,38.0,0.53,1,5.5,1,0
8722,Chef Choy,54,5,21.36,208.88,47.0,0.56,1,1.0,1,0
8723,Kobe Sushi,11,7,24.15,431.18,56.0,0.13,3,16.5,0,0
8724,Kobe Sushi,3,4,17.27,224.48,51.0,0.76,0,18.4,0,0
8725,Nubori Experience,95,8,50.82,1032.11,52.0,0.49,0,12.1,1,0
8726,Noe Sushi Bar,28,8,40.78,1100.22,63.0,0.05,0,0.5,0,0
8727,Noe Sushi Bar,111,6,43.32,701.19,39.0,0.27,0,0.5,1,0
8728,Kobe Sushi,107,5,24.2,307.06,33.0,0.36,0,14.4,0,0
8729,Kobe Sushi,120,7,14.59,225.67,62.0,0.16,0,15.2,0,0
8730,Kobe Sushi,5,4,16.2,170.15,66.0,0.51,0,14.5,0,0
8731,Kobe Sushi,90,7,20.93,403.74,57.0,0.42,0,0.7,0,1
8732,Noe Sushi Bar,16,4,42.23,341.91,31.0,0.09,0,2.9,0,1
8733,Kobe Sushi,117,3,17.57,110.78,48.0,0.33,1,15.4,1,0
8734,Noe Sushi Bar,31,4,34.84,542.38,39.0,0.52,0,1.4,0,1
8735,Kobe Sushi,28,4,24.3,174.77,40.0,0.49,1,5.3,0,0
8736,Nubori Experience,7,1,59.99,207.43,50.0,0.37,0,11.5,0,1
8737,Kobe Sushi,102,5,10.0,93.22,48.0,0.26,0,27.7,1,0
8738,Kobe Sushi,9,6,16.32,334.48,75.0,0.39,1,0.5,0,1
8739,Kobe Sushi,39,4,15.46,113.11,48.0,0.17,0,16.2,1,0
8740,Noe Sushi Bar,99,5,55.28,1094.56,56.0,0.71,0,3.8,1,0
8741,Noe Sushi Bar,43,12,49.65,2381.78,30.0,0.1,1,3.8,0,0
8742,Noe Sushi Bar,27,6,32.05,621.62,45.0,0.29,0,9.8,0,1
8743,Noe Sushi Bar,76,10,45.26,1707.02,71.0,0.34,0,2.1,0,0
8744,Kobe Sushi,117,2,12.07,63.78,40.0,0.21,0,1.4,0,1
8745,Noe Sushi Bar,89,4,58.76,516.69,62.0,0.2,0,8.1,0,1
8746,Noe Sushi Bar,107,5,26.58,214.3,33.0,0.19,0,30.0,0,0
8747,Kobe Sushi,93,4,16.08,149.72,45.0,0.4,1,3.8,0,0
8748,Kobe Sushi,95,1,13.89,38.28,39.0,0.02,0,5.6,1,0
8749,Kobe Sushi,98,7,18.13,261.7,45.0,0.3,0,4.8,0,1
8750,Kobe Sushi,33,5,11.48,118.62,56.0,0.21,0,10.9,1,0
8751,Noe Sushi Bar,91,6,39.94,833.8,52.0,0.24,0,1.4,0,1
8752,Kobe Sushi,56,7,11.84,201.61,48.0,0.26,0,6.7,0,1
8753,Kobe Sushi,120,8,10.0,214.22,50.0,0.22,0,14.2,0,1
8754,Kobe Sushi,2,7,12.11,333.9,45.0,0.31,0,1.2,0,0
8755,Nubori Experience,14,3,63.04,721.8,64.0,0.11,0,4.8,0,1
8756,Nubori Experience,13,6,47.16,1021.21,41.0,0.59,2,2.6,0,0
8757,Kobe Sushi,24,5,10.0,86.51,44.0,0.16,0,3.7,0,1
8758,Kobe Sushi,69,13,24.77,708.22,49.0,0.3,1,8.3,1,0
8759,Kobe Sushi,34,5,25.85,411.42,50.0,0.23,0,3.7,0,0
8760,Noe Sushi Bar,119,8,31.8,710.08,41.0,0.17,3,3.0,1,0
8761,Kobe Sushi,87,6,24.54,573.16,49.0,0.35,0,2.5,0,1
8762,Noe Sushi Bar,19,9,24.2,454.72,40.0,0.39,0,21.2,0,1
8763,Noe Sushi Bar,30,7,36.34,528.92,40.0,0.16,0,23.1,0,1
8764,Nubori Experience,49,8,58.64,1829.78,52.0,0.33,0,0.9,0,0
8765,Kobe Sushi,43,5,17.02,191.49,56.0,0.58,1,1.5,0,1
8766,Nubori Experience,16,6,82.94,1480.58,53.0,0.23,0,8.3,0,1
8767,Chef Choy,52,4,23.24,296.63,53.0,0.29,0,4.2,0,0
8768,Kobe Sushi,114,3,17.08,138.35,47.0,0.32,0,2.9,1,0
8769,Kobe Sushi,116,4,10.0,78.15,50.0,0.28,0,28.2,0,0
8770,Kobe Sushi,104,5,10.39,132.75,40.0,0.34,0,5.7,0,1
8771,Kobe Sushi,98,7,15.66,410.32,32.0,0.44,0,4.6,0,1
8772,Kobe Sushi,49,7,20.28,471.16,66.0,0.27,0,3.3,0,1
8773,Noe Sushi Bar,11,10,61.43,2353.27,73.0,0.61,0,19.5,0,0
8774,Noe Sushi Bar,78,9,44.9,944.82,46.0,0.45,0,7.7,1,0
8775,Nubori Experience,112,6,30.9,597.2,42.0,0.52,0,1.7,1,0
8776,Kobe Sushi,47,4,18.41,243.9,67.0,0.49,0,6.5,0,0
8777,Nubori Experience,79,5,63.68,652.69,57.0,0.45,0,13.8,1,0
8778,Kobe Sushi,35,6,19.47,403.65,56.0,0.57,0,2.7,0,0
8779,Chef Choy,71,7,26.1,476.87,89.0,0.33,3,9.0,1,0
8780,Kobe Sushi,29,5,15.82,311.17,33.0,0.49,0,2.2,0,1
8781,Kobe Sushi,108,6,12.35,195.96,31.0,0.58,0,7.4,1,0
8782,Nubori Experience,54,1,77.23,205.74,61.0,0.22,0,4.2,0,1
8783,Kobe Sushi,86,8,18.93,402.28,24.0,0.04,0,10.1,0,0
8784,Noe Sushi Bar,23,9,35.15,477.33,20.0,0.3,0,2.5,0,1
8785,Noe Sushi Bar,24,6,51.14,826.19,77.0,0.57,0,11.1,0,1
8786,Noe Sushi Bar,99,6,44.93,688.01,50.0,0.52,0,1.2,0,0
8787,Noe Sushi Bar,115,4,31.74,219.87,39.0,0.06,0,5.2,0,0
8788,Noe Sushi Bar,10,5,37.21,372.71,31.0,0.1,2,3.6,0,1
8789,Kobe Sushi,61,6,26.03,398.79,48.0,0.12,0,13.5,0,1
8790,Noe Sushi Bar,8,1,39.7,106.32,27.0,0.37,0,0.5,0,1
8791,Nubori Experience,48,5,83.02,1285.03,38.0,0.26,0,5.2,0,1
8792,Kobe Sushi,112,7,23.56,616.18,68.0,0.28,0,1.3,1,0
8793,Kobe Sushi,76,7,10.0,128.06,45.0,0.48,0,6.5,1,0
8794,Noe Sushi Bar,93,4,66.96,447.21,47.0,0.28,0,9.6,1,0
8795,Noe Sushi Bar,29,6,67.13,1018.39,33.0,0.51,0,6.6,0,0
8796,Noe Sushi Bar,87,11,39.82,811.58,36.0,0.37,0,7.1,0,0
8797,Kobe Sushi,26,4,17.79,248.9,70.0,0.06,2,6.8,0,0
8798,Noe Sushi Bar,37,8,51.73,1395.79,63.0,0.4,0,5.4,0,0
8799,Kobe Sushi,96,2,23.42,126.45,44.0,0.85,1,5.9,1,0
8800,Noe Sushi Bar,52,6,49.07,638.13,20.0,0.5,0,11.3,0,1
8801,Chef Choy,38,7,29.36,530.25,49.0,0.21,0,0.5,0,0
8802,Kobe Sushi,6,8,14.33,241.54,48.0,0.21,0,2.3,0,0
8803,Noe Sushi Bar,8,5,33.44,460.86,51.0,0.2,0,1.2,0,0
8804,Nubori Experience,17,4,46.54,323.35,34.0,0.15,2,9.8,0,0
8805,Noe Sushi Bar,76,7,18.46,271.95,52.0,0.58,0,5.2,1,0
8806,Nubori Experience,62,7,81.84,1804.48,22.0,0.25,0,9.4,0,1
8807,Noe Sushi Bar,86,4,37.91,277.8,43.0,0.71,1,8.3,1,0
8808,Chef Choy,78,5,15.21,242.01,68.0,0.11,0,3.8,1,0
8809,Kobe Sushi,34,8,15.49,350.07,43.0,0.64,0,0.5,0,1
8810,Kobe Sushi,19,11,16.17,479.34,31.0,0.5,0,6.4,1,0
8811,Kobe Sushi,70,9,15.38,484.16,64.0,0.42,0,7.7,0,0
8812,Noe Sushi Bar,82,7,38.93,681.51,33.0,0.37,0,11.2,0,0
8813,Nubori Experience,100,5,50.13,516.61,40.0,0.34,0,8.6,1,0
8814,Kobe Sushi,118,4,21.22,303.41,77.0,0.29,0,21.7,1,0
8815,Noe Sushi Bar,37,8,48.01,838.18,33.0,0.64,0,1.8,0,1
8816,Noe Sushi Bar,38,7,47.4,1090.32,24.0,0.09,1,8.4,0,1
8817,Noe Sushi Bar,15,4,41.39,495.42,57.0,0.31,0,14.6,0,1
8818,Kobe Sushi,102,6,15.59,218.62,57.0,0.33,0,3.9,1,0
8819,Noe Sushi Bar,40,6,55.33,912.77,48.0,0.31,0,20.6,1,0
8820,Kobe Sushi,9,8,13.52,268.83,44.0,0.73,0,2.4,1,0
8821,Kobe Sushi,53,6,14.28,223.54,44.0,0.2,0,11.6,0,1
8822,Nubori Experience,118,7,65.67,1547.27,76.0,0.43,0,5.1,1,0
8823,Kobe Sushi,70,5,18.6,313.24,33.0,0.11,0,3.5,0,1
8824,Kobe Sushi,118,9,12.39,340.2,42.0,0.37,0,1.9,0,0
8825,Nubori Experience,66,6,51.31,691.5,49.0,0.55,0,3.9,1,0
8826,Kobe Sushi,80,6,10.0,118.85,36.0,0.3,0,6.8,0,0
8827,Noe Sushi Bar,52,3,39.79,319.74,50.0,0.23,1,6.8,0,1
8828,Kobe Sushi,1,3,22.47,122.38,53.0,0.55,0,8.9,0,0
8829,Kobe Sushi,30,3,23.95,222.03,50.0,0.22,2,6.4,1,0
8830,Kobe Sushi,112,4,21.95,148.38,69.0,0.34,0,8.7,1,1
8831,Kobe Sushi,97,3,16.47,132.31,34.0,0.08,0,0.5,1,0
8832,Noe Sushi Bar,1,4,26.1,413.55,33.0,0.14,0,2.6,0,0
8833,Noe Sushi Bar,39,9,49.38,888.72,51.0,0.05,1,6.0,1,0
8834,Noe Sushi Bar,16,4,57.6,368.25,52.0,0.49,0,1.4,0,0
8835,Nubori Experience,17,7,71.73,1716.69,47.0,0.27,0,9.4,0,0
8836,Kobe Sushi,112,1,26.82,82.62,66.0,0.28,0,0.9,1,0
8837,Noe Sushi Bar,112,2,40.35,262.38,27.0,0.19,0,4.3,1,0
8838,Noe Sushi Bar,102,5,42.68,398.6,61.0,0.38,1,2.3,1,0
8839,Nubori Experience,82,3,90.66,905.29,46.0,0.14,0,1.7,1,0
8840,Kobe Sushi,22,4,18.27,202.48,81.0,0.21,0,7.6,0,0
8841,Noe Sushi Bar,86,8,48.04,1458.78,28.0,0.26,0,7.9,0,1
8842,Nubori Experience,99,8,74.44,1968.62,42.0,0.5,0,2.4,0,1
8843,Kobe Sushi,31,5,11.78,212.61,34.0,0.1,0,3.8,0,0
8844,Nubori Experience,40,2,81.42,506.32,31.0,0.28,0,10.1,1,0
8845,Kobe Sushi,27,10,21.6,603.71,54.0,0.24,0,1.0,0,1
8846,Noe Sushi Bar,36,5,45.08,466.9,48.0,0.21,0,1.2,0,1
8847,Nubori Experience,119,7,68.78,792.9,37.0,0.09,0,4.8,0,1
8848,Noe Sushi Bar,4,3,47.43,338.58,35.0,0.15,0,9.8,0,1
8849,Noe Sushi Bar,113,7,20.09,409.25,81.0,0.31,0,9.3,0,0
8850,Kobe Sushi,118,3,26.7,123.46,20.0,0.22,0,7.7,0,1
8851,Nubori Experience,69,6,77.32,1138.75,31.0,0.16,0,13.9,0,0
8852,Noe Sushi Bar,25,5,58.18,868.89,35.0,0.14,0,0.5,0,0
8853,Kobe Sushi,95,2,22.61,142.55,53.0,0.53,0,5.4,1,1
8854,Noe Sushi Bar,78,7,55.12,764.14,32.0,0.54,0,2.3,0,0
8855,Noe Sushi Bar,30,9,47.66,1375.34,80.0,0.18,0,2.2,0,0
8856,Kobe Sushi,47,4,28.82,237.88,47.0,0.25,0,11.2,0,1
8857,Kobe Sushi,12,9,14.53,406.19,57.0,0.14,0,3.8,0,1
8858,Kobe Sushi,27,3,23.4,126.05,29.0,0.15,0,5.3,0,0
8859,Noe Sushi Bar,45,5,48.51,836.57,74.0,0.08,0,2.6,0,0
8860,Noe Sushi Bar,88,8,45.35,592.38,30.0,0.44,0,17.9,0,1
8861,Noe Sushi Bar,63,5,34.3,557.44,50.0,0.4,0,2.5,0,0
8862,Nubori Experience,55,6,92.57,2017.59,51.0,0.43,0,3.1,1,0
8863,Nubori Experience,30,12,44.53,1694.99,20.0,0.3,0,2.5,0,1
8864,Noe Sushi Bar,82,9,53.31,901.43,40.0,0.32,0,3.6,0,0
8865,Kobe Sushi,14,5,12.88,125.73,30.0,0.73,1,2.7,0,1
8866,Noe Sushi Bar,56,4,50.52,565.51,63.0,0.58,0,2.9,0,1
8867,Noe Sushi Bar,19,4,43.53,282.44,53.0,0.09,1,3.5,0,1
8868,Noe Sushi Bar,86,6,36.96,381.56,46.0,0.33,0,1.4,0,1
8869,Noe Sushi Bar,26,6,36.23,512.88,46.0,0.18,0,9.0,0,0
8870,Kobe Sushi,71,7,26.12,392.81,68.0,0.09,0,21.5,1,0
8871,Nubori Experience,92,5,75.52,1137.51,32.0,0.03,0,2.4,0,1
8872,Kobe Sushi,38,3,16.08,148.88,60.0,0.08,2,8.0,0,0
8873,Noe Sushi Bar,69,5,40.58,584.93,49.0,0.04,0,3.4,0,1
8874,Kobe Sushi,36,5,18.57,353.01,57.0,0.09,0,17.9,0,0
8875,Nubori Experience,18,3,74.37,619.23,57.0,0.34,0,0.5,0,1
8876,Kobe Sushi,57,6,27.91,574.89,37.0,0.13,0,16.6,0,1
8877,Kobe Sushi,78,5,18.73,266.57,52.0,0.47,0,3.7,0,0
8878,Kobe Sushi,112,4,10.0,71.3,29.0,0.32,0,16.0,0,0
8879,Kobe Sushi,23,8,14.95,402.94,29.0,0.6,0,2.1,1,0
8880,Kobe Sushi,119,6,10.0,100.35,50.0,0.35,0,11.7,0,0
8881,Noe Sushi Bar,116,4,34.52,252.24,30.0,0.27,0,5.6,0,1
8882,Noe Sushi Bar,14,7,57.17,717.61,41.0,0.56,0,0.6,0,1
8883,Kobe Sushi,96,5,18.21,352.97,30.0,0.47,0,1.0,1,0
8884,Kobe Sushi,69,9,20.56,604.12,55.0,0.11,0,0.7,0,1
8885,Nubori Experience,22,5,50.37,960.53,43.0,0.5,0,1.2,0,1
8886,Noe Sushi Bar,28,6,36.84,559.66,26.0,0.68,0,0.7,0,0
8887,Noe Sushi Bar,43,4,38.72,568.9,43.0,0.59,0,4.3,0,1
8888,Noe Sushi Bar,76,6,19.48,430.94,48.0,0.52,0,5.1,0,0
8889,Kobe Sushi,18,4,14.21,145.57,44.0,0.66,0,3.8,0,1
8890,Kobe Sushi,100,8,21.36,266.36,58.0,0.42,1,9.2,1,1
8891,Kobe Sushi,95,4,20.0,192.56,62.0,0.46,0,28.3,0,0
8892,Nubori Experience,77,4,51.23,442.56,52.0,0.44,2,4.9,0,0
8893,Nubori Experience,84,8,60.46,930.61,88.0,0.24,0,4.7,1,0
8894,Noe Sushi Bar,109,3,52.44,483.34,46.0,0.24,0,26.7,0,0
8895,Kobe Sushi,36,5,18.34,216.2,73.0,0.12,0,3.4,0,0
8896,Kobe Sushi,119,7,18.26,424.88,48.0,0.55,1,9.3,1,0
8897,Kobe Sushi,119,7,10.0,199.64,20.0,0.3,0,9.0,0,1
8898,Noe Sushi Bar,7,4,33.84,492.78,71.0,0.26,0,1.0,0,0
8899,Kobe Sushi,23,3,10.0,48.58,20.0,0.49,0,10.4,0,1
8900,Nubori Experience,34,5,60.49,675.4,26.0,0.5,0,6.8,0,1
8901,Kobe Sushi,117,7,19.14,457.99,77.0,0.13,0,19.3,1,0
8902,Nubori Experience,114,2,78.09,506.13,37.0,0.23,0,1.1,0,0
8903,Chef Choy,96,1,17.18,64.44,52.0,0.6,2,1.0,0,1
8904,Chef Choy,21,5,16.86,293.52,36.0,0.18,1,11.2,0,0
8905,Noe Sushi Bar,70,4,40.34,395.89,43.0,0.14,3,5.6,0,0
8906,Noe Sushi Bar,80,9,63.31,1840.59,50.0,0.6,0,4.2,0,1
8907,Noe Sushi Bar,99,8,36.0,840.72,29.0,0.32,0,7.2,1,0
8908,Noe Sushi Bar,118,6,39.3,516.85,59.0,0.59,0,1.3,1,0
8909,Noe Sushi Bar,47,4,57.21,495.75,62.0,0.45,0,20.6,0,0
8910,Nubori Experience,53,7,75.31,1572.6,48.0,0.7,0,7.2,0,0
8911,Noe Sushi Bar,84,6,34.33,340.92,58.0,0.61,0,13.7,0,0
8912,Chef Choy,106,9,15.7,241.88,35.0,0.18,0,7.3,1,0
8913,Nubori Experience,41,5,63.91,960.06,33.0,0.33,0,21.7,0,0
8914,Kobe Sushi,75,5,18.04,155.75,52.0,0.32,0,6.0,0,0
8915,Kobe Sushi,32,3,13.75,63.07,58.0,0.26,1,6.4,1,0
8916,Noe Sushi Bar,14,8,51.97,1588.45,50.0,0.17,0,1.6,0,0
8917,Noe Sushi Bar,88,5,33.54,527.78,51.0,0.61,0,2.2,1,0
8918,Nubori Experience,108,7,92.76,1406.61,39.0,0.44,0,3.3,0,0
8919,Noe Sushi Bar,103,8,42.44,1284.43,41.0,0.29,0,2.7,0,1
8920,Noe Sushi Bar,107,1,39.83,132.8,46.0,0.18,0,3.9,1,0
8921,Noe Sushi Bar,95,10,49.32,1357.83,42.0,0.46,0,2.0,1,0
8922,Kobe Sushi,17,2,20.9,66.61,30.0,0.25,0,4.7,0,0
8923,Noe Sushi Bar,25,6,64.87,1158.03,64.0,0.29,0,2.7,0,0
8924,Nubori Experience,64,7,68.36,1676.8,64.0,0.1,0,0.8,0,1
8925,Kobe Sushi,73,7,26.69,632.18,55.0,0.27,0,2.7,1,0
8926,Noe Sushi Bar,86,8,61.1,762.08,56.0,0.22,3,16.6,1,0
8927,Noe Sushi Bar,119,5,51.45,611.37,23.0,0.56,0,0.5,0,1
8928,Kobe Sushi,109,3,16.75,86.71,57.0,0.18,0,2.8,0,1
8929,Kobe Sushi,48,4,10.09,100.13,68.0,0.3,3,0.5,1,0
8930,Nubori Experience,35,7,58.74,1175.35,35.0,0.76,0,0.5,0,0
8931,Kobe Sushi,37,8,10.0,193.11,54.0,0.34,1,6.8,0,0
8932,Kobe Sushi,55,9,21.36,572.65,29.0,0.19,1,3.8,0,1
8933,Kobe Sushi,17,4,23.82,156.19,70.0,0.15,0,9.9,0,0
8934,Noe Sushi Bar,28,3,28.8,144.57,54.0,0.53,0,1.5,0,0
8935,Noe Sushi Bar,1,4,32.22,398.7,53.0,0.54,0,0.5,1,0
8936,Noe Sushi Bar,53,6,36.51,793.75,58.0,0.2,2,15.1,0,0
8937,Kobe Sushi,73,5,20.02,282.51,34.0,0.19,0,6.9,0,1
8938,Nubori Experience,55,6,48.52,740.78,43.0,0.15,0,20.6,0,0
8939,Kobe Sushi,113,8,24.94,673.76,49.0,0.29,1,4.4,1,0
8940,Kobe Sushi,61,2,19.69,151.41,42.0,0.46,0,0.8,0,0
8941,Noe Sushi Bar,13,6,51.93,1125.91,44.0,0.34,0,1.2,0,1
8942,Kobe Sushi,47,5,11.42,97.97,39.0,0.06,0,4.0,1,0
8943,Nubori Experience,64,4,57.72,634.16,23.0,0.27,0,7.6,1,0
8944,Nubori Experience,32,6,90.94,889.25,20.0,0.5,0,22.4,0,0
8945,Kobe Sushi,28,6,10.0,150.49,22.0,0.35,0,3.6,0,1
8946,Nubori Experience,53,8,75.5,1770.8,54.0,0.58,1,0.8,0,1
8947,Chef Choy,31,9,20.73,344.31,70.0,0.62,0,1.4,0,1
8948,Nubori Experience,8,7,62.08,946.34,33.0,0.35,0,3.1,0,0
8949,Kobe Sushi,72,3,13.65,163.14,49.0,0.19,0,11.0,0,1
8950,Noe Sushi Bar,98,5,34.32,574.39,36.0,0.41,1,0.9,0,0
8951,Kobe Sushi,87,9,24.18,609.48,60.0,0.35,0,6.1,0,1
8952,Nubori Experience,74,5,52.64,996.1,70.0,0.27,0,0.5,0,0
8953,Kobe Sushi,101,6,22.28,427.89,57.0,0.44,0,3.4,0,1
8954,Noe Sushi Bar,112,5,33.69,411.12,42.0,0.59,0,3.3,1,0
8955,Kobe Sushi,25,5,16.3,135.82,35.0,0.08,3,8.2,1,0
8956,Kobe Sushi,115,5,16.34,324.6,37.0,0.36,0,4.0,0,0
8957,Noe Sushi Bar,33,7,33.76,589.23,48.0,0.33,0,8.6,0,1
8958,Nubori Experience,109,7,34.42,411.61,38.0,0.52,1,12.4,1,0
8959,Noe Sushi Bar,68,6,52.85,790.56,48.0,0.12,0,4.4,0,1
8960,Nubori Experience,7,7,55.84,977.22,35.0,0.19,0,3.1,0,1
8961,Kobe Sushi,97,8,22.73,479.2,33.0,0.53,0,17.5,1,0
8962,Noe Sushi Bar,66,7,37.28,856.73,38.0,0.45,0,0.9,0,0
8963,Noe Sushi Bar,112,7,26.14,276.92,50.0,0.13,0,6.8,0,0
8964,Kobe Sushi,46,3,14.23,121.63,82.0,0.49,0,0.8,1,0
8965,Noe Sushi Bar,96,8,41.81,695.92,50.0,0.23,0,2.8,0,1
8966,Noe Sushi Bar,5,8,36.08,1033.88,34.0,0.2,0,1.6,0,0
8967,Noe Sushi Bar,110,5,55.54,658.46,48.0,0.07,0,1.3,0,0
8968,Noe Sushi Bar,17,7,56.03,893.74,20.0,0.43,0,1.1,0,0
8969,Noe Sushi Bar,76,6,79.62,923.33,56.0,0.2,0,4.4,0,1
8970,Kobe Sushi,52,6,25.17,586.48,40.0,0.6,0,0.7,0,0
8971,Kobe Sushi,12,6,17.61,341.67,46.0,0.23,0,7.6,0,0
8972,Noe Sushi Bar,62,5,69.81,1110.11,37.0,0.63,0,5.8,0,1
8973,Kobe Sushi,35,5,37.43,373.66,63.0,0.76,1,2.8,0,1
8974,Kobe Sushi,62,8,16.66,503.06,53.0,0.35,0,30.0,1,0
8975,Noe Sushi Bar,21,5,32.18,415.31,37.0,0.38,0,3.0,0,0
8976,Noe Sushi Bar,85,5,34.31,303.01,48.0,0.29,0,5.3,0,1
8977,Kobe Sushi,66,9,18.31,438.72,53.0,0.55,0,2.9,0,1
8978,Noe Sushi Bar,53,6,42.94,868.68,43.0,0.3,0,15.7,0,0
8979,Noe Sushi Bar,21,3,40.82,277.53,62.0,0.5,0,3.5,0,0
8980,Kobe Sushi,15,5,15.08,192.56,37.0,0.42,1,0.5,0,0
8981,Chef Choy,75,7,21.95,388.83,42.0,0.4,0,0.9,1,0
8982,Noe Sushi Bar,74,8,54.23,978.41,40.0,0.39,1,4.6,1,0
8983,Noe Sushi Bar,82,4,44.52,564.6,32.0,0.14,0,9.3,1,0
8984,Noe Sushi Bar,23,7,54.29,653.43,20.0,0.19,0,3.0,0,0
8985,Kobe Sushi,31,9,14.13,240.75,52.0,0.74,1,9.0,0,1
8986,Noe Sushi Bar,54,6,40.38,728.06,55.0,0.5,0,8.9,0,1
8987,Kobe Sushi,55,4,21.41,183.8,51.0,0.44,0,3.3,1,1
8988,Nubori Experience,120,7,18.32,249.54,30.0,0.27,0,7.4,0,1
8989,Nubori Experience,26,9,58.68,1664.24,42.0,0.33,0,0.7,0,0
8990,Noe Sushi Bar,53,7,49.51,1216.53,71.0,0.29,0,7.2,0,0
8991,Kobe Sushi,66,9,22.03,521.9,41.0,0.11,2,26.7,0,0
8992,Kobe Sushi,39,6,18.29,277.37,59.0,0.26,0,18.0,0,0
8993,Kobe Sushi,7,5,19.33,269.37,25.0,0.07,0,5.4,0,1
8994,Noe Sushi Bar,88,4,39.38,615.36,52.0,0.04,0,1.8,0,0
8995,Kobe Sushi,39,5,16.35,221.73,43.0,0.43,0,13.0,0,0
8996,Noe Sushi Bar,32,3,53.68,567.88,54.0,0.19,2,6.5,1,0
8997,Kobe Sushi,26,5,19.89,308.6,30.0,0.57,0,1.7,0,1
8998,Nubori Experience,87,5,55.78,715.3,40.0,0.24,0,8.4,1,0
8999,Kobe Sushi,78,6,19.3,460.62,66.0,0.17,0,4.2,1,0
9000,Nubori Experience,29,7,47.66,1103.68,24.0,0.03,0,3.3,0,1
9001,Nubori Experience,25,9,66.57,2378.2,39.0,0.33,1,1.0,1,0
9002,Noe Sushi Bar,56,12,33.95,638.55,50.0,0.16,1,6.1,0,1
9003,Noe Sushi Bar,31,6,46.29,542.5,41.0,0.44,0,10.2,0,0
9004,Noe Sushi Bar,66,3,49.58,525.96,62.0,0.23,0,2.1,0,1
9005,Noe Sushi Bar,2,7,37.6,762.64,20.0,0.43,0,10.1,0,1
9006,Kobe Sushi,87,6,10.0,99.11,54.0,0.67,1,7.4,1,0
9007,Kobe Sushi,47,4,18.98,160.4,69.0,0.27,0,4.4,0,1
9008,Noe Sushi Bar,75,4,56.64,884.96,53.0,0.32,0,11.5,1,0
9009,Noe Sushi Bar,29,5,32.72,547.31,59.0,0.12,0,7.0,0,1
9010,Noe Sushi Bar,106,5,52.25,804.77,46.0,0.35,0,2.0,1,0
9011,Kobe Sushi,99,3,20.51,114.19,66.0,0.42,0,5.9,1,0
9012,Kobe Sushi,49,6,10.97,219.11,56.0,0.07,0,1.5,0,1
9013,Kobe Sushi,73,7,16.74,220.12,43.0,0.3,0,11.2,0,0
9014,Kobe Sushi,32,8,15.42,491.42,25.0,0.54,0,2.0,1,0
9015,Kobe Sushi,30,9,15.15,301.46,82.0,0.45,0,4.5,0,0
9016,Kobe Sushi,15,9,12.45,316.98,51.0,0.28,0,1.1,0,0
9017,Kobe Sushi,62,9,18.85,302.61,20.0,0.6,0,3.7,1,0
9018,Nubori Experience,78,4,63.53,751.71,39.0,0.12,0,1.4,1,0
9019,Kobe Sushi,115,4,19.23,171.23,22.0,0.38,1,6.8,0,1
9020,Noe Sushi Bar,17,8,35.92,458.77,62.0,0.18,0,30.0,0,0
9021,Kobe Sushi,22,6,11.6,202.56,37.0,0.33,1,0.8,0,0
9022,Nubori Experience,116,6,75.94,1362.07,20.0,0.59,0,4.3,0,1
9023,Noe Sushi Bar,30,8,26.82,750.71,40.0,0.4,3,7.3,0,0
9024,Kobe Sushi,81,9,17.48,559.79,72.0,0.24,0,19.8,0,1
9025,Noe Sushi Bar,16,5,13.49,139.65,66.0,0.43,0,0.7,0,0
9026,Kobe Sushi,52,7,10.0,208.98,54.0,0.49,1,8.0,1,0
9027,Noe Sushi Bar,8,2,37.25,120.92,28.0,0.28,0,1.1,0,1
9028,Kobe Sushi,64,4,22.88,314.12,50.0,0.17,0,6.0,1,0
9029,Nubori Experience,39,9,69.34,1760.68,48.0,0.3,0,16.0,0,1
9030,Noe Sushi Bar,31,3,34.24,361.69,60.0,0.51,0,4.4,0,0
9031,Kobe Sushi,12,7,17.51,286.11,58.0,0.38,0,7.1,0,1
9032,Noe Sushi Bar,33,6,53.71,1118.13,83.0,0.27,1,1.8,1,0
9033,Kobe Sushi,58,8,19.34,348.2,27.0,0.34,0,7.7,0,0
9034,Nubori Experience,12,6,59.37,1402.27,42.0,0.36,1,2.4,0,1
9035,Noe Sushi Bar,25,6,44.22,852.78,36.0,0.09,0,2.4,0,1
9036,Noe Sushi Bar,38,6,56.01,1059.47,43.0,0.15,1,2.9,0,1
9037,Kobe Sushi,48,8,12.74,274.76,58.0,0.12,0,10.0,0,1
9038,Nubori Experience,82,7,54.13,920.14,48.0,0.51,0,7.1,1,0
9039,Noe Sushi Bar,83,3,59.48,706.27,54.0,0.49,0,5.3,0,0
9040,Kobe Sushi,55,5,25.75,334.57,29.0,0.53,0,1.2,0,0
9041,Kobe Sushi,3,3,16.77,84.71,53.0,0.6,0,0.6,1,0
9042,Kobe Sushi,99,9,14.73,284.45,46.0,0.45,0,1.9,0,1
9043,Nubori Experience,69,5,47.55,719.66,38.0,0.47,0,1.1,0,0
9044,Kobe Sushi,35,9,16.11,411.9,63.0,0.26,1,6.2,0,1
9045,Noe Sushi Bar,51,8,55.72,1780.29,38.0,0.07,1,1.7,1,0
9046,Kobe Sushi,27,3,17.1,126.25,50.0,0.33,0,3.2,0,1
9047,Kobe Sushi,37,10,19.03,589.22,51.0,0.67,0,2.3,1,0
9048,Noe Sushi Bar,110,7,38.73,527.37,31.0,0.54,1,18.3,1,0
9049,Nubori Experience,85,6,50.67,649.35,24.0,0.2,0,9.9,0,0
9050,Noe Sushi Bar,16,4,49.73,309.72,59.0,0.46,0,2.7,0,1
9051,Nubori Experience,92,10,34.05,623.23,24.0,0.29,0,0.8,0,1
9052,Noe Sushi Bar,25,9,51.19,1096.84,47.0,0.6,0,15.5,0,1
9053,Kobe Sushi,33,10,22.95,379.24,61.0,0.1,0,2.7,0,0
9054,Kobe Sushi,62,9,10.06,352.63,20.0,0.49,0,6.8,1,0
9055,Noe Sushi Bar,17,5,33.39,308.36,31.0,0.37,0,12.6,0,0
9056,Nubori Experience,43,6,79.2,860.77,37.0,0.29,0,19.5,0,0
9057,Nubori Experience,30,11,45.55,1792.06,59.0,0.11,1,3.2,0,0
9058,Kobe Sushi,41,9,22.57,691.6,49.0,0.42,0,6.7,0,0
9059,Kobe Sushi,117,8,14.31,326.83,20.0,0.26,0,25.6,0,1
9060,Kobe Sushi,4,8,13.52,396.22,62.0,0.52,0,13.7,0,0
9061,Nubori Experience,66,7,70.48,1561.95,25.0,0.4,0,0.5,0,0
9062,Nubori Experience,60,6,54.82,948.18,34.0,0.3,0,3.9,0,0
9063,Chef Choy,9,6,26.69,257.09,44.0,0.25,0,7.9,0,0
9064,Kobe Sushi,118,5,20.63,232.72,50.0,0.04,0,14.4,1,0
9065,Noe Sushi Bar,31,4,43.82,407.03,20.0,0.64,0,0.5,0,0
9066,Noe Sushi Bar,89,9,41.0,994.98,35.0,0.09,3,0.7,1,0
9067,Kobe Sushi,101,6,19.19,340.35,24.0,0.62,0,17.3,1,0
9068,Noe Sushi Bar,100,5,71.59,1208.93,30.0,0.44,2,7.0,0,0
9069,Kobe Sushi,119,4,23.19,336.58,48.0,0.17,0,2.4,1,1
9070,Kobe Sushi,69,5,16.26,135.88,51.0,0.13,0,1.3,0,1
9071,Nubori Experience,24,7,98.44,1739.51,54.0,0.35,0,7.1,0,1
9072,Chef Choy,24,7,18.37,311.11,49.0,0.29,1,1.0,1,0
9073,Noe Sushi Bar,93,2,63.79,228.07,60.0,0.21,0,1.9,0,1
9074,Noe Sushi Bar,114,8,49.12,880.93,58.0,0.24,1,11.5,0,0
9075,Kobe Sushi,45,3,27.0,247.54,48.0,0.51,0,8.1,1,0
9076,Noe Sushi Bar,95,4,31.57,201.67,44.0,0.2,0,7.8,1,0
9077,Chef Choy,37,3,20.94,119.37,40.0,0.22,1,2.2,0,0
9078,Chef Choy,58,4,18.34,155.61,32.0,0.68,0,4.0,1,0
9079,Noe Sushi Bar,120,6,43.17,473.9,67.0,0.5,0,1.4,0,1
9080,Kobe Sushi,83,5,14.44,169.99,20.0,0.19,1,5.0,0,1
9081,Kobe Sushi,23,14,20.29,577.37,49.0,0.28,0,21.3,0,0
9082,Noe Sushi Bar,35,8,34.73,884.78,65.0,0.21,0,12.3,0,1
9083,Kobe Sushi,63,5,16.42,225.74,45.0,0.4,0,2.2,0,1
9084,Chef Choy,118,4,39.31,526.29,32.0,0.74,0,6.7,1,0
9085,Kobe Sushi,114,5,15.97,142.19,56.0,0.56,0,5.9,1,0
9086,Kobe Sushi,6,6,21.66,282.6,60.0,0.27,0,4.6,0,0
9087,Kobe Sushi,6,7,10.0,249.11,74.0,0.13,0,6.6,0,0
9088,Nubori Experience,120,5,64.43,1045.06,39.0,0.02,0,2.4,0,1
9089,Kobe Sushi,101,7,19.85,261.86,40.0,0.19,0,3.6,1,0
9090,Noe Sushi Bar,30,2,30.8,227.79,47.0,0.11,0,16.1,1,0
9091,Noe Sushi Bar,1,4,35.45,298.0,49.0,0.14,0,1.3,0,1
9092,Kobe Sushi,63,4,12.65,87.93,49.0,0.68,0,6.2,0,1
9093,Noe Sushi Bar,8,12,58.3,2324.49,20.0,0.38,0,10.9,0,1
9094,Noe Sushi Bar,28,12,46.69,1061.79,36.0,0.18,0,2.7,1,0
9095,Noe Sushi Bar,89,7,33.35,495.55,70.0,0.06,0,3.7,0,1
9096,Nubori Experience,33,4,74.68,712.6,69.0,0.1,3,6.9,0,1
9097,Kobe Sushi,53,8,24.23,507.42,57.0,0.39,0,3.9,0,0
9098,Kobe Sushi,38,5,23.22,360.08,56.0,0.32,0,7.3,0,1
9099,Nubori Experience,52,10,36.65,952.73,43.0,0.77,0,6.3,1,0
9100,Kobe Sushi,78,6,14.07,191.18,42.0,0.36,0,4.2,0,0
9101,Noe Sushi Bar,11,8,35.14,655.5,53.0,0.44,0,5.0,0,0
9102,Chef Choy,2,5,15.38,231.78,21.0,0.41,0,2.9,0,1
9103,Kobe Sushi,53,6,27.54,369.96,45.0,0.14,0,6.0,0,1
9104,Noe Sushi Bar,94,7,28.84,612.5,20.0,0.2,0,2.5,0,1
9105,Kobe Sushi,94,4,14.48,135.72,48.0,0.09,0,3.0,0,1
9106,Kobe Sushi,68,4,19.07,265.43,69.0,0.16,0,0.8,0,1
9107,Kobe Sushi,77,5,19.22,320.25,31.0,0.19,0,7.2,1,0
9108,Nubori Experience,7,4,62.34,709.28,29.0,0.28,0,1.6,0,0
9109,Kobe Sushi,102,3,17.0,174.77,44.0,0.38,0,11.5,0,0
9110,Noe Sushi Bar,67,4,44.4,603.16,42.0,0.13,0,15.1,0,1
9111,Nubori Experience,9,8,103.52,3026.73,58.0,0.79,0,6.9,0,1
9112,Noe Sushi Bar,78,12,33.97,820.26,73.0,0.51,0,1.6,0,0
9113,Noe Sushi Bar,116,5,49.65,972.22,62.0,0.71,0,4.8,0,1
9114,Noe Sushi Bar,63,2,28.18,94.26,54.0,0.18,0,0.5,1,0
9115,Kobe Sushi,11,5,22.08,207.29,44.0,0.26,0,6.9,0,0
9116,Noe Sushi Bar,37,7,56.65,817.52,35.0,0.42,0,1.8,0,1
9117,Noe Sushi Bar,14,4,29.98,435.29,24.0,0.3,0,7.2,0,1
9118,Nubori Experience,19,6,70.16,1403.86,40.0,0.17,0,1.2,0,0
9119,Nubori Experience,8,5,65.67,700.59,51.0,0.06,0,1.1,0,0
9120,Nubori Experience,7,11,70.42,2294.89,42.0,0.34,0,3.5,0,1
9121,Nubori Experience,59,5,84.61,975.04,79.0,0.12,0,2.9,1,0
9122,Noe Sushi Bar,63,8,37.37,721.17,53.0,0.59,0,0.5,1,0
9123,Noe Sushi Bar,7,6,46.45,727.52,48.0,0.33,0,18.2,0,1
9124,Nubori Experience,120,7,55.3,686.82,40.0,0.1,0,7.9,1,0
9125,Kobe Sushi,55,4,16.58,176.0,50.0,0.65,0,3.0,0,1
9126,Nubori Experience,3,7,68.92,1667.66,48.0,0.18,0,4.0,0,1
9127,Noe Sushi Bar,67,7,41.27,986.42,49.0,0.51,2,5.9,1,0
9128,Noe Sushi Bar,18,6,41.52,404.66,38.0,0.61,0,0.8,0,0
9129,Noe Sushi Bar,45,8,25.29,420.54,30.0,0.28,0,0.5,0,0
9130,Nubori Experience,97,7,45.83,496.09,28.0,0.1,0,3.9,0,1
9131,Kobe Sushi,101,8,16.65,425.71,54.0,0.49,0,4.2,1,0
9132,Noe Sushi Bar,92,9,15.29,212.81,36.0,0.23,1,0.5,0,0
9133,Noe Sushi Bar,36,4,41.67,369.51,37.0,0.24,0,8.2,0,1
9134,Kobe Sushi,16,7,17.27,479.19,48.0,0.68,3,4.5,1,0
9135,Chef Choy,79,1,10.0,25.06,45.0,0.65,1,12.3,1,0
9136,Noe Sushi Bar,29,5,27.57,393.37,33.0,0.26,0,1.7,1,1
9137,Noe Sushi Bar,59,8,54.21,1428.19,47.0,0.14,1,0.5,1,0
9138,Kobe Sushi,18,4,15.08,223.92,46.0,0.45,0,15.9,0,1
9139,Noe Sushi Bar,49,4,44.31,474.63,59.0,0.65,0,0.5,0,0
9140,Noe Sushi Bar,110,8,39.82,635.85,31.0,0.16,1,3.9,1,0
9141,Noe Sushi Bar,46,5,50.21,545.62,43.0,0.29,0,7.6,0,1
9142,Kobe Sushi,83,4,19.6,206.84,66.0,0.21,2,9.4,1,0
9143,Nubori Experience,29,4,56.05,640.84,35.0,0.17,0,6.8,0,1
9144,Noe Sushi Bar,70,4,45.22,429.95,46.0,0.15,0,3.3,0,0
9145,Noe Sushi Bar,109,8,70.32,2000.79,39.0,0.37,0,16.3,0,1
9146,Noe Sushi Bar,50,6,44.2,663.69,72.0,0.14,0,6.2,1,0
9147,Kobe Sushi,111,6,19.3,453.41,32.0,0.38,3,4.1,1,0
9148,Noe Sushi Bar,55,9,54.79,1054.92,36.0,0.46,0,3.8,0,1
9149,Noe Sushi Bar,27,7,69.86,1066.94,70.0,0.58,0,4.2,0,0
9150,Noe Sushi Bar,7,5,28.42,526.35,33.0,0.23,0,1.4,1,0
9151,Noe Sushi Bar,91,7,50.67,689.8,49.0,0.46,0,9.5,1,0
9152,Noe Sushi Bar,83,7,25.87,405.6,52.0,0.39,0,2.9,0,1
9153,Kobe Sushi,81,8,10.12,158.3,59.0,0.43,0,3.0,0,0
9154,Noe Sushi Bar,41,8,48.41,1378.57,55.0,0.46,0,2.4,1,0
9155,Kobe Sushi,11,8,16.64,213.58,47.0,0.41,0,1.1,0,0
9156,Kobe Sushi,5,9,21.93,409.39,55.0,0.43,0,1.3,0,0
9157,Nubori Experience,66,5,55.21,1010.89,57.0,0.36,0,9.2,1,0
9158,Noe Sushi Bar,111,5,36.07,640.4,49.0,0.25,0,2.8,0,1
9159,Noe Sushi Bar,56,8,49.73,671.55,68.0,0.18,0,2.1,1,1
9160,Noe Sushi Bar,12,5,37.92,450.34,46.0,0.11,0,5.0,0,1
9161,Nubori Experience,42,6,81.59,1257.87,35.0,0.56,0,1.4,0,0
9162,Noe Sushi Bar,106,1,47.85,126.06,29.0,0.4,0,8.7,0,1
9163,Chef Choy,116,6,16.53,217.31,35.0,0.21,1,0.5,0,0
9164,Kobe Sushi,75,7,12.67,329.01,40.0,0.26,1,3.1,0,0
9165,Nubori Experience,10,8,37.51,603.28,36.0,0.18,0,2.3,0,1
9166,Nubori Experience,28,7,73.86,1918.07,57.0,0.21,1,2.1,1,0
9167,Nubori Experience,7,7,86.42,1908.42,49.0,0.15,1,7.7,0,0
9168,Kobe Sushi,14,5,16.81,281.5,30.0,0.51,0,4.1,1,0
9169,Kobe Sushi,77,3,21.36,115.38,62.0,0.08,0,2.0,0,0
9170,Kobe Sushi,69,6,16.99,353.3,39.0,0.53,0,19.0,1,0
9171,Kobe Sushi,61,6,23.28,240.5,38.0,0.76,0,0.5,1,0
9172,Nubori Experience,51,5,81.06,886.31,51.0,0.43,0,4.7,0,1
9173,Kobe Sushi,42,5,16.52,239.07,60.0,0.43,0,5.0,0,1
9174,Kobe Sushi,8,6,18.1,287.6,29.0,0.44,0,7.4,0,0
9175,Kobe Sushi,50,7,27.61,504.49,34.0,0.03,0,5.5,0,0
9176,Kobe Sushi,1,3,29.29,343.95,48.0,0.11,0,4.7,0,1
9177,Kobe Sushi,69,5,23.97,242.46,40.0,0.19,0,14.9,0,0
9178,Chef Choy,11,6,35.52,366.8,61.0,0.74,0,16.8,0,0
9179,Noe Sushi Bar,116,7,30.52,426.36,24.0,0.31,0,0.6,0,1
9180,Kobe Sushi,107,6,18.68,347.24,38.0,0.59,0,1.7,1,0
9181,Noe Sushi Bar,48,3,42.7,244.68,83.0,0.08,0,3.0,1,0
9182,Noe Sushi Bar,10,8,33.16,1028.71,54.0,0.27,0,0.7,0,0
9183,Kobe Sushi,15,8,13.59,317.59,54.0,0.26,0,15.5,0,0
9184,Noe Sushi Bar,103,8,36.57,870.32,22.0,0.32,0,8.9,1,0
9185,Noe Sushi Bar,47,5,38.09,296.87,35.0,0.15,0,0.5,1,0
9186,Noe Sushi Bar,93,6,55.18,880.11,44.0,0.44,0,5.4,0,1
9187,Noe Sushi Bar,25,3,49.71,322.7,76.0,0.51,0,6.2,0,0
9188,Kobe Sushi,112,8,17.89,313.06,24.0,0.38,0,12.8,1,0
9189,Nubori Experience,6,4,69.32,1089.55,26.0,0.32,0,3.7,0,1
9190,Nubori Experience,11,3,70.17,408.1,49.0,0.44,0,1.6,0,0
9191,Nubori Experience,17,6,35.35,532.67,52.0,0.39,0,2.7,0,1
9192,Kobe Sushi,15,6,25.99,256.13,45.0,0.03,0,2.8,0,1
9193,Nubori Experience,16,3,75.68,573.07,21.0,0.13,0,2.7,0,1
9194,Nubori Experience,56,6,62.13,730.96,65.0,0.38,0,6.4,0,1
9195,Nubori Experience,66,8,41.19,607.45,35.0,0.4,0,5.9,0,1
9196,Kobe Sushi,36,5,18.8,356.55,56.0,0.23,0,5.2,1,0
9197,Noe Sushi Bar,83,7,66.09,1703.59,44.0,0.16,3,8.9,1,0
9198,Nubori Experience,38,8,76.99,1347.91,51.0,0.06,0,13.1,0,1
9199,Noe Sushi Bar,114,5,58.05,763.92,26.0,0.5,2,5.1,0,1
9200,Noe Sushi Bar,85,5,36.96,479.16,40.0,0.26,1,2.4,0,1
9201,Nubori Experience,75,5,78.87,912.08,42.0,0.13,1,7.9,1,1
9202,Noe Sushi Bar,105,5,56.8,579.55,38.0,0.47,0,8.0,0,0
9203,Noe Sushi Bar,3,7,55.96,601.34,20.0,0.18,1,12.8,0,0
9204,Noe Sushi Bar,98,9,28.75,1007.28,50.0,0.38,0,15.6,0,0
9205,Nubori Experience,18,7,71.86,1303.57,58.0,0.23,0,1.5,0,0
9206,Kobe Sushi,79,9,24.98,785.62,20.0,0.3,0,2.0,1,0
9207,Noe Sushi Bar,89,6,38.75,386.13,39.0,0.39,0,1.9,0,0
9208,Noe Sushi Bar,54,5,37.55,667.46,63.0,0.18,0,1.2,0,0
9209,Chef Choy,114,6,31.82,468.47,53.0,0.23,2,12.3,0,0
9210,Noe Sushi Bar,115,4,32.99,441.74,65.0,0.4,0,5.4,0,1
9211,Nubori Experience,79,7,70.83,1601.25,36.0,0.32,2,2.3,0,0
9212,Nubori Experience,94,8,56.18,697.01,28.0,0.2,0,1.5,1,0
9213,Kobe Sushi,17,3,22.32,235.0,46.0,0.37,1,3.4,0,1
9214,Noe Sushi Bar,82,4,55.69,375.91,61.0,0.47,0,1.8,0,1
9215,Kobe Sushi,95,5,18.18,344.34,32.0,0.16,0,12.8,0,0
9216,Kobe Sushi,114,3,16.93,100.36,37.0,0.2,0,8.4,1,0
9217,Noe Sushi Bar,107,6,57.53,727.02,49.0,0.19,0,6.3,0,0
9218,Nubori Experience,82,2,43.93,187.23,44.0,0.07,0,3.6,1,0
9219,Nubori Experience,119,4,63.76,756.46,20.0,0.07,0,0.5,1,0
9220,Kobe Sushi,99,3,14.74,163.3,32.0,0.2,0,12.9,0,0
9221,Kobe Sushi,13,7,23.2,640.77,61.0,0.4,0,1.8,0,1
9222,Noe Sushi Bar,63,4,39.85,435.81,41.0,0.41,1,20.1,1,0
9223,Noe Sushi Bar,14,4,33.22,360.64,68.0,0.1,0,4.5,1,0
9224,Kobe Sushi,59,8,15.82,284.34,53.0,0.57,0,2.2,1,0
9225,Nubori Experience,36,10,74.39,1857.92,47.0,0.28,0,4.9,0,1
9226,Nubori Experience,18,3,64.84,547.87,56.0,0.56,0,2.6,1,1
9227,Noe Sushi Bar,5,5,51.71,955.54,97.0,0.07,0,7.8,1,0
9228,Nubori Experience,14,6,63.03,1199.41,34.0,0.51,0,3.7,0,1
9229,Kobe Sushi,25,8,19.95,618.83,20.0,0.5,0,5.7,0,0
9230,Noe Sushi Bar,44,6,50.86,486.16,84.0,0.22,0,0.7,1,0
9231,Noe Sushi Bar,39,6,44.0,404.64,43.0,0.15,0,6.8,0,0
9232,Kobe Sushi,12,5,19.08,361.91,81.0,0.24,0,1.3,0,0
9233,Nubori Experience,104,4,82.71,893.85,44.0,0.21,0,0.9,0,0
9234,Noe Sushi Bar,61,9,41.63,937.4,52.0,0.47,0,4.7,1,0
9235,Noe Sushi Bar,62,7,34.79,753.91,25.0,0.06,0,9.8,1,0
9236,Kobe Sushi,53,11,16.86,544.05,45.0,0.31,1,10.1,0,1
9237,Kobe Sushi,53,9,19.99,622.75,35.0,0.15,0,3.8,0,0
9238,Kobe Sushi,28,5,10.0,88.93,40.0,0.38,0,7.5,0,0
9239,Noe Sushi Bar,35,5,36.69,627.04,52.0,0.35,0,19.0,0,0
9240,Noe Sushi Bar,118,7,39.19,858.25,49.0,0.08,0,9.5,0,0
9241,Kobe Sushi,65,8,15.06,394.64,62.0,0.2,0,3.2,1,0
9242,Noe Sushi Bar,3,6,31.15,740.34,51.0,0.2,0,11.6,1,0
9243,Noe Sushi Bar,43,5,42.21,729.36,29.0,0.11,0,4.2,1,0
9244,Noe Sushi Bar,50,9,39.44,779.22,57.0,0.29,0,6.0,0,0
9245,Noe Sushi Bar,71,9,18.89,291.65,37.0,0.42,0,9.2,0,1
9246,Nubori Experience,9,9,47.86,1248.08,23.0,0.28,0,18.1,0,1
9247,Noe Sushi Bar,36,10,26.95,841.78,28.0,0.2,0,10.7,1,0
9248,Noe Sushi Bar,23,6,60.69,1141.02,54.0,0.15,0,5.6,0,0
9249,Kobe Sushi,88,3,18.92,212.95,41.0,0.05,0,7.3,1,0
9250,Kobe Sushi,74,6,20.57,356.68,38.0,0.43,0,9.3,0,0
9251,Kobe Sushi,50,3,23.64,182.63,29.0,0.3,0,5.2,1,0
9252,Noe Sushi Bar,55,9,47.9,1236.34,41.0,0.32,0,14.9,0,0
9253,Kobe Sushi,112,3,11.96,64.01,36.0,0.32,0,5.5,1,1
9254,Kobe Sushi,12,7,19.97,393.8,70.0,0.09,0,1.3,0,1
9255,Chef Choy,83,2,29.36,208.9,31.0,0.4,0,3.4,0,0
9256,Kobe Sushi,32,12,10.0,440.44,53.0,0.41,0,0.5,0,1
9257,Kobe Sushi,24,5,15.81,279.87,51.0,0.46,0,9.5,0,0
9258,Kobe Sushi,86,7,10.0,272.82,20.0,0.25,0,0.9,0,1
9259,Chef Choy,67,5,35.71,589.02,44.0,0.32,0,18.4,1,0
9260,Kobe Sushi,104,11,13.34,521.93,52.0,0.09,0,4.4,1,0
9261,Noe Sushi Bar,27,6,47.7,433.14,40.0,0.36,0,5.2,0,0
9262,Noe Sushi Bar,61,3,34.32,354.12,20.0,0.34,0,11.7,0,0
9263,Noe Sushi Bar,19,2,29.47,103.37,55.0,0.23,2,5.4,0,1
9264,Noe Sushi Bar,73,8,53.5,1300.5,57.0,0.63,0,0.8,0,1
9265,Nubori Experience,51,4,65.42,709.47,40.0,0.23,1,12.0,1,0
9266,Kobe Sushi,64,7,20.62,411.31,39.0,0.51,0,16.4,0,1
9267,Kobe Sushi,113,7,13.01,225.08,72.0,0.13,0,21.5,0,1
9268,Kobe Sushi,77,7,16.93,362.42,32.0,0.29,0,8.5,0,0
9269,Kobe Sushi,2,6,12.24,156.87,36.0,0.16,0,3.8,0,1
9270,Kobe Sushi,36,9,20.48,278.12,28.0,0.4,1,2.7,0,1
9271,Kobe Sushi,93,5,18.51,346.07,56.0,0.31,1,0.9,1,0
9272,Noe Sushi Bar,11,5,55.45,1006.14,60.0,0.39,0,5.4,1,0
9273,Noe Sushi Bar,98,5,37.79,742.03,40.0,0.31,0,7.1,0,0
9274,Kobe Sushi,68,7,18.56,317.25,52.0,0.21,0,3.7,1,0
9275,Noe Sushi Bar,68,7,44.65,999.49,50.0,0.23,0,15.1,0,0
9276,Kobe Sushi,116,12,19.49,444.47,52.0,0.52,0,0.5,1,0
9277,Kobe Sushi,64,8,12.55,330.53,60.0,0.09,0,15.1,1,0
9278,Noe Sushi Bar,1,3,38.58,213.14,30.0,0.22,0,1.5,0,0
9279,Kobe Sushi,89,5,16.86,197.53,68.0,0.2,0,1.0,0,1
9280,Kobe Sushi,26,10,15.66,338.56,54.0,0.23,0,2.6,0,0
9281,Noe Sushi Bar,11,3,48.22,223.67,57.0,0.69,0,5.2,0,1
9282,Nubori Experience,87,6,77.61,973.39,76.0,0.06,0,2.8,0,1
9283,Noe Sushi Bar,2,7,41.71,765.04,44.0,0.48,0,0.5,0,1
9284,Kobe Sushi,83,9,15.94,238.19,66.0,0.29,0,1.5,0,1
9285,Nubori Experience,93,7,51.94,945.69,49.0,0.66,0,9.4,1,0
9286,Noe Sushi Bar,40,5,49.19,908.6,41.0,0.12,1,4.6,1,0
9287,Noe Sushi Bar,119,5,29.83,349.99,72.0,0.05,0,7.7,0,0
9288,Nubori Experience,116,3,53.9,246.61,48.0,0.14,0,1.5,1,0
9289,Noe Sushi Bar,4,6,37.49,654.29,58.0,0.55,0,1.4,0,0
9290,Kobe Sushi,80,6,23.49,276.82,58.0,0.48,0,30.0,0,1
9291,Noe Sushi Bar,111,12,48.6,2213.23,52.0,0.64,0,0.5,0,0
9292,Noe Sushi Bar,37,6,41.9,553.01,39.0,0.02,0,8.0,0,0
9293,Noe Sushi Bar,61,4,53.56,587.49,52.0,0.49,0,2.0,0,1
9294,Noe Sushi Bar,91,7,39.58,1053.38,43.0,0.11,0,0.5,0,1
9295,Nubori Experience,5,7,67.26,1346.11,49.0,0.21,0,0.5,0,0
9296,Nubori Experience,15,3,84.0,442.41,35.0,0.4,0,0.7,0,1
9297,Nubori Experience,87,3,64.77,534.26,32.0,0.18,0,13.9,0,1
9298,Nubori Experience,113,5,67.4,1201.41,20.0,0.24,1,6.9,1,1
9299,Nubori Experience,67,9,61.54,2049.98,44.0,0.54,2,0.9,0,1
9300,Kobe Sushi,82,4,21.09,169.15,57.0,0.43,0,10.1,1,0
9301,Kobe Sushi,107,6,26.06,362.16,27.0,0.29,0,4.1,0,1
9302,Noe Sushi Bar,26,7,48.38,1333.0,53.0,0.34,0,10.7,1,0
9303,Nubori Experience,6,8,76.3,966.95,50.0,0.54,0,19.4,0,0
9304,Noe Sushi Bar,44,5,27.28,426.79,77.0,0.66,0,3.6,0,0
9305,Noe Sushi Bar,118,7,37.38,797.89,47.0,0.02,0,0.5,1,0
9306,Kobe Sushi,58,9,16.92,548.09,20.0,0.16,0,1.1,0,1
9307,Kobe Sushi,81,4,23.85,364.77,48.0,0.21,1,3.8,0,1
9308,Noe Sushi Bar,46,2,54.58,176.21,53.0,0.49,0,5.7,0,1
9309,Kobe Sushi,102,5,10.35,128.15,52.0,0.28,0,5.1,1,0
9310,Kobe Sushi,42,6,19.46,429.57,77.0,0.41,0,0.5,0,1
9311,Kobe Sushi,48,5,14.6,145.8,20.0,0.43,2,3.5,1,0
9312,Kobe Sushi,114,7,23.49,529.84,52.0,0.16,0,5.6,1,0
9313,Noe Sushi Bar,27,6,18.44,196.78,47.0,0.04,0,12.2,0,0
9314,Kobe Sushi,20,6,23.69,453.29,39.0,0.67,2,23.1,1,0
9315,Noe Sushi Bar,70,11,50.77,1419.79,54.0,0.2,0,0.5,1,0
9316,Kobe Sushi,115,10,21.56,383.54,70.0,0.29,0,9.4,1,0
9317,Nubori Experience,35,6,27.26,281.93,50.0,0.39,0,10.9,0,0
9318,Kobe Sushi,76,9,25.14,437.56,59.0,0.3,0,7.2,0,0
9319,Noe Sushi Bar,48,8,49.73,1017.34,38.0,0.17,0,3.8,0,0
9320,Noe Sushi Bar,67,3,60.6,616.19,73.0,0.7,1,2.5,0,0
9321,Kobe Sushi,112,9,19.46,443.02,32.0,0.13,0,0.5,0,1
9322,Nubori Experience,68,6,74.8,1505.05,54.0,0.1,0,12.5,1,0
9323,Noe Sushi Bar,52,6,40.28,840.29,52.0,0.51,0,7.3,0,1
9324,Noe Sushi Bar,109,9,40.21,663.35,66.0,0.46,0,0.5,1,0
9325,Kobe Sushi,68,5,13.76,144.71,63.0,0.35,0,4.9,1,1
9326,Nubori Experience,4,4,49.56,346.92,48.0,0.27,2,4.4,0,0
9327,Chef Choy,39,6,37.3,766.3,57.0,0.2,0,5.2,0,0
9328,Kobe Sushi,21,2,17.37,94.25,38.0,0.58,0,1.8,0,1
9329,Kobe Sushi,108,7,12.59,156.65,56.0,0.19,0,1.4,1,0
9330,Nubori Experience,66,7,93.37,2351.33,34.0,0.27,1,5.2,0,1
9331,Noe Sushi Bar,16,8,43.39,921.08,45.0,0.71,0,7.1,0,1
9332,Chef Choy,7,4,37.78,373.99,54.0,0.47,1,0.5,0,1
9333,Noe Sushi Bar,83,3,18.37,94.06,60.0,0.53,0,6.9,1,0
9334,Noe Sushi Bar,107,8,59.91,1350.48,27.0,0.11,0,11.9,0,0
9335,Kobe Sushi,97,4,19.9,242.28,36.0,0.03,1,4.9,0,1
9336,Kobe Sushi,9,10,13.9,381.53,56.0,0.58,0,1.6,0,1
9337,Noe Sushi Bar,101,6,42.42,691.16,38.0,0.18,0,0.5,1,0
9338,Nubori Experience,17,5,85.21,1111.08,39.0,0.32,0,3.1,0,1
9339,Kobe Sushi,91,8,19.41,326.89,32.0,0.44,0,7.5,1,0
9340,Noe Sushi Bar,97,7,51.52,1152.84,64.0,0.16,0,3.4,0,1
9341,Noe Sushi Bar,113,9,33.26,1064.08,20.0,0.67,1,1.1,0,0
9342,Noe Sushi Bar,12,5,30.62,421.8,54.0,0.07,1,0.6,0,0
9343,Nubori Experience,57,3,55.53,366.44,36.0,0.1,0,9.4,0,1
9344,Chef Choy,45,4,22.0,174.3,56.0,0.21,0,3.4,0,1
9345,Kobe Sushi,120,4,33.36,503.08,55.0,0.08,1,2.0,1,0
9346,Nubori Experience,11,7,58.72,842.87,38.0,0.17,0,18.9,0,1
9347,Chef Choy,13,7,23.63,463.67,44.0,0.49,1,12.1,1,0
9348,Nubori Experience,31,9,57.91,1917.49,64.0,0.63,2,12.6,1,0
9349,Noe Sushi Bar,77,6,40.48,727.45,35.0,0.52,0,0.8,0,0
9350,Nubori Experience,102,6,44.7,813.41,64.0,0.35,0,1.9,0,1
9351,Kobe Sushi,26,8,22.79,445.25,46.0,0.21,0,3.8,1,0
9352,Kobe Sushi,63,6,21.88,465.35,20.0,0.12,0,1.0,0,1
9353,Nubori Experience,31,7,50.26,1302.35,70.0,0.42,0,14.9,0,0
9354,Kobe Sushi,22,10,12.58,407.08,26.0,0.48,0,1.2,1,0
9355,Kobe Sushi,6,8,25.28,687.14,51.0,0.46,0,21.1,1,0
9356,Chef Choy,20,5,31.65,377.83,25.0,0.09,0,0.8,0,1
9357,Nubori Experience,85,7,60.62,770.85,39.0,0.18,1,2.2,0,0
9358,Kobe Sushi,10,4,11.74,168.46,24.0,0.56,0,5.8,0,1
9359,Nubori Experience,83,8,61.62,1647.89,62.0,0.39,0,5.2,0,0
9360,Noe Sushi Bar,35,3,30.09,174.82,29.0,0.28,3,4.0,0,1
9361,Noe Sushi Bar,26,4,37.9,427.62,46.0,0.08,0,4.6,0,0
9362,Nubori Experience,71,7,57.55,1377.66,79.0,0.15,0,9.3,1,0
9363,Noe Sushi Bar,37,4,33.26,307.69,56.0,0.23,0,2.8,0,1
9364,Kobe Sushi,8,4,12.18,117.43,52.0,0.22,0,4.7,0,0
9365,Kobe Sushi,5,8,13.59,274.88,43.0,0.64,2,2.1,1,0
9366,Noe Sushi Bar,44,3,26.21,257.7,51.0,0.27,2,1.7,1,0
9367,Noe Sushi Bar,100,3,44.77,478.82,60.0,0.23,1,2.3,1,0
9368,Nubori Experience,115,5,46.45,377.98,44.0,0.27,0,17.2,1,0
9369,Chef Choy,92,6,18.44,244.0,24.0,0.64,0,4.3,1,0
9370,Noe Sushi Bar,114,6,36.83,876.87,31.0,0.25,0,3.7,0,1
9371,Chef Choy,67,4,12.22,166.39,56.0,0.1,3,4.9,1,0
9372,Kobe Sushi,103,6,10.0,106.69,52.0,0.14,0,0.7,1,0
9373,Kobe Sushi,72,4,24.53,252.71,50.0,0.39,1,5.3,0,0
9374,Nubori Experience,79,7,68.24,1719.33,62.0,0.1,0,6.1,1,0
9375,Kobe Sushi,117,6,13.14,223.45,61.0,0.17,0,16.7,0,1
9376,Kobe Sushi,91,7,10.0,128.71,62.0,0.15,0,2.9,1,0
9377,Noe Sushi Bar,49,2,46.54,243.3,52.0,0.3,0,4.0,0,1
9378,Noe Sushi Bar,115,6,49.44,1001.55,47.0,0.15,0,6.3,1,0
9379,Nubori Experience,36,5,69.21,1062.51,64.0,0.54,0,3.9,0,1
9380,Kobe Sushi,80,4,16.27,178.98,25.0,0.36,0,30.0,1,0
9381,Kobe Sushi,26,2,26.18,186.71,58.0,0.24,0,2.4,0,1
9382,Kobe Sushi,45,7,13.28,255.75,27.0,0.38,0,7.9,0,1
9383,Noe Sushi Bar,61,7,37.41,901.63,27.0,0.41,0,8.6,1,0
9384,Kobe Sushi,44,14,21.86,748.73,46.0,0.44,0,5.2,0,1
9385,Noe Sushi Bar,4,7,26.39,645.15,44.0,0.36,0,2.6,0,1
9386,Nubori Experience,76,11,75.76,1302.71,32.0,0.15,0,5.4,1,0
9387,Nubori Experience,81,6,59.47,722.05,59.0,0.43,0,0.8,0,0
9388,Kobe Sushi,58,4,16.37,245.11,43.0,0.43,0,5.0,1,1
9389,Noe Sushi Bar,105,6,53.03,814.61,33.0,0.31,0,6.2,0,1
9390,Noe Sushi Bar,108,4,42.59,486.87,52.0,0.46,0,3.0,1,0
9391,Nubori Experience,26,3,68.24,335.35,54.0,0.23,0,1.2,0,0
9392,Nubori Experience,95,6,81.9,852.95,69.0,0.28,0,3.4,0,0
9393,Kobe Sushi,79,10,17.03,399.44,54.0,0.35,0,3.2,0,1
9394,Noe Sushi Bar,116,4,22.15,218.97,54.0,0.78,0,0.5,0,1
9395,Kobe Sushi,98,2,20.81,95.02,68.0,0.13,0,7.7,0,0
9396,Kobe Sushi,29,5,24.36,210.26,50.0,0.49,1,2.3,0,0
9397,Kobe Sushi,9,8,15.19,482.43,38.0,0.76,0,1.4,1,0
9398,Noe Sushi Bar,78,3,52.71,576.51,56.0,0.56,0,2.8,1,0
9399,Noe Sushi Bar,36,7,54.84,1279.0,35.0,0.8,0,4.1,0,0
9400,Kobe Sushi,4,7,17.21,277.2,39.0,0.07,1,2.1,1,1
9401,Noe Sushi Bar,59,3,40.2,467.51,50.0,0.19,0,7.4,1,0
9402,Kobe Sushi,102,9,19.35,614.69,42.0,0.59,0,2.3,0,1
9403,Noe Sushi Bar,120,3,49.27,250.98,31.0,0.72,0,5.0,1,0
9404,Kobe Sushi,37,5,27.99,298.01,48.0,0.25,0,2.7,0,1
9405,Kobe Sushi,88,5,22.52,197.67,38.0,0.29,0,19.7,1,0
9406,Noe Sushi Bar,81,8,32.5,796.51,31.0,0.76,0,1.8,0,0
9407,Kobe Sushi,13,6,17.56,274.71,67.0,0.66,0,1.5,0,0
9408,Noe Sushi Bar,20,10,57.75,1894.53,49.0,0.09,0,8.9,0,0
9409,Kobe Sushi,17,9,18.54,416.11,43.0,0.23,0,3.4,0,1
9410,Noe Sushi Bar,51,9,49.17,679.51,65.0,0.39,0,0.7,1,0
9411,Kobe Sushi,91,5,17.21,169.59,35.0,0.07,0,8.7,0,0
9412,Noe Sushi Bar,55,6,73.43,924.61,36.0,0.18,0,5.6,0,1
9413,Chef Choy,33,8,30.38,786.77,56.0,0.5,0,4.5,0,0
9414,Kobe Sushi,21,5,13.96,117.76,32.0,0.13,0,0.5,0,0
9415,Noe Sushi Bar,81,9,77.58,1512.4,25.0,0.12,0,0.5,1,0
9416,Kobe Sushi,22,6,10.0,109.5,68.0,0.25,1,16.4,1,0
9417,Noe Sushi Bar,25,6,61.13,601.73,60.0,0.25,0,5.6,0,0
9418,Kobe Sushi,67,7,22.52,279.31,48.0,0.05,0,3.5,0,1
9419,Noe Sushi Bar,91,7,26.86,655.28,52.0,0.26,0,4.1,0,0
9420,Noe Sushi Bar,91,2,44.04,336.94,41.0,0.46,0,5.2,0,0
9421,Nubori Experience,110,14,39.73,2102.78,47.0,0.32,0,9.3,0,0
9422,Noe Sushi Bar,12,2,53.92,407.93,32.0,0.13,1,7.8,0,1
9423,Noe Sushi Bar,15,6,37.34,474.83,39.0,0.46,0,5.7,1,0
9424,Noe Sushi Bar,102,4,38.99,552.94,43.0,0.34,0,0.7,1,0
9425,Nubori Experience,84,7,85.32,1103.85,43.0,0.39,0,5.4,0,1
9426,Chef Choy,86,3,31.48,152.83,60.0,0.33,0,10.8,1,0
9427,Kobe Sushi,2,4,21.03,298.89,56.0,0.11,0,23.3,0,0
9428,Nubori Experience,4,5,84.28,1516.61,41.0,0.53,0,2.8,0,1
9429,Noe Sushi Bar,45,5,36.75,683.0,56.0,0.48,0,3.0,0,0
9430,Nubori Experience,13,5,58.43,919.3,49.0,0.01,0,7.3,0,0
9431,Nubori Experience,55,6,76.11,1399.6,48.0,0.18,0,2.4,0,1
9432,Kobe Sushi,32,13,23.6,603.79,39.0,0.14,0,8.8,0,0
9433,Noe Sushi Bar,22,8,28.66,466.96,54.0,0.46,0,18.2,0,0
9434,Kobe Sushi,89,4,27.25,319.96,63.0,0.21,0,4.9,0,0
9435,Kobe Sushi,91,5,15.0,234.62,34.0,0.33,0,12.9,1,1
9436,Kobe Sushi,55,4,15.37,211.51,39.0,0.04,0,1.0,0,1
9437,Noe Sushi Bar,17,7,19.94,411.03,66.0,0.28,0,3.4,0,0
9438,Kobe Sushi,70,4,19.6,288.93,33.0,0.69,0,4.7,0,1
9439,Kobe Sushi,107,5,21.47,213.19,51.0,0.85,2,2.4,1,0
9440,Noe Sushi Bar,51,6,55.46,1091.67,20.0,0.6,0,3.4,0,0
9441,Kobe Sushi,80,8,20.64,355.25,20.0,0.58,0,21.6,1,0
9442,Kobe Sushi,8,5,15.44,205.9,27.0,0.61,0,3.0,0,0
9443,Kobe Sushi,61,5,14.71,212.65,65.0,0.06,1,5.5,0,0
9444,Kobe Sushi,97,8,23.85,429.53,77.0,0.48,1,1.5,1,0
9445,Noe Sushi Bar,10,7,33.88,515.35,65.0,0.44,0,0.8,0,0
9446,Kobe Sushi,98,4,15.45,235.27,64.0,0.65,0,2.4,0,1
9447,Nubori Experience,19,6,87.9,2061.56,52.0,0.44,0,13.6,0,1
9448,Noe Sushi Bar,14,9,40.95,968.46,57.0,0.51,0,11.0,1,0
9449,Kobe Sushi,67,9,18.69,264.99,55.0,0.19,1,0.5,0,0
9450,Kobe Sushi,55,7,11.25,276.47,87.0,0.68,0,4.6,0,1
9451,Noe Sushi Bar,61,7,58.46,1134.31,57.0,0.75,0,4.7,1,0
9452,Noe Sushi Bar,56,7,32.85,846.1,35.0,0.49,0,8.6,0,0
9453,Kobe Sushi,63,5,15.8,157.9,38.0,0.72,0,5.4,0,1
9454,Kobe Sushi,105,9,26.49,530.16,23.0,0.44,0,0.5,1,0
9455,Nubori Experience,87,3,25.55,208.81,48.0,0.42,0,1.2,1,0
9456,Kobe Sushi,104,8,10.0,240.99,59.0,0.4,0,13.3,1,0
9457,Kobe Sushi,11,6,13.78,247.48,56.0,0.13,0,2.7,0,1
9458,Nubori Experience,47,9,93.3,2747.62,59.0,0.1,0,5.6,1,0
9459,Noe Sushi Bar,6,6,36.73,540.27,48.0,0.56,0,29.4,0,0
9460,Kobe Sushi,34,5,22.82,330.32,69.0,0.31,0,0.5,1,0
9461,Noe Sushi Bar,65,8,27.27,518.96,46.0,0.24,0,10.1,0,0
9462,Kobe Sushi,99,8,15.67,458.61,40.0,0.27,0,11.3,1,0
9463,Noe Sushi Bar,89,8,49.79,850.47,54.0,0.31,1,19.8,0,1
9464,Noe Sushi Bar,64,8,37.02,782.09,51.0,0.63,0,17.9,0,0
9465,Nubori Experience,93,5,92.49,1573.84,56.0,0.17,0,12.3,0,1
9466,Nubori Experience,87,5,63.38,861.78,38.0,0.17,0,1.1,0,0
9467,Nubori Experience,82,9,75.73,1032.81,28.0,0.26,0,3.6,0,1
9468,Nubori Experience,78,3,60.77,284.98,55.0,0.1,0,2.2,0,0
9469,Noe Sushi Bar,81,12,42.04,1924.15,29.0,0.14,0,10.6,0,1
9470,Kobe Sushi,66,3,11.29,111.32,23.0,0.28,3,1.5,1,0
9471,Noe Sushi Bar,31,5,34.92,511.81,32.0,0.09,0,16.0,1,0
9472,Noe Sushi Bar,83,6,55.96,1126.36,45.0,0.13,0,9.2,1,0
9473,Nubori Experience,96,5,88.98,945.62,20.0,0.51,0,2.1,1,0
9474,Kobe Sushi,62,5,20.01,295.33,31.0,0.28,1,3.4,0,0
9475,Nubori Experience,54,6,61.51,671.65,20.0,0.55,0,0.8,0,0
9476,Nubori Experience,92,6,44.91,960.24,45.0,0.12,0,30.0,1,0
9477,Nubori Experience,105,4,63.45,826.79,31.0,0.38,0,0.9,0,1
9478,Nubori Experience,8,6,63.29,1444.38,60.0,0.18,0,4.6,1,0
9479,Kobe Sushi,42,5,24.2,402.08,50.0,0.46,0,3.6,1,0
9480,Kobe Sushi,41,7,26.54,688.6,53.0,0.36,0,2.6,0,0
9481,Kobe Sushi,59,4,22.98,200.21,33.0,0.2,0,5.8,1,0
9482,Kobe Sushi,40,2,13.44,56.66,49.0,0.14,1,0.7,0,1
9483,Noe Sushi Bar,103,3,34.19,300.48,27.0,0.68,0,17.7,1,0
9484,Nubori Experience,22,8,56.89,1079.4,65.0,0.36,0,1.9,0,1
9485,Nubori Experience,24,8,76.75,1951.08,28.0,0.56,0,8.1,0,1
9486,Noe Sushi Bar,38,4,48.73,767.12,54.0,0.19,0,4.0,0,1
9487,Kobe Sushi,2,5,11.09,97.52,23.0,0.67,1,15.6,0,0
9488,Kobe Sushi,41,7,17.48,437.51,20.0,0.53,0,5.3,0,1
9489,Kobe Sushi,105,5,20.93,247.59,42.0,0.75,2,2.1,0,0
9490,Kobe Sushi,19,8,16.44,382.93,42.0,0.77,0,2.2,0,1
9491,Noe Sushi Bar,105,8,35.91,480.25,24.0,0.52,0,2.2,0,1
9492,Kobe Sushi,2,6,15.1,156.0,20.0,0.06,0,7.7,0,0
9493,Kobe Sushi,92,5,18.47,349.62,25.0,0.51,1,1.1,1,0
9494,Kobe Sushi,96,9,15.5,274.31,20.0,0.09,0,0.5,1,1
9495,Noe Sushi Bar,62,5,36.72,490.36,36.0,0.36,0,11.9,0,1
9496,Noe Sushi Bar,83,8,43.92,1007.63,41.0,0.4,0,1.0,1,0
9497,Noe Sushi Bar,16,6,49.8,781.04,35.0,0.47,0,1.8,1,1
9498,Noe Sushi Bar,94,9,54.5,1455.48,40.0,0.56,0,2.6,1,1
9499,Nubori Experience,22,7,74.9,1772.41,77.0,0.61,0,1.3,0,1
9500,Kobe Sushi,14,5,20.99,276.14,41.0,0.25,3,3.9,0,1
9501,Noe Sushi Bar,116,6,43.07,626.45,43.0,0.6,1,6.2,1,1
9502,Noe Sushi Bar,56,7,68.48,1027.37,44.0,0.65,2,1.6,0,1
9503,Noe Sushi Bar,65,6,22.59,233.91,20.0,0.73,1,6.5,0,1
9504,Nubori Experience,45,9,75.92,1897.33,35.0,0.25,2,0.7,1,0
9505,Kobe Sushi,54,4,10.0,62.67,36.0,0.23,0,5.5,1,0
9506,Noe Sushi Bar,66,9,31.17,1081.88,20.0,0.44,1,11.6,0,0
9507,Kobe Sushi,86,6,17.7,169.31,24.0,0.09,0,2.4,1,0
9508,Noe Sushi Bar,46,9,51.68,1124.49,35.0,0.22,0,2.8,0,1
9509,Kobe Sushi,33,4,22.92,199.05,47.0,0.62,0,5.5,0,0
9510,Kobe Sushi,79,11,24.47,409.25,41.0,0.2,1,3.3,0,1
9511,Noe Sushi Bar,50,8,42.79,1038.3,66.0,0.23,0,5.7,1,0
9512,Noe Sushi Bar,105,5,71.76,666.13,41.0,0.31,0,3.2,0,1
9513,Kobe Sushi,22,4,12.28,173.06,34.0,0.49,0,4.1,0,0
9514,Noe Sushi Bar,40,7,47.4,973.16,51.0,0.7,0,6.7,1,0
9515,Noe Sushi Bar,39,4,50.12,791.72,61.0,0.18,0,2.2,0,0
9516,Kobe Sushi,105,2,16.49,115.78,53.0,0.37,0,7.7,0,0
9517,Noe Sushi Bar,41,6,56.91,883.9,22.0,0.11,0,7.8,0,0
9518,Noe Sushi Bar,75,8,45.53,1381.52,43.0,0.12,0,1.2,1,0
9519,Noe Sushi Bar,68,5,36.6,725.63,53.0,0.65,0,8.2,0,1
9520,Kobe Sushi,7,8,13.01,308.36,62.0,0.32,1,9.8,0,0
9521,Kobe Sushi,85,5,10.0,147.28,35.0,0.79,0,2.1,0,0
9522,Noe Sushi Bar,71,7,39.07,549.44,38.0,0.04,0,30.0,0,0
9523,Nubori Experience,4,6,66.79,1408.76,62.0,0.61,0,1.2,0,1
9524,Noe Sushi Bar,76,6,60.46,1384.41,46.0,0.05,0,6.0,1,0
9525,Kobe Sushi,91,5,19.89,236.3,47.0,0.15,0,8.2,0,1
9526,Noe Sushi Bar,59,9,50.25,996.18,37.0,0.1,0,2.4,0,0
9527,Nubori Experience,81,4,56.12,840.55,54.0,0.14,3,1.5,0,1
9528,Kobe Sushi,84,5,16.55,141.2,22.0,0.86,0,4.8,0,1
9529,Nubori Experience,95,3,77.13,401.63,45.0,0.26,0,5.7,1,0
9530,Nubori Experience,26,4,97.98,1510.75,49.0,0.29,0,4.5,0,0
9531,Kobe Sushi,31,13,16.35,676.6,39.0,0.46,0,0.5,1,0
9532,Nubori Experience,99,3,82.35,705.99,31.0,0.13,0,2.5,0,0
9533,Kobe Sushi,73,5,19.75,388.74,43.0,0.29,0,1.5,0,0
9534,Nubori Experience,69,11,45.81,867.13,60.0,0.27,0,12.7,0,1
9535,Noe Sushi Bar,52,7,57.06,1305.74,28.0,0.1,0,5.5,0,0
9536,Noe Sushi Bar,112,6,53.83,852.53,46.0,0.29,1,1.3,1,0
9537,Noe Sushi Bar,72,7,20.57,454.17,48.0,0.62,0,2.3,0,1
9538,Chef Choy,21,7,26.95,365.14,52.0,0.22,0,5.6,0,0
9539,Kobe Sushi,16,5,11.63,170.78,29.0,0.27,3,7.0,0,0
9540,Noe Sushi Bar,51,7,14.69,369.03,63.0,0.29,0,9.2,1,0
9541,Kobe Sushi,16,6,21.91,512.53,74.0,0.02,0,16.1,0,0
9542,Kobe Sushi,18,8,25.72,416.07,38.0,0.62,1,1.5,0,1
9543,Kobe Sushi,47,7,14.82,411.7,44.0,0.31,0,0.6,1,0
9544,Noe Sushi Bar,56,7,52.09,890.76,40.0,0.41,2,3.8,1,0
9545,Kobe Sushi,28,7,14.51,341.82,51.0,0.44,0,3.1,1,0
9546,Kobe Sushi,82,9,13.9,376.1,38.0,0.06,0,0.6,0,0
9547,Kobe Sushi,78,4,24.13,192.36,40.0,0.9,1,4.2,0,1
9548,Kobe Sushi,56,8,15.82,354.48,25.0,0.5,1,4.6,1,0
9549,Noe Sushi Bar,112,8,42.16,962.63,38.0,0.76,0,0.5,1,0
9550,Nubori Experience,37,5,70.51,1026.97,61.0,0.24,0,2.5,0,1
9551,Kobe Sushi,104,11,18.52,416.23,41.0,0.25,0,3.7,0,1
9552,Nubori Experience,16,5,65.57,1224.35,26.0,0.27,0,17.3,0,0
9553,Noe Sushi Bar,85,9,37.82,626.15,20.0,0.01,0,5.4,0,0
9554,Noe Sushi Bar,65,5,43.93,745.94,53.0,0.66,0,2.2,0,0
9555,Noe Sushi Bar,60,3,47.57,318.57,23.0,0.35,0,1.4,0,1
9556,Nubori Experience,61,7,78.11,894.29,54.0,0.36,1,0.5,0,0
9557,Kobe Sushi,11,8,18.89,536.67,50.0,0.51,0,1.5,1,0
9558,Noe Sushi Bar,75,3,53.78,617.52,43.0,0.35,0,6.9,0,1
9559,Noe Sushi Bar,66,2,65.92,379.81,61.0,0.49,0,11.8,0,0
9560,Noe Sushi Bar,32,7,67.52,1660.25,31.0,0.54,0,2.1,0,1
9561,Nubori Experience,118,7,60.46,1530.27,68.0,0.5,0,3.3,0,1
9562,Kobe Sushi,19,7,34.47,769.48,63.0,0.09,0,8.4,1,0
9563,Noe Sushi Bar,56,6,55.58,786.81,20.0,0.47,0,6.6,0,1
9564,Noe Sushi Bar,5,10,35.75,1191.13,27.0,0.24,1,1.9,0,1
9565,Kobe Sushi,3,9,16.61,588.68,47.0,0.62,0,3.3,1,0
9566,Kobe Sushi,28,5,19.48,172.62,20.0,0.17,0,2.9,0,0
9567,Noe Sushi Bar,90,9,35.09,818.97,36.0,0.18,1,3.9,0,1
9568,Nubori Experience,87,4,61.58,808.72,20.0,0.26,0,21.3,1,0
9569,Noe Sushi Bar,94,5,40.04,356.48,54.0,0.57,0,18.5,0,0
9570,Nubori Experience,72,11,49.37,1293.46,33.0,0.28,0,4.1,1,0
9571,Noe Sushi Bar,100,5,53.2,750.83,34.0,0.29,0,6.3,0,1
9572,Kobe Sushi,29,3,10.0,78.05,33.0,0.08,0,2.4,0,1
9573,Kobe Sushi,77,5,23.16,409.55,42.0,0.51,0,22.4,1,0
9574,Kobe Sushi,59,3,16.93,130.2,48.0,0.5,0,3.4,0,1
9575,Kobe Sushi,25,6,14.87,191.6,56.0,0.3,0,1.2,0,0
9576,Kobe Sushi,22,9,17.85,627.43,51.0,0.22,0,0.5,0,1
9577,Noe Sushi Bar,110,4,49.28,672.17,27.0,0.23,0,5.9,0,1
9578,Noe Sushi Bar,97,5,49.26,840.51,37.0,0.18,0,2.2,1,1
9579,Kobe Sushi,101,9,20.6,299.24,72.0,0.03,0,0.5,1,0
9580,Kobe Sushi,117,9,15.66,376.87,55.0,0.35,0,0.5,0,1
9581,Kobe Sushi,71,6,16.11,264.35,62.0,0.17,1,8.1,0,1
9582,Noe Sushi Bar,23,4,45.07,677.34,39.0,0.22,0,12.1,1,0
9583,Kobe Sushi,70,4,14.25,105.35,42.0,0.32,1,5.9,1,0
9584,Kobe Sushi,79,6,16.15,259.55,50.0,0.53,0,4.0,0,0
9585,Nubori Experience,79,8,57.08,1591.67,26.0,0.28,1,6.3,1,0
9586,Nubori Experience,40,9,66.74,1891.51,30.0,0.48,0,2.3,0,0
9587,Kobe Sushi,98,4,16.22,176.49,37.0,0.13,0,7.0,0,0
9588,Noe Sushi Bar,14,3,45.22,364.58,44.0,0.27,0,2.0,1,0
9589,Kobe Sushi,29,5,19.53,185.94,42.0,0.41,2,15.2,1,0
9590,Chef Choy,16,7,10.7,204.25,58.0,0.38,2,0.5,0,1
9591,Noe Sushi Bar,93,9,46.32,1396.28,50.0,0.27,0,2.6,0,1
9592,Kobe Sushi,87,4,13.48,209.03,41.0,0.18,0,2.5,0,0
9593,Noe Sushi Bar,10,5,27.66,501.69,46.0,0.3,1,9.3,1,0
9594,Kobe Sushi,47,5,10.0,145.81,36.0,0.37,0,1.8,0,0
9595,Kobe Sushi,119,2,12.57,62.34,43.0,0.33,0,6.9,0,1
9596,Kobe Sushi,4,4,18.75,146.78,36.0,0.41,0,6.3,0,1
9597,Noe Sushi Bar,12,6,40.11,850.63,48.0,0.37,0,4.6,0,1
9598,Kobe Sushi,42,7,15.98,400.8,24.0,0.23,0,1.7,0,1
9599,Kobe Sushi,98,5,21.59,314.28,39.0,0.27,0,7.8,0,0
9600,Kobe Sushi,4,6,15.11,314.56,30.0,0.24,0,4.2,0,1
9601,Kobe Sushi,84,4,22.88,339.31,50.0,0.49,0,4.8,1,0
9602,Chef Choy,92,2,28.52,176.91,55.0,0.55,0,2.6,0,1
9603,Kobe Sushi,92,7,19.2,383.26,41.0,0.45,0,13.9,1,0
9604,Kobe Sushi,6,8,14.05,233.51,57.0,0.2,0,2.3,0,1
9605,Noe Sushi Bar,14,7,37.28,792.09,55.0,0.29,0,4.6,1,0
9606,Chef Choy,119,8,23.22,373.6,43.0,0.32,0,1.3,0,1
9607,Nubori Experience,35,7,45.67,657.77,21.0,0.39,0,1.3,0,1
9608,Noe Sushi Bar,47,5,60.86,520.28,57.0,0.29,0,0.6,0,1
9609,Kobe Sushi,58,8,25.15,562.61,45.0,0.26,0,9.3,0,1
9610,Noe Sushi Bar,65,6,64.55,620.28,48.0,0.33,1,5.6,1,0
9611,Noe Sushi Bar,19,8,51.55,934.41,68.0,0.2,0,2.8,0,0
9612,Kobe Sushi,57,9,20.95,284.72,52.0,0.45,0,6.1,0,0
9613,Nubori Experience,65,6,73.98,1461.72,53.0,0.2,0,0.5,1,0
9614,Kobe Sushi,13,8,17.45,267.67,20.0,0.36,0,0.6,0,1
9615,Nubori Experience,8,6,86.42,1725.09,49.0,0.18,0,2.1,0,1
9616,Nubori Experience,18,4,52.86,599.43,34.0,0.19,0,0.5,0,1
9617,Noe Sushi Bar,118,9,46.31,1650.67,62.0,0.35,0,15.0,0,1
9618,Nubori Experience,35,3,43.19,510.52,23.0,0.64,0,11.7,1,0
9619,Noe Sushi Bar,87,5,50.8,558.58,62.0,0.43,0,4.0,0,0
9620,Kobe Sushi,114,3,16.38,192.19,58.0,0.41,0,23.5,1,0
9621,Noe Sushi Bar,116,3,39.35,392.34,40.0,0.33,0,2.4,0,1
9622,Kobe Sushi,26,5,22.47,307.67,53.0,0.21,0,1.0,0,0
9623,Kobe Sushi,105,8,11.6,184.29,47.0,0.37,0,14.1,1,0
9624,Noe Sushi Bar,38,4,50.56,789.04,57.0,0.58,3,1.7,0,1
9625,Kobe Sushi,84,8,11.35,219.73,44.0,0.66,0,0.6,1,0
9626,Kobe Sushi,66,8,22.9,382.64,58.0,0.12,1,3.1,1,1
9627,Noe Sushi Bar,26,6,41.03,578.79,57.0,0.09,0,3.1,0,0
9628,Nubori Experience,57,6,79.5,1009.65,53.0,0.48,3,20.0,1,0
9629,Kobe Sushi,100,6,17.06,369.66,67.0,0.18,0,1.5,1,0
9630,Kobe Sushi,25,9,20.43,696.22,43.0,0.09,0,1.9,0,0
9631,Kobe Sushi,30,7,26.52,632.71,37.0,0.59,0,7.3,0,0
9632,Noe Sushi Bar,82,9,43.31,1137.64,56.0,0.81,0,1.2,1,0
9633,Kobe Sushi,7,9,13.96,207.59,20.0,0.21,0,2.5,0,1
9634,Noe Sushi Bar,27,7,31.71,671.69,28.0,0.48,0,10.3,0,0
9635,Kobe Sushi,11,7,10.35,194.61,41.0,0.41,0,2.5,0,0
9636,Kobe Sushi,101,4,17.77,246.77,61.0,0.12,0,1.9,0,1
9637,Nubori Experience,8,6,54.01,759.25,58.0,0.6,0,6.4,1,0
9638,Kobe Sushi,11,9,15.04,422.26,57.0,0.11,0,8.2,0,0
9639,Noe Sushi Bar,88,7,49.18,954.99,70.0,0.34,0,4.3,0,1
9640,Kobe Sushi,30,8,15.0,262.48,24.0,0.73,0,16.0,0,0
9641,Noe Sushi Bar,94,6,51.19,538.59,38.0,0.46,1,5.8,0,0
9642,Noe Sushi Bar,116,6,51.27,979.32,31.0,0.32,0,6.9,0,0
9643,Kobe Sushi,116,4,19.97,204.16,26.0,0.26,0,9.6,1,0
9644,Kobe Sushi,15,8,16.58,278.84,59.0,0.3,0,8.2,0,0
9645,Kobe Sushi,56,4,20.81,317.28,20.0,0.57,0,1.5,0,1
9646,Noe Sushi Bar,35,9,34.38,847.69,38.0,0.41,2,1.8,1,0
9647,Chef Choy,39,7,32.41,664.88,56.0,0.28,0,9.7,0,1
9648,Noe Sushi Bar,24,4,24.71,279.63,29.0,0.75,2,2.6,1,0
9649,Noe Sushi Bar,8,4,47.4,320.03,46.0,0.29,0,1.3,0,1
9650,Kobe Sushi,43,7,12.84,235.29,23.0,0.11,0,0.6,0,1
9651,Kobe Sushi,42,6,10.0,178.38,70.0,0.23,0,10.5,1,0
9652,Kobe Sushi,84,7,21.05,400.47,30.0,0.25,3,1.7,0,1
9653,Kobe Sushi,41,7,23.75,472.37,41.0,0.27,0,25.1,0,1
9654,Kobe Sushi,47,6,20.42,283.36,44.0,0.44,0,1.5,0,0
9655,Noe Sushi Bar,26,4,59.73,883.73,53.0,0.22,1,13.2,0,1
9656,Noe Sushi Bar,52,5,38.62,498.71,31.0,0.23,0,3.6,0,1
9657,Nubori Experience,88,6,51.11,636.03,43.0,0.38,1,2.2,1,0
9658,Kobe Sushi,22,7,14.76,343.36,46.0,0.51,0,2.1,1,0
9659,Noe Sushi Bar,5,7,43.42,633.93,40.0,0.39,0,30.0,0,0
9660,Nubori Experience,15,8,64.62,2002.52,31.0,0.66,0,4.1,1,0
9661,Noe Sushi Bar,36,10,45.36,798.02,55.0,0.45,0,9.2,1,0
9662,Kobe Sushi,101,2,19.73,101.29,41.0,0.28,0,3.6,0,0
9663,Kobe Sushi,63,9,18.71,621.58,58.0,0.23,0,1.2,0,0
9664,Kobe Sushi,93,6,22.74,523.66,50.0,0.16,0,2.6,0,0
9665,Kobe Sushi,79,5,28.78,426.95,52.0,0.32,0,3.3,1,0
9666,Noe Sushi Bar,91,7,37.69,840.44,50.0,0.29,1,5.7,1,0
9667,Kobe Sushi,49,10,18.06,286.4,58.0,0.22,0,6.7,0,0
9668,Kobe Sushi,55,6,19.54,304.27,37.0,0.56,0,2.9,0,1
9669,Noe Sushi Bar,72,9,39.12,980.91,41.0,0.26,0,14.7,0,0
9670,Chef Choy,60,7,38.67,743.57,48.0,0.17,0,9.1,1,0
9671,Noe Sushi Bar,57,3,32.5,316.95,54.0,0.14,0,6.8,0,0
9672,Noe Sushi Bar,29,6,41.57,621.16,24.0,0.26,0,13.4,0,0
9673,Kobe Sushi,19,7,14.24,322.45,46.0,0.36,0,0.5,0,0
9674,Kobe Sushi,95,2,14.34,80.39,27.0,0.38,0,8.8,0,1
9675,Kobe Sushi,73,7,16.18,197.19,35.0,0.53,0,0.7,0,0
9676,Noe Sushi Bar,10,6,63.49,873.18,48.0,0.45,0,3.3,0,1
9677,Nubori Experience,101,5,64.88,892.22,49.0,0.56,0,25.1,0,0
9678,Kobe Sushi,10,7,20.02,365.05,34.0,0.43,0,5.0,0,1
9679,Noe Sushi Bar,118,7,45.25,1001.82,50.0,0.83,0,2.1,1,0
9680,Kobe Sushi,97,5,10.19,138.39,58.0,0.18,0,0.9,1,0
9681,Noe Sushi Bar,89,6,37.55,560.25,54.0,0.5,0,0.5,1,0
9682,Kobe Sushi,57,5,12.34,130.05,20.0,0.17,0,3.2,0,1
9683,Kobe Sushi,54,4,14.86,112.33,40.0,0.6,0,0.8,0,1
9684,Nubori Experience,56,8,48.74,673.05,52.0,0.2,0,1.2,0,1
9685,Noe Sushi Bar,68,2,41.57,317.95,20.0,0.22,3,2.3,1,1
9686,Noe Sushi Bar,117,5,54.4,1029.72,42.0,0.06,0,2.8,1,0
9687,Kobe Sushi,69,7,19.75,369.72,27.0,0.4,0,8.9,1,0
9688,Kobe Sushi,87,3,13.53,76.31,74.0,0.4,1,1.6,0,1
9689,Kobe Sushi,103,3,20.19,217.24,65.0,0.69,0,1.9,1,0
9690,Nubori Experience,55,4,63.06,671.87,32.0,0.19,0,23.1,0,1
9691,Nubori Experience,69,2,54.79,285.94,62.0,0.17,0,1.7,0,0
9692,Noe Sushi Bar,116,4,48.25,332.18,40.0,0.49,0,0.5,1,0
9693,Kobe Sushi,72,7,10.0,189.67,34.0,0.23,0,6.2,0,0
9694,Nubori Experience,81,3,59.5,289.28,55.0,0.14,0,1.6,0,0
9695,Noe Sushi Bar,1,7,47.78,798.65,48.0,0.47,0,0.5,0,1
9696,Noe Sushi Bar,118,7,50.29,805.35,23.0,0.39,0,17.3,1,0
9697,Kobe Sushi,114,4,20.35,203.15,24.0,0.37,0,8.1,1,0
9698,Noe Sushi Bar,12,6,41.45,549.54,76.0,0.55,1,2.2,0,0
9699,Noe Sushi Bar,35,3,39.46,388.63,20.0,0.23,0,13.4,1,0
9700,Nubori Experience,116,7,73.53,1893.26,31.0,0.79,0,0.5,1,0
9701,Chef Choy,78,5,25.95,314.76,20.0,0.26,0,4.9,0,0
9702,Kobe Sushi,112,5,23.17,177.54,63.0,0.67,0,1.0,1,0
9703,Noe Sushi Bar,82,10,35.52,1364.38,49.0,0.52,3,7.3,0,0
9704,Nubori Experience,74,5,52.89,720.77,41.0,0.53,0,10.1,1,0
9705,Kobe Sushi,119,3,21.39,198.43,37.0,0.15,0,5.3,1,0
9706,Kobe Sushi,79,2,18.2,75.56,65.0,0.2,0,12.3,0,0
9707,Kobe Sushi,106,7,22.28,542.52,39.0,0.35,0,6.5,0,1
9708,Noe Sushi Bar,33,3,62.4,311.56,79.0,0.2,3,3.4,0,0
9709,Kobe Sushi,83,8,15.26,381.16,47.0,0.14,0,4.9,0,1
9710,Noe Sushi Bar,98,7,49.22,651.62,22.0,0.2,0,0.5,1,0
9711,Kobe Sushi,109,4,18.9,144.0,51.0,0.19,0,0.5,0,1
9712,Nubori Experience,25,6,59.65,1382.39,46.0,0.38,0,6.7,1,0
9713,Kobe Sushi,16,7,25.85,280.59,52.0,0.16,0,6.5,1,0
9714,Kobe Sushi,8,6,13.31,284.4,25.0,0.18,0,0.5,0,1
9715,Noe Sushi Bar,35,4,49.33,425.14,32.0,0.37,0,4.1,1,0
9716,Noe Sushi Bar,85,6,61.71,1302.34,53.0,0.61,1,8.3,0,0
9717,Kobe Sushi,83,7,20.79,239.88,35.0,0.12,0,3.7,0,0
9718,Kobe Sushi,46,8,21.09,443.28,42.0,0.68,0,3.9,0,0
9719,Kobe Sushi,11,7,15.36,368.38,34.0,0.84,0,0.5,0,0
9720,Noe Sushi Bar,61,5,37.03,448.82,37.0,0.2,0,9.0,0,1
9721,Chef Choy,44,8,24.86,537.13,43.0,0.44,0,3.6,0,1
9722,Noe Sushi Bar,11,5,53.88,993.74,52.0,0.41,1,1.5,0,0
9723,Noe Sushi Bar,11,4,26.65,297.09,70.0,0.53,0,6.6,0,0
9724,Noe Sushi Bar,22,6,30.43,289.28,55.0,0.22,0,0.5,0,1
9725,Kobe Sushi,85,5,15.69,213.69,46.0,0.73,0,6.0,0,0
9726,Nubori Experience,91,7,93.54,1393.54,72.0,0.09,0,5.7,0,0
9727,Nubori Experience,82,10,69.6,1364.53,34.0,0.51,1,7.5,1,0
9728,Kobe Sushi,62,9,16.2,262.03,20.0,0.29,0,1.2,0,0
9729,Kobe Sushi,106,6,20.03,200.44,60.0,0.32,2,6.2,1,0
9730,Kobe Sushi,48,6,13.59,291.64,49.0,0.31,0,4.5,0,1
9731,Kobe Sushi,104,4,10.0,123.86,56.0,0.51,0,3.9,0,1
9732,Noe Sushi Bar,102,9,68.27,2069.57,20.0,0.48,0,0.5,1,0
9733,Noe Sushi Bar,94,4,43.36,657.29,40.0,0.52,0,3.1,0,0
9734,Chef Choy,63,4,13.39,85.01,48.0,0.26,1,3.1,0,1
9735,Noe Sushi Bar,51,7,46.9,1098.81,40.0,0.39,0,0.7,0,1
9736,Noe Sushi Bar,45,8,49.99,1569.74,20.0,0.35,1,1.1,1,0
9737,Noe Sushi Bar,111,7,39.62,761.48,44.0,0.2,0,1.6,0,0
9738,Kobe Sushi,109,6,15.71,329.06,28.0,0.13,0,2.4,0,1
9739,Kobe Sushi,33,7,29.94,614.43,50.0,0.4,0,1.3,0,1
9740,Noe Sushi Bar,85,2,55.81,349.67,59.0,0.77,0,12.1,1,0
9741,Kobe Sushi,60,7,24.57,422.66,20.0,0.6,0,1.4,0,0
9742,Kobe Sushi,2,6,17.92,199.73,47.0,0.05,1,2.1,0,0
9743,Nubori Experience,13,1,75.61,142.95,40.0,0.34,0,2.2,0,0
9744,Noe Sushi Bar,66,5,53.77,1041.94,45.0,0.13,0,3.1,0,1
9745,Kobe Sushi,57,5,24.62,322.43,34.0,0.29,0,0.5,0,1
9746,Noe Sushi Bar,43,7,62.49,1195.97,25.0,0.17,0,11.9,0,0
9747,Chef Choy,45,8,39.55,1026.19,34.0,0.5,0,0.5,0,1
9748,Kobe Sushi,31,10,14.89,589.69,51.0,0.73,0,6.9,1,0
9749,Kobe Sushi,10,6,19.24,174.57,30.0,0.25,3,4.9,1,0
9750,Nubori Experience,23,9,48.89,1707.69,29.0,0.41,0,3.5,0,1
9751,Kobe Sushi,86,3,13.35,65.73,35.0,0.66,0,8.6,0,0
9752,Kobe Sushi,111,7,21.31,352.9,46.0,0.06,0,20.4,0,0
9753,Noe Sushi Bar,29,7,49.35,794.37,74.0,0.61,0,10.1,1,0
9754,Chef Choy,97,5,32.0,293.33,53.0,0.41,1,24.9,0,1
9755,Kobe Sushi,31,4,30.14,217.48,49.0,0.41,0,4.7,0,1
9756,Kobe Sushi,78,3,23.63,147.89,46.0,0.28,0,1.7,0,0
9757,Kobe Sushi,74,4,15.44,134.46,45.0,0.17,0,2.3,0,1
9758,Nubori Experience,18,5,82.41,1633.82,42.0,0.34,1,3.9,0,1
9759,Kobe Sushi,11,7,16.31,220.36,20.0,0.27,0,3.2,0,0
9760,Noe Sushi Bar,103,6,56.73,1186.4,55.0,0.08,1,5.5,1,0
9761,Nubori Experience,47,6,61.26,967.94,35.0,0.64,0,9.2,1,0
9762,Kobe Sushi,3,6,17.18,217.22,55.0,0.35,0,1.4,0,1
9763,Nubori Experience,2,3,87.54,1003.26,45.0,0.3,0,2.4,0,0
9764,Nubori Experience,54,10,56.96,1552.11,36.0,0.33,0,0.5,0,1
9765,Nubori Experience,72,3,80.96,931.32,67.0,0.09,0,1.3,1,0
9766,Kobe Sushi,31,4,19.78,297.49,57.0,0.48,0,6.0,1,0
9767,Noe Sushi Bar,8,10,62.6,1926.48,52.0,0.22,0,16.9,0,0
9768,Chef Choy,43,9,13.63,463.41,55.0,0.39,0,0.5,0,1
9769,Nubori Experience,48,3,42.43,339.4,47.0,0.33,1,7.6,1,0
9770,Kobe Sushi,2,9,21.23,467.46,28.0,0.14,0,13.4,0,0
9771,Chef Choy,22,2,29.42,100.35,54.0,0.54,0,8.2,0,0
9772,Kobe Sushi,5,8,16.09,395.75,23.0,0.1,0,4.5,0,1
9773,Kobe Sushi,7,7,17.22,196.97,62.0,0.49,1,8.5,0,0
9774,Noe Sushi Bar,20,5,27.07,203.26,41.0,0.25,0,9.4,0,0
9775,Chef Choy,92,4,36.93,434.84,58.0,0.5,0,1.2,0,1
9776,Noe Sushi Bar,77,8,71.08,1077.06,32.0,0.37,0,1.5,1,0
9777,Noe Sushi Bar,2,10,40.07,1121.86,57.0,0.24,0,14.4,0,1
9778,Nubori Experience,32,6,46.85,928.87,54.0,0.14,0,7.0,0,0
9779,Kobe Sushi,90,5,21.06,292.63,54.0,0.49,0,3.3,0,1
9780,Noe Sushi Bar,3,6,36.11,697.49,43.0,0.27,0,24.0,0,0
9781,Kobe Sushi,41,4,17.28,133.2,33.0,0.17,0,3.2,1,1
9782,Kobe Sushi,42,4,27.81,283.06,49.0,0.07,0,4.6,1,0
9783,Noe Sushi Bar,120,5,55.24,416.64,57.0,0.51,0,2.9,1,0
9784,Nubori Experience,77,8,57.12,716.0,68.0,0.25,0,2.1,0,1
9785,Noe Sushi Bar,85,11,58.09,1763.39,52.0,0.7,0,4.7,0,0
9786,Chef Choy,45,6,30.33,422.39,68.0,0.59,0,2.3,1,0
9787,Kobe Sushi,101,6,23.46,259.76,42.0,0.33,0,1.9,1,0
9788,Kobe Sushi,87,8,26.12,693.92,20.0,0.04,0,0.6,1,0
9789,Noe Sushi Bar,71,6,47.93,971.16,41.0,0.48,0,3.7,1,0
9790,Kobe Sushi,17,8,15.81,194.86,37.0,0.23,0,6.6,0,1
9791,Kobe Sushi,92,2,16.18,123.92,86.0,0.19,0,0.5,1,0
9792,Noe Sushi Bar,47,11,62.4,1894.86,58.0,0.44,0,1.5,0,0
9793,Kobe Sushi,94,5,23.84,244.01,41.0,0.18,0,8.1,1,0
9794,Kobe Sushi,69,9,15.45,400.36,38.0,0.28,0,0.5,0,0
9795,Noe Sushi Bar,24,8,33.26,1047.44,37.0,0.27,0,3.7,0,1
9796,Noe Sushi Bar,71,4,69.4,754.23,42.0,0.2,0,7.0,0,0
9797,Nubori Experience,34,7,57.78,1036.17,43.0,0.11,0,27.0,0,0
9798,Noe Sushi Bar,120,8,53.07,936.14,36.0,0.14,2,3.9,0,1
9799,Noe Sushi Bar,50,4,37.12,476.24,57.0,0.34,0,1.2,0,1
9800,Nubori Experience,42,4,72.55,595.89,67.0,0.28,0,2.7,0,1
9801,Chef Choy,33,7,19.46,268.96,29.0,0.61,0,11.6,1,0
9802,Kobe Sushi,27,6,16.71,393.2,53.0,0.19,0,19.9,0,1
9803,Kobe Sushi,78,7,10.98,263.09,57.0,0.69,0,1.0,0,1
9804,Noe Sushi Bar,59,8,61.68,1262.84,42.0,0.35,0,10.9,0,0
9805,Noe Sushi Bar,19,4,11.51,96.86,41.0,0.36,0,3.4,1,0
9806,Chef Choy,112,9,21.73,343.3,40.0,0.68,0,16.0,1,0
9807,Noe Sushi Bar,115,5,55.51,642.7,37.0,0.38,1,14.0,0,1
9808,Noe Sushi Bar,102,4,57.62,708.71,28.0,0.64,0,2.6,0,1
9809,Nubori Experience,76,5,83.82,1066.73,35.0,0.49,0,13.9,0,1
9810,Noe Sushi Bar,3,11,35.38,926.25,45.0,0.53,0,24.2,0,0
9811,Kobe Sushi,71,4,15.41,191.1,46.0,0.18,0,6.2,1,0
9812,Nubori Experience,120,5,73.04,1262.06,39.0,0.22,0,2.8,1,0
9813,Kobe Sushi,99,3,13.62,90.99,98.0,0.07,0,1.1,1,0
9814,Chef Choy,25,8,33.16,860.64,46.0,0.37,0,7.9,0,0
9815,Nubori Experience,113,11,55.05,2353.54,44.0,0.36,1,4.0,0,1
9816,Noe Sushi Bar,15,9,46.3,1436.38,42.0,0.47,0,11.4,0,1
9817,Noe Sushi Bar,83,8,57.95,1539.15,33.0,0.58,1,1.3,1,0
9818,Noe Sushi Bar,60,4,30.18,240.15,58.0,0.19,0,1.8,0,1
9819,Kobe Sushi,83,13,21.12,899.48,27.0,0.15,0,4.3,0,0
9820,Kobe Sushi,23,5,12.65,150.37,36.0,0.4,0,1.4,0,0
9821,Noe Sushi Bar,11,6,47.9,769.94,34.0,0.24,0,3.7,0,1
9822,Chef Choy,59,8,37.17,1098.99,50.0,0.18,2,2.3,0,1
9823,Noe Sushi Bar,85,6,46.2,548.2,55.0,0.47,0,3.8,0,0
9824,Kobe Sushi,116,2,14.62,48.46,49.0,0.62,0,3.5,0,1
9825,Noe Sushi Bar,34,5,48.44,952.61,20.0,0.59,1,1.6,1,0
9826,Chef Choy,103,3,22.5,188.12,62.0,0.36,0,8.3,1,0
9827,Noe Sushi Bar,115,11,49.84,884.8,41.0,0.36,1,0.5,1,0
9828,Noe Sushi Bar,7,1,18.63,48.98,43.0,0.36,0,10.3,0,1
9829,Chef Choy,106,5,24.17,259.42,40.0,0.32,0,8.1,0,0
9830,Noe Sushi Bar,44,3,51.84,235.74,46.0,0.2,0,5.7,0,0
9831,Noe Sushi Bar,119,9,23.85,639.78,37.0,0.44,0,6.9,0,0
9832,Nubori Experience,91,7,17.25,397.91,30.0,0.56,1,13.2,1,0
9833,Kobe Sushi,64,5,14.95,218.54,67.0,0.29,0,3.1,1,0
9834,Nubori Experience,114,7,94.65,1133.39,35.0,0.15,0,0.9,0,0
9835,Kobe Sushi,23,6,15.75,161.34,43.0,0.35,0,0.7,0,1
9836,Kobe Sushi,102,3,13.56,155.58,20.0,0.39,0,1.0,1,0
9837,Nubori Experience,58,11,84.09,2969.44,43.0,0.07,0,0.5,0,1
9838,Kobe Sushi,20,8,28.47,835.36,42.0,0.22,0,1.0,1,0
9839,Noe Sushi Bar,27,8,15.52,250.15,43.0,0.06,0,17.3,0,0
9840,Nubori Experience,117,5,69.96,812.57,26.0,0.44,0,4.3,1,0
9841,Nubori Experience,60,9,28.46,468.14,20.0,0.44,0,6.0,0,1
9842,Nubori Experience,8,7,79.35,1123.49,36.0,0.41,0,7.3,0,1
9843,Kobe Sushi,101,9,22.35,739.08,53.0,0.03,1,5.9,0,0
9844,Noe Sushi Bar,67,5,50.34,969.6,58.0,0.49,0,5.2,0,1
9845,Kobe Sushi,2,5,18.49,231.05,31.0,0.2,0,0.6,0,0
9846,Noe Sushi Bar,22,4,61.33,858.47,49.0,0.26,0,1.1,0,1
9847,Nubori Experience,70,5,84.0,1281.45,44.0,0.13,0,10.7,0,1
9848,Kobe Sushi,103,6,17.69,251.08,36.0,0.52,0,4.4,0,0
9849,Noe Sushi Bar,104,3,46.26,501.34,27.0,0.56,0,6.8,0,0
9850,Noe Sushi Bar,36,3,35.36,269.44,62.0,0.52,0,5.3,0,0
9851,Noe Sushi Bar,108,7,29.03,463.18,32.0,0.21,0,3.9,0,0
9852,Nubori Experience,24,7,55.55,1209.65,68.0,0.2,1,4.3,0,1
9853,Kobe Sushi,12,8,12.94,251.09,49.0,0.26,0,8.5,0,0
9854,Noe Sushi Bar,81,10,46.04,887.25,57.0,0.23,0,1.2,1,1
9855,Nubori Experience,22,4,68.76,854.09,58.0,0.44,1,3.7,0,0
9856,Noe Sushi Bar,118,5,38.44,382.07,27.0,0.12,0,6.4,1,0
9857,Kobe Sushi,83,5,11.36,94.38,56.0,0.57,0,0.5,0,1
9858,Noe Sushi Bar,73,6,31.88,440.27,75.0,0.25,0,1.2,0,0
9859,Kobe Sushi,76,5,10.0,120.82,20.0,0.46,0,8.9,0,1
9860,Kobe Sushi,96,8,23.61,559.18,75.0,0.29,1,15.0,0,1
9861,Nubori Experience,117,4,70.92,1017.87,56.0,0.43,0,6.4,0,0
9862,Noe Sushi Bar,95,5,50.81,802.41,62.0,0.25,0,0.5,1,0
9863,Nubori Experience,81,7,41.82,900.63,41.0,0.34,0,6.9,0,0
9864,Nubori Experience,23,6,47.09,1038.96,39.0,0.37,0,8.2,0,0
9865,Noe Sushi Bar,74,5,38.92,408.91,62.0,0.56,0,4.5,0,0
9866,Kobe Sushi,63,4,26.62,336.25,37.0,0.46,2,0.5,1,0
9867,Noe Sushi Bar,30,7,56.57,1096.44,50.0,0.49,1,1.8,0,1
9868,Kobe Sushi,19,4,12.1,157.88,78.0,0.3,0,0.7,1,0
9869,Nubori Experience,26,4,48.05,684.74,59.0,0.14,0,11.0,0,1
9870,Kobe Sushi,90,11,12.12,439.71,52.0,0.03,0,6.3,0,1
9871,Kobe Sushi,11,8,18.03,358.85,39.0,0.26,0,0.5,0,1
9872,Noe Sushi Bar,20,5,37.96,394.4,23.0,0.36,0,2.8,0,1
9873,Kobe Sushi,118,11,21.38,826.55,35.0,0.23,0,9.1,0,0
9874,Kobe Sushi,56,7,12.32,316.66,46.0,0.04,0,6.0,0,1
9875,Noe Sushi Bar,45,6,53.71,1020.18,62.0,0.36,0,5.1,0,0
9876,Kobe Sushi,68,6,35.64,589.03,20.0,0.48,1,7.9,0,0
9877,Kobe Sushi,47,5,16.33,163.5,42.0,0.4,0,2.7,0,1
9878,Kobe Sushi,76,5,24.7,246.57,38.0,0.39,2,0.7,0,0
9879,Noe Sushi Bar,89,4,54.13,819.76,76.0,0.18,0,5.5,0,0
9880,Noe Sushi Bar,120,5,45.93,419.33,25.0,0.33,1,0.5,0,0
9881,Noe Sushi Bar,58,6,28.63,306.3,45.0,0.12,0,12.7,0,1
9882,Noe Sushi Bar,10,6,65.27,871.06,20.0,0.2,0,2.7,0,1
9883,Kobe Sushi,22,9,17.66,631.68,22.0,0.11,0,19.7,1,0
9884,Nubori Experience,71,7,56.47,1057.32,54.0,0.07,0,1.1,0,1
9885,Kobe Sushi,24,10,24.07,733.03,40.0,0.49,0,3.9,0,0
9886,Noe Sushi Bar,66,9,58.85,971.12,20.0,0.2,0,8.8,1,0
9887,Nubori Experience,96,7,34.33,589.31,54.0,0.32,0,11.3,1,0
9888,Nubori Experience,85,9,69.45,1450.31,23.0,0.34,0,5.2,0,1
9889,Kobe Sushi,61,5,16.18,284.75,67.0,0.57,1,10.0,1,0
9890,Kobe Sushi,7,7,14.69,181.29,55.0,0.41,0,1.3,0,1
9891,Noe Sushi Bar,72,4,36.14,228.75,35.0,0.63,0,8.2,0,1
9892,Kobe Sushi,117,5,14.21,282.66,56.0,0.27,0,0.5,0,1
9893,Nubori Experience,115,11,104.82,3208.93,44.0,0.33,0,9.1,1,1
9894,Noe Sushi Bar,38,5,50.65,938.59,54.0,0.46,0,6.2,0,1
9895,Noe Sushi Bar,21,4,21.14,265.87,39.0,0.37,0,6.6,1,0
9896,Kobe Sushi,8,4,24.67,199.59,47.0,0.08,0,12.0,0,1
9897,Noe Sushi Bar,89,6,23.91,276.25,30.0,0.55,1,7.3,0,0
9898,Noe Sushi Bar,28,6,42.03,911.47,25.0,0.2,0,8.1,0,0
9899,Nubori Experience,92,6,54.29,1278.42,59.0,0.2,0,14.5,0,0
9900,Kobe Sushi,54,3,16.15,143.88,46.0,0.36,0,1.9,0,1
9901,Kobe Sushi,31,10,15.88,341.72,54.0,0.01,0,0.5,0,0
9902,Kobe Sushi,116,7,21.08,351.62,58.0,0.41,0,4.9,0,1
9903,Kobe Sushi,100,7,10.0,213.7,32.0,0.18,0,7.5,0,0
9904,Noe Sushi Bar,89,4,38.88,588.84,36.0,0.43,0,5.3,1,0
9905,Nubori Experience,116,6,71.61,863.53,28.0,0.49,0,0.9,0,1
9906,Kobe Sushi,120,5,16.62,154.39,61.0,0.07,0,1.1,1,0
9907,Nubori Experience,41,4,75.37,1015.75,61.0,0.12,0,4.4,0,0
9908,Kobe Sushi,37,6,14.21,203.91,48.0,0.55,0,5.2,1,0
9909,Kobe Sushi,38,7,13.0,266.64,43.0,0.47,0,1.9,0,0
9910,Kobe Sushi,51,4,16.87,103.9,35.0,0.13,1,6.4,0,1
9911,Kobe Sushi,76,4,18.67,224.41,60.0,0.18,0,4.6,1,0
9912,Nubori Experience,37,8,70.59,1443.67,44.0,0.2,0,14.0,1,0
9913,Kobe Sushi,101,5,23.74,284.26,60.0,0.33,0,3.0,0,1
9914,Noe Sushi Bar,31,7,26.27,389.27,54.0,0.42,0,4.7,0,1
9915,Noe Sushi Bar,62,2,36.02,251.04,70.0,0.46,0,7.2,0,0
9916,Nubori Experience,18,6,66.66,896.99,47.0,0.28,1,1.2,0,1
9917,Kobe Sushi,90,6,20.19,224.26,49.0,0.18,0,2.0,1,0
9918,Kobe Sushi,6,8,10.0,274.06,36.0,0.44,1,14.0,0,0
9919,Kobe Sushi,9,2,16.43,93.89,36.0,0.32,0,15.2,0,1
9920,Noe Sushi Bar,11,7,47.05,1044.52,47.0,0.36,0,1.0,0,0
9921,Kobe Sushi,95,4,18.53,280.34,27.0,0.12,0,14.7,0,1
9922,Nubori Experience,119,9,60.6,1089.23,32.0,0.21,0,1.9,0,1
9923,Noe Sushi Bar,110,8,41.12,908.64,54.0,0.48,0,3.9,0,0
9924,Noe Sushi Bar,120,3,53.76,571.46,51.0,0.42,0,0.8,0,1
9925,Noe Sushi Bar,2,7,36.77,667.76,57.0,0.38,0,4.5,0,1
9926,Kobe Sushi,29,7,24.19,638.68,41.0,0.28,0,14.3,1,0
9927,Noe Sushi Bar,110,4,42.67,551.94,55.0,0.48,0,3.2,0,0
9928,Nubori Experience,51,5,59.26,635.68,59.0,0.46,0,9.9,0,1
9929,Nubori Experience,106,6,77.74,1439.63,46.0,0.29,0,9.2,0,1
9930,Nubori Experience,69,4,51.94,469.45,26.0,0.31,0,6.1,0,1
9931,Nubori Experience,23,8,53.51,1177.04,48.0,0.13,0,10.3,0,0
9932,Kobe Sushi,100,7,23.36,363.89,22.0,0.11,0,5.5,0,1
9933,Kobe Sushi,7,9,19.0,646.39,43.0,0.02,0,3.2,0,0
9934,Kobe Sushi,56,4,20.4,286.18,43.0,0.23,0,4.4,0,0
9935,Kobe Sushi,77,7,12.38,288.94,37.0,0.43,0,0.8,0,0
9936,Kobe Sushi,106,7,16.03,365.53,40.0,0.08,0,0.5,1,0
9937,Noe Sushi Bar,62,6,41.51,380.16,55.0,0.27,0,6.1,0,0
9938,Noe Sushi Bar,74,10,42.11,1046.28,72.0,0.33,0,1.1,1,0
9939,Nubori Experience,100,3,84.08,891.79,69.0,0.16,3,5.5,1,0
9940,Noe Sushi Bar,80,9,47.41,1645.86,20.0,0.51,0,1.3,0,1
9941,Nubori Experience,15,11,60.21,1733.55,48.0,0.53,0,0.5,0,1
9942,Kobe Sushi,53,3,20.48,104.44,28.0,0.43,0,27.4,0,0
9943,Kobe Sushi,43,9,19.63,425.58,49.0,0.47,0,5.6,0,1
9944,Noe Sushi Bar,83,8,53.93,1280.92,39.0,0.59,0,1.4,1,1
9945,Kobe Sushi,85,5,16.91,196.97,60.0,0.14,0,1.7,1,0
9946,Kobe Sushi,120,6,16.36,343.32,50.0,0.39,0,4.4,1,0
9947,Kobe Sushi,35,6,15.91,350.02,20.0,0.31,0,1.1,1,0
9948,Kobe Sushi,79,3,17.03,81.63,55.0,0.1,0,1.3,0,1
9949,Noe Sushi Bar,112,6,64.27,1213.15,51.0,0.73,2,1.8,0,1
9950,Noe Sushi Bar,14,8,55.14,1257.54,20.0,0.26,0,5.0,0,0
9951,Noe Sushi Bar,93,2,25.3,78.46,58.0,0.12,0,8.4,1,0
9952,Noe Sushi Bar,69,5,49.08,843.65,62.0,0.59,1,0.9,0,1
9953,Kobe Sushi,49,7,20.75,335.4,39.0,0.55,0,1.5,0,0
9954,Kobe Sushi,18,3,16.27,164.88,20.0,0.32,1,8.1,0,1
9955,Kobe Sushi,51,5,10.0,84.48,59.0,0.3,0,3.5,0,1
9956,Kobe Sushi,1,8,15.1,193.63,67.0,0.34,0,1.5,1,0
9957,Noe Sushi Bar,27,5,54.27,627.73,32.0,0.31,1,3.7,0,1
9958,Chef Choy,64,4,27.87,233.81,87.0,0.39,0,8.5,0,1
9959,Noe Sushi Bar,60,4,58.67,611.97,92.0,0.31,0,4.5,0,1
9960,Kobe Sushi,91,4,25.64,222.43,20.0,0.48,0,1.8,0,1
9961,Noe Sushi Bar,89,5,67.05,1242.57,43.0,0.45,0,3.3,0,0
9962,Noe Sushi Bar,41,5,51.89,910.45,40.0,0.79,0,1.9,1,0
9963,Noe Sushi Bar,21,10,47.34,882.8,39.0,0.47,1,11.3,1,0
9964,Noe Sushi Bar,14,10,35.02,805.11,43.0,0.15,0,6.4,0,1
9965,Noe Sushi Bar,116,9,44.12,859.6,55.0,0.16,0,0.5,0,0
9966,Noe Sushi Bar,117,7,60.15,822.95,53.0,0.5,0,10.1,1,0
9967,Noe Sushi Bar,20,6,41.06,726.64,75.0,0.27,0,9.7,1,0
9968,Kobe Sushi,92,7,17.78,195.59,29.0,0.2,0,1.9,0,1
9969,Noe Sushi Bar,85,8,38.14,679.17,59.0,0.34,0,0.5,0,1
9970,Kobe Sushi,87,4,10.91,165.83,20.0,0.25,0,20.5,1,0
9971,Kobe Sushi,11,11,11.75,307.93,37.0,0.05,0,8.4,0,0
9972,Nubori Experience,120,10,55.89,967.23,59.0,0.1,0,14.6,0,0
9973,Nubori Experience,66,3,85.07,815.51,47.0,0.33,0,2.2,0,0
9974,Kobe Sushi,84,4,21.61,334.45,63.0,0.75,0,14.6,0,0
9975,Noe Sushi Bar,24,8,51.19,1581.41,56.0,0.44,1,10.7,0,1
9976,Kobe Sushi,119,6,21.82,406.45,29.0,0.35,0,2.7,0,0
9977,Noe Sushi Bar,89,7,53.07,673.79,34.0,0.24,2,1.9,1,0
9978,Nubori Experience,37,10,57.25,1579.37,32.0,0.17,0,13.5,0,0
9979,Nubori Experience,86,7,61.98,1339.68,68.0,0.24,0,6.9,1,0
9980,Noe Sushi Bar,24,6,10.0,234.9,31.0,0.37,0,23.4,0,0
9981,Kobe Sushi,15,3,24.93,264.0,49.0,0.36,0,0.5,0,1
9982,Noe Sushi Bar,12,6,43.44,807.12,63.0,0.33,1,11.7,0,1
9983,Kobe Sushi,110,4,12.12,109.75,36.0,0.4,0,13.3,0,0
9984,Nubori Experience,95,2,64.92,275.45,36.0,0.81,0,2.5,1,0
9985,Nubori Experience,107,6,47.78,706.82,40.0,0.64,2,5.0,0,0
9986,Noe Sushi Bar,64,7,35.18,526.81,72.0,0.28,0,24.3,0,0
9987,Kobe Sushi,31,5,23.04,201.03,47.0,0.19,1,30.0,0,0
9988,Kobe Sushi,53,7,27.12,618.13,51.0,0.46,0,0.7,0,0
9989,Kobe Sushi,94,7,16.42,392.98,51.0,0.18,0,7.7,0,1
9990,Nubori Experience,105,6,58.3,1174.15,39.0,0.42,0,3.2,0,0
9991,Noe Sushi Bar,84,5,63.57,673.26,39.0,0.48,0,4.9,1,0
9992,Kobe Sushi,72,4,15.91,160.01,56.0,0.19,0,1.5,0,0
9993,Noe Sushi Bar,44,4,41.48,382.71,32.0,0.1,0,21.9,1,0
9994,Nubori Experience,30,5,61.72,584.54,45.0,0.21,0,8.0,1,0
9995,Kobe Sushi,35,3,20.28,191.34,44.0,0.34,0,10.9,0,0
9996,Nubori Experience,21,5,51.3,544.21,47.0,0.41,0,2.6,0,0
9997,Nubori Experience,111,5,66.46,583.03,50.0,0.13,0,6.6,0,0
9998,Nubori Experience,104,3,48.99,564.67,41.0,0.2,0,5.4,0,1
9999,Kobe Sushi,63,5,12.23,242.88,26.0,0.36,2,3.6,1,0
10000,Kobe Sushi,92,9,10.0,174.02,52.0,0.38,1,1.3,1,0
10001,Kobe Sushi,103,5,15.03,149.05,34.0,0.34,0,16.8,1,0
10002,Kobe Sushi,17,6,21.49,213.32,44.0,0.33,0,0.8,0,1
10003,Kobe Sushi,12,4,10.0,90.45,47.0,0.21,0,6.2,0,0
10004,Noe Sushi Bar,116,7,55.15,1396.79,47.0,0.4,3,9.1,0,0
10005,Noe Sushi Bar,114,5,38.94,451.76,57.0,0.39,0,6.3,1,0
10006,Nubori Experience,18,5,75.18,1126.58,49.0,0.74,0,12.4,0,0
10007,Kobe Sushi,111,5,22.43,204.36,48.0,0.2,0,3.3,0,1
10008,Noe Sushi Bar,119,8,50.64,950.03,59.0,0.41,0,0.5,1,0
10009,Chef Choy,92,7,28.03,629.79,41.0,0.09,0,11.8,0,0
10010,Chef Choy,60,7,49.1,1143.97,44.0,0.23,0,2.4,1,0
10011,Nubori Experience,67,7,47.81,1141.43,95.0,0.2,0,7.6,1,0
10012,Noe Sushi Bar,115,4,63.93,690.36,30.0,0.4,1,3.6,0,0
10013,Nubori Experience,15,7,56.94,1295.38,45.0,0.13,0,0.9,0,0
10014,Kobe Sushi,16,5,14.91,263.09,63.0,0.09,0,2.2,0,0
10015,Noe Sushi Bar,22,1,57.04,110.82,62.0,0.45,0,11.2,0,1
10016,Kobe Sushi,118,10,13.84,507.82,44.0,0.18,0,12.5,1,0
10017,Kobe Sushi,113,3,23.94,129.85,50.0,0.4,0,5.4,0,1
10018,Kobe Sushi,95,5,13.99,141.13,55.0,0.48,0,1.8,0,0
10019,Kobe Sushi,63,8,22.03,287.63,45.0,0.38,0,5.7,0,0
10020,Kobe Sushi,31,9,20.67,395.02,37.0,0.63,0,22.7,0,1
10021,Kobe Sushi,1,7,14.96,345.36,70.0,0.61,0,0.5,0,0
10022,Kobe Sushi,75,8,11.67,291.62,33.0,0.64,0,12.7,0,0
10023,Nubori Experience,6,7,96.37,2242.61,47.0,0.18,0,2.7,0,0
10024,Kobe Sushi,87,6,23.01,475.49,55.0,0.14,0,0.5,0,1
10025,Noe Sushi Bar,9,4,48.08,615.69,59.0,0.59,0,2.7,1,0
10026,Kobe Sushi,52,6,18.32,218.7,57.0,0.02,1,6.2,1,0
10027,Nubori Experience,80,6,60.66,995.77,51.0,0.35,1,3.0,0,0
10028,Nubori Experience,62,4,39.68,459.57,44.0,0.06,0,4.4,1,0
10029,Noe Sushi Bar,58,7,75.93,1035.74,73.0,0.57,0,2.6,0,0
10030,Noe Sushi Bar,102,7,44.46,474.62,64.0,0.31,0,7.0,1,0
10031,Kobe Sushi,108,7,16.74,276.8,57.0,0.34,0,30.0,1,0
10032,Nubori Experience,19,7,69.94,1147.78,73.0,0.09,1,0.6,1,0
10033,Nubori Experience,109,7,67.5,1872.2,34.0,0.42,0,0.5,0,1
10034,Nubori Experience,13,10,58.72,900.67,34.0,0.5,0,8.5,0,1
10035,Noe Sushi Bar,32,4,55.51,756.59,38.0,0.47,0,18.5,0,1
10036,Kobe Sushi,100,5,20.78,290.47,44.0,0.38,0,16.5,0,0
10037,Nubori Experience,9,3,47.59,374.01,47.0,0.24,0,18.0,0,0
10038,Kobe Sushi,110,6,18.57,298.16,38.0,0.17,0,9.2,0,0
10039,Noe Sushi Bar,110,3,24.38,278.69,33.0,0.08,0,2.8,0,0
10040,Kobe Sushi,49,6,24.14,398.2,27.0,0.08,0,1.8,1,0
10041,Nubori Experience,37,3,82.82,572.71,32.0,0.51,0,2.2,0,0
10042,Kobe Sushi,31,5,16.27,189.6,34.0,0.46,1,1.0,0,0
10043,Kobe Sushi,31,4,17.8,114.05,35.0,0.29,0,7.6,0,0
10044,Noe Sushi Bar,59,2,48.35,179.74,50.0,0.28,0,0.8,0,1
10045,Chef Choy,55,8,28.96,631.98,51.0,0.37,0,4.9,1,0
10046,Noe Sushi Bar,19,6,72.56,1716.91,48.0,0.55,0,10.8,0,1
10047,Kobe Sushi,63,3,15.68,107.17,110.0,0.35,0,2.6,1,0
10048,Kobe Sushi,2,3,17.71,171.78,28.0,0.33,1,21.4,0,0
10049,Chef Choy,45,10,31.56,788.11,39.0,0.2,1,2.0,1,0
10050,Nubori Experience,96,5,36.09,422.77,32.0,0.39,0,11.2,1,0
10051,Nubori Experience,43,8,83.32,1931.0,43.0,0.48,0,0.5,0,0
10052,Noe Sushi Bar,98,4,44.39,668.82,67.0,0.29,0,5.5,1,0
10053,Nubori Experience,1,6,73.75,1054.84,27.0,0.54,0,3.3,0,1
10054,Noe Sushi Bar,85,4,57.64,506.05,55.0,0.31,1,6.2,0,0
10055,Noe Sushi Bar,61,8,70.06,1982.19,36.0,0.25,0,5.5,0,0
10056,Noe Sushi Bar,3,2,54.83,387.3,92.0,0.16,0,6.7,0,0
10057,Noe Sushi Bar,91,9,48.77,785.97,64.0,0.24,0,14.2,1,0
10058,Chef Choy,44,9,23.31,805.76,32.0,0.32,2,9.5,0,0
10059,Noe Sushi Bar,7,4,50.94,796.82,41.0,0.55,0,0.7,0,1
10060,Kobe Sushi,33,4,10.7,90.36,43.0,0.43,0,5.6,1,0
10061,Kobe Sushi,9,9,10.0,184.49,42.0,0.11,0,12.7,0,0
10062,Kobe Sushi,30,7,15.39,426.97,30.0,0.41,1,0.9,1,0
10063,Noe Sushi Bar,18,5,66.36,1121.1,44.0,0.25,0,1.7,0,0
10064,Kobe Sushi,56,7,15.28,365.67,39.0,0.38,0,10.3,0,0
10065,Kobe Sushi,90,3,29.34,158.47,49.0,0.53,0,0.5,0,0
10066,Noe Sushi Bar,84,2,38.21,207.86,48.0,0.06,0,5.7,0,1
10067,Noe Sushi Bar,102,8,37.71,963.27,51.0,0.35,0,2.2,1,1
10068,Chef Choy,105,6,25.26,600.3,58.0,0.07,0,3.2,1,0
10069,Noe Sushi Bar,119,3,46.11,547.77,61.0,0.22,1,1.8,1,0
10070,Nubori Experience,31,5,65.04,719.15,37.0,0.54,0,0.5,0,1
10071,Nubori Experience,72,6,96.77,2130.16,49.0,0.53,0,0.7,1,1
10072,Nubori Experience,63,11,79.68,1729.78,31.0,0.37,0,4.8,1,0
10073,Noe Sushi Bar,87,5,28.94,238.06,35.0,0.28,0,2.5,0,1
10074,Kobe Sushi,50,4,13.94,182.09,85.0,0.54,0,8.3,0,0
10075,Nubori Experience,89,6,60.11,1180.21,48.0,0.48,0,0.5,0,0
10076,Kobe Sushi,111,5,25.78,356.17,66.0,0.33,0,6.8,1,0
10077,Kobe Sushi,1,9,15.08,222.96,75.0,0.55,0,0.5,0,0
10078,Noe Sushi Bar,110,10,36.81,861.49,52.0,0.19,0,7.3,0,1
10079,Kobe Sushi,82,5,16.99,319.44,23.0,0.17,0,2.7,0,0
10080,Nubori Experience,19,6,51.37,716.6,27.0,0.52,1,30.0,0,0
10081,Noe Sushi Bar,115,5,23.31,212.32,34.0,0.34,0,4.5,1,0
10082,Noe Sushi Bar,106,6,45.1,813.87,38.0,0.33,0,3.4,0,1
10083,Noe Sushi Bar,64,5,43.24,821.3,35.0,0.1,0,4.5,1,1
10084,Noe Sushi Bar,116,10,50.35,2012.11,23.0,0.3,0,18.6,1,0
10085,Kobe Sushi,53,7,20.5,367.49,36.0,0.11,1,5.8,1,0
10086,Noe Sushi Bar,6,6,33.27,779.24,45.0,0.38,0,8.4,0,0
10087,Noe Sushi Bar,17,7,47.83,639.31,39.0,0.2,0,15.1,0,0
10088,Noe Sushi Bar,46,6,54.79,559.97,54.0,0.49,0,7.2,1,0
10089,Chef Choy,109,4,16.74,120.48,45.0,0.51,1,1.7,0,0
10090,Kobe Sushi,72,9,21.49,754.31,50.0,0.33,2,8.7,1,0
10091,Kobe Sushi,118,6,20.9,494.22,48.0,0.39,0,5.9,0,0
10092,Kobe Sushi,106,5,25.27,193.84,71.0,0.33,0,18.2,1,0
10093,Kobe Sushi,73,9,25.82,627.94,51.0,0.7,1,5.5,0,0
10094,Nubori Experience,101,5,73.82,1072.2,58.0,0.47,0,0.6,0,0
10095,Nubori Experience,55,5,47.65,911.53,29.0,0.6,0,3.2,0,0
10096,Kobe Sushi,91,6,10.34,147.45,58.0,0.38,0,6.8,1,0
10097,Noe Sushi Bar,100,4,35.17,466.56,50.0,0.21,0,4.3,1,0
10098,Noe Sushi Bar,6,4,49.06,429.61,20.0,0.25,0,3.1,1,0
10099,Kobe Sushi,70,7,10.0,276.18,34.0,0.32,0,4.9,0,0
10100,Kobe Sushi,109,5,19.45,276.89,46.0,0.35,0,28.5,1,0
10101,Nubori Experience,68,4,100.51,1040.74,69.0,0.15,0,1.2,0,1
10102,Noe Sushi Bar,86,5,53.56,814.08,32.0,0.35,0,0.5,0,1
10103,Nubori Experience,40,5,44.63,458.61,20.0,0.7,0,3.2,0,0
10104,Kobe Sushi,91,9,14.45,323.62,61.0,0.12,0,1.3,1,0
10105,Noe Sushi Bar,101,4,50.81,654.53,45.0,0.8,0,2.6,0,0
10106,Kobe Sushi,66,3,16.68,128.87,65.0,0.36,0,12.3,0,1
10107,Kobe Sushi,9,5,21.4,268.18,33.0,0.38,1,3.2,1,0
10108,Noe Sushi Bar,11,4,36.0,485.55,48.0,0.71,0,0.6,0,0
10109,Kobe Sushi,20,6,20.34,458.11,50.0,0.38,0,1.8,0,1
10110,Kobe Sushi,116,8,24.14,745.2,88.0,0.15,0,1.8,0,0
10111,Kobe Sushi,43,5,12.93,211.0,26.0,0.14,1,2.1,1,0
10112,Kobe Sushi,103,7,11.46,208.2,49.0,0.25,0,5.7,0,0
10113,Noe Sushi Bar,58,6,25.86,380.52,34.0,0.17,0,10.5,0,0
10114,Noe Sushi Bar,78,3,37.75,265.84,52.0,0.12,0,4.1,0,0
10115,Kobe Sushi,26,8,20.47,349.03,28.0,0.21,0,4.7,1,0
10116,Kobe Sushi,38,9,12.46,195.79,41.0,0.22,0,7.0,0,0
10117,Kobe Sushi,94,4,20.97,267.09,53.0,0.44,2,2.3,1,0
10118,Noe Sushi Bar,36,5,51.59,845.84,62.0,0.47,1,7.9,0,1
10119,Kobe Sushi,102,4,11.21,107.46,46.0,0.4,0,7.1,1,0
10120,Chef Choy,99,5,12.0,193.77,36.0,0.17,0,6.6,0,0
10121,Kobe Sushi,55,13,32.71,1580.64,31.0,0.24,1,18.1,1,0
10122,Kobe Sushi,6,4,10.0,118.42,86.0,0.39,0,1.7,0,1
10123,Nubori Experience,3,8,70.26,2199.31,76.0,0.61,0,10.6,0,0
10124,Noe Sushi Bar,65,5,36.27,392.48,35.0,0.36,0,23.8,0,0
10125,Kobe Sushi,64,3,17.99,116.59,35.0,0.33,1,2.7,1,0
10126,Nubori Experience,58,3,44.11,416.74,36.0,0.38,0,1.6,0,0
10127,Noe Sushi Bar,117,6,30.43,572.25,29.0,0.3,0,3.3,1,1
10128,Nubori Experience,58,7,89.46,1792.09,28.0,0.35,0,15.4,0,0
10129,Noe Sushi Bar,18,5,27.92,273.59,54.0,0.08,0,14.7,1,0
10130,Noe Sushi Bar,23,9,49.86,1737.31,52.0,0.73,1,2.0,0,0
10131,Nubori Experience,96,6,10.0,180.2,45.0,0.17,0,3.9,0,1
10132,Kobe Sushi,29,4,26.84,380.11,24.0,0.56,0,0.5,0,0
10133,Noe Sushi Bar,23,4,31.86,436.69,39.0,0.26,0,6.0,0,0
10134,Noe Sushi Bar,36,7,42.76,473.25,40.0,0.35,0,5.4,0,0
10135,Kobe Sushi,70,3,10.0,105.13,66.0,0.7,0,0.5,0,1
10136,Kobe Sushi,81,7,17.07,255.65,44.0,0.29,0,4.5,1,0
10137,Kobe Sushi,82,8,13.32,402.5,57.0,0.18,0,0.5,1,1
10138,Noe Sushi Bar,95,8,54.75,1726.6,69.0,0.41,0,10.3,0,0
10139,Noe Sushi Bar,6,4,50.79,609.4,21.0,0.34,0,0.5,0,0
10140,Noe Sushi Bar,34,7,36.41,661.56,32.0,0.1,0,1.1,0,0
10141,Kobe Sushi,44,2,19.96,159.47,36.0,0.07,0,9.5,0,0
10142,Noe Sushi Bar,44,8,43.8,595.19,71.0,0.12,0,2.3,0,1
10143,Nubori Experience,27,5,35.84,492.37,27.0,0.05,1,6.2,0,1
10144,Kobe Sushi,100,7,14.3,203.74,20.0,0.54,0,2.3,1,0
10145,Noe Sushi Bar,112,8,61.12,1931.82,49.0,0.87,0,6.3,1,0
10146,Chef Choy,52,7,34.86,878.5,26.0,0.1,0,1.5,0,0
10147,Chef Choy,42,8,21.18,599.26,58.0,0.26,0,0.9,0,0
10148,Noe Sushi Bar,25,5,48.62,885.66,35.0,0.68,0,0.8,1,0
10149,Nubori Experience,74,3,45.25,520.92,24.0,0.29,0,1.7,0,0
10150,Kobe Sushi,39,7,25.63,691.22,36.0,0.58,0,5.7,0,0
10151,Nubori Experience,110,8,70.26,1432.81,56.0,0.73,0,0.5,0,1
10152,Kobe Sushi,39,5,11.06,125.8,20.0,0.1,1,9.6,0,1
10153,Kobe Sushi,12,8,13.12,338.02,44.0,0.21,0,4.9,0,0
10154,Kobe Sushi,11,4,14.92,157.1,36.0,0.25,0,5.0,0,1
10155,Chef Choy,113,5,23.67,243.73,34.0,0.37,0,5.1,1,0
10156,Noe Sushi Bar,107,7,47.97,1111.88,56.0,0.31,0,15.2,1,0
10157,Kobe Sushi,117,7,22.01,465.5,49.0,0.52,0,10.3,0,1
10158,Kobe Sushi,3,5,15.28,160.69,61.0,0.62,1,2.7,1,0
10159,Nubori Experience,115,6,40.03,870.07,42.0,0.46,1,3.1,1,0
10160,Nubori Experience,22,8,91.32,2063.25,69.0,0.6,1,1.2,1,0
10161,Noe Sushi Bar,4,7,54.13,1348.38,46.0,0.54,0,1.4,0,0
10162,Noe Sushi Bar,8,5,40.51,362.31,49.0,0.37,2,12.3,0,0
10163,Noe Sushi Bar,14,3,27.2,296.15,31.0,0.39,0,4.4,0,1
10164,Kobe Sushi,84,7,10.0,244.42,80.0,0.65,1,3.7,0,0
10165,Nubori Experience,88,4,68.6,935.62,28.0,0.37,0,2.8,1,0
10166,Kobe Sushi,14,6,21.37,308.22,43.0,0.58,0,2.5,0,0
10167,Noe Sushi Bar,92,6,37.31,668.42,60.0,0.26,0,7.3,1,1
10168,Kobe Sushi,16,7,16.67,274.73,44.0,0.11,0,7.5,0,1
10169,Noe Sushi Bar,32,4,52.69,529.92,20.0,0.21,0,1.1,0,0
10170,Noe Sushi Bar,64,14,47.92,1616.58,51.0,0.48,3,12.3,0,0
10171,Noe Sushi Bar,111,7,28.48,427.11,44.0,0.41,0,6.6,0,0
10172,Kobe Sushi,76,5,16.72,224.5,41.0,0.33,0,0.5,0,0
10173,Noe Sushi Bar,16,5,48.44,465.1,42.0,0.23,0,6.4,0,0
10174,Kobe Sushi,52,5,18.24,197.79,44.0,0.44,0,6.2,0,1
10175,Kobe Sushi,19,7,10.0,246.73,54.0,0.38,0,8.0,0,0
10176,Kobe Sushi,69,4,21.25,227.52,39.0,0.32,1,4.7,1,0
10177,Chef Choy,12,6,31.13,290.93,50.0,0.3,0,2.4,1,0
10178,Noe Sushi Bar,93,9,52.22,931.74,52.0,0.6,2,3.5,1,0
10179,Noe Sushi Bar,5,5,70.22,993.32,51.0,0.54,0,9.4,0,1
10180,Noe Sushi Bar,42,8,24.43,731.64,51.0,0.14,0,8.7,1,0
10181,Noe Sushi Bar,17,11,32.88,1263.11,23.0,0.14,1,4.6,0,1
10182,Noe Sushi Bar,111,5,57.29,1001.02,40.0,0.5,0,12.9,0,1
10183,Kobe Sushi,72,5,17.56,143.92,58.0,0.4,1,0.5,1,0
10184,Kobe Sushi,104,5,14.97,138.42,37.0,0.27,0,3.0,0,1
10185,Noe Sushi Bar,104,3,34.38,277.96,24.0,0.37,0,18.8,0,0
10186,Noe Sushi Bar,94,11,28.98,695.37,58.0,0.38,0,2.3,0,1
10187,Nubori Experience,10,6,63.84,705.08,58.0,0.52,0,2.5,0,1
10188,Nubori Experience,84,7,68.46,1546.53,44.0,0.23,0,5.2,1,0
10189,Kobe Sushi,109,8,17.95,254.99,34.0,0.64,0,6.1,0,1
10190,Kobe Sushi,16,4,21.0,258.33,47.0,0.45,0,4.4,0,1
10191,Noe Sushi Bar,105,5,52.19,725.05,48.0,0.49,0,6.7,1,0
10192,Kobe Sushi,16,8,11.9,285.78,46.0,0.09,1,2.1,0,1
10193,Kobe Sushi,42,9,22.55,413.42,47.0,0.18,0,12.3,0,0
10194,Nubori Experience,3,3,60.74,596.4,47.0,0.4,0,15.1,0,0
10195,Kobe Sushi,23,5,11.12,108.08,32.0,0.38,0,0.8,0,0
10196,Nubori Experience,86,5,41.48,484.14,20.0,0.25,0,0.5,0,1
10197,Noe Sushi Bar,28,3,34.39,284.73,56.0,0.6,0,7.3,0,0
10198,Chef Choy,110,5,22.25,300.04,46.0,0.67,0,8.9,1,0
10199,Kobe Sushi,45,9,19.02,350.57,62.0,0.03,1,7.0,1,0
10200,Kobe Sushi,100,6,17.67,331.94,38.0,0.41,0,6.4,0,0
10201,Noe Sushi Bar,68,8,40.97,812.89,62.0,0.47,0,3.7,0,1
10202,Kobe Sushi,102,7,22.1,591.88,47.0,0.15,0,6.4,0,0
10203,Kobe Sushi,24,10,28.46,749.85,32.0,0.15,0,5.9,0,0
10204,Kobe Sushi,19,7,22.15,561.59,44.0,0.21,2,14.4,0,1
10205,Kobe Sushi,75,9,23.15,737.16,32.0,0.22,0,2.5,0,0
10206,Kobe Sushi,40,4,14.86,184.16,38.0,0.27,1,1.7,0,0
10207,Chef Choy,46,5,11.45,182.28,51.0,0.59,0,4.8,0,0
10208,Kobe Sushi,40,7,17.14,236.85,32.0,0.27,0,6.4,0,0
10209,Kobe Sushi,62,10,20.25,411.55,41.0,0.53,0,5.0,0,1
10210,Noe Sushi Bar,110,4,28.08,228.78,37.0,0.25,1,30.0,0,0
10211,Nubori Experience,119,4,46.76,497.56,39.0,0.5,0,1.4,1,0
10212,Kobe Sushi,103,7,24.21,337.65,49.0,0.49,0,0.5,0,1
10213,Kobe Sushi,117,5,14.09,193.47,62.0,0.14,2,1.7,0,0
10214,Noe Sushi Bar,18,9,45.51,1485.03,50.0,0.26,0,9.2,1,0
10215,Nubori Experience,12,4,85.41,1279.02,39.0,0.48,0,0.5,0,0
10216,Chef Choy,14,4,24.2,213.18,50.0,0.33,1,2.4,0,0
10217,Noe Sushi Bar,111,5,34.41,432.63,36.0,0.48,0,0.5,0,1
10218,Kobe Sushi,82,7,14.47,305.11,34.0,0.37,3,9.7,1,0
10219,Noe Sushi Bar,61,6,49.93,1118.74,39.0,0.12,0,12.4,0,0
10220,Kobe Sushi,108,6,18.93,317.55,53.0,0.28,1,2.1,0,1
10221,Noe Sushi Bar,106,5,49.0,737.64,58.0,0.31,0,10.2,1,0
10222,Noe Sushi Bar,12,14,33.1,889.57,74.0,0.33,2,0.5,0,1
10223,Nubori Experience,104,5,70.91,1390.42,57.0,0.76,0,24.7,1,0
10224,Kobe Sushi,27,3,10.0,71.71,32.0,0.17,0,5.5,0,1
10225,Kobe Sushi,6,8,19.24,312.54,20.0,0.68,1,6.6,0,1
10226,Noe Sushi Bar,88,8,53.8,743.9,42.0,0.27,0,3.7,0,1
10227,Noe Sushi Bar,115,3,78.47,448.45,48.0,0.28,0,6.3,1,0
10228,Chef Choy,33,6,24.58,285.58,43.0,0.63,3,2.4,0,1
10229,Kobe Sushi,109,10,21.97,765.95,47.0,0.22,0,7.1,0,0
10230,Kobe Sushi,118,3,20.49,197.99,39.0,0.57,0,10.8,0,1
10231,Noe Sushi Bar,80,7,36.69,922.78,42.0,0.31,0,4.5,1,0
10232,Kobe Sushi,50,2,11.52,48.4,38.0,0.08,1,2.0,1,0
10233,Nubori Experience,12,3,87.13,763.69,50.0,0.16,0,1.3,1,0
10234,Noe Sushi Bar,95,7,33.09,743.07,41.0,0.22,0,1.1,0,1
10235,Chef Choy,57,3,39.02,281.46,21.0,0.36,3,22.2,1,0
10236,Noe Sushi Bar,101,11,18.01,651.18,46.0,0.39,1,0.5,1,0
10237,Chef Choy,53,4,33.46,340.68,35.0,0.32,0,6.3,1,1
10238,Kobe Sushi,13,4,13.22,102.7,40.0,0.44,1,15.9,0,0
10239,Nubori Experience,72,4,64.26,801.95,26.0,0.16,0,1.0,0,0
10240,Kobe Sushi,102,2,18.11,73.62,61.0,0.35,2,0.6,1,0
10241,Noe Sushi Bar,3,5,44.84,721.66,49.0,0.09,1,0.6,0,0
10242,Kobe Sushi,64,7,17.59,371.0,46.0,0.31,0,6.0,1,0
10243,Noe Sushi Bar,84,5,38.99,394.59,45.0,0.35,0,17.2,0,0
10244,Kobe Sushi,58,8,15.03,284.1,45.0,0.61,0,2.3,0,1
10245,Kobe Sushi,4,8,20.42,537.58,36.0,0.55,0,3.9,0,0
10246,Nubori Experience,108,5,71.97,1188.93,56.0,0.65,3,1.4,0,0
10247,Kobe Sushi,45,4,10.0,66.78,33.0,0.07,0,4.1,0,0
10248,Chef Choy,66,7,29.2,797.68,43.0,0.66,0,4.2,1,0
10249,Nubori Experience,115,4,71.7,1104.77,52.0,0.1,0,4.9,0,0
10250,Kobe Sushi,36,7,16.03,308.58,20.0,0.18,0,8.8,0,0
10251,Noe Sushi Bar,23,6,54.5,870.69,54.0,0.4,0,4.1,0,0
10252,Kobe Sushi,109,4,22.69,245.57,63.0,0.29,0,5.7,0,1
10253,Kobe Sushi,19,6,19.77,311.99,49.0,0.42,0,0.5,1,0
10254,Noe Sushi Bar,40,4,51.73,318.41,54.0,0.18,0,21.1,1,0
10255,Nubori Experience,72,6,53.24,540.19,76.0,0.28,0,14.7,0,1
10256,Kobe Sushi,16,3,10.2,74.76,50.0,0.24,0,8.7,1,0
10257,Noe Sushi Bar,58,5,38.6,407.6,41.0,0.59,0,2.0,0,1
10258,Noe Sushi Bar,107,10,57.23,1821.08,55.0,0.47,0,1.2,0,1
10259,Nubori Experience,18,5,38.39,573.36,56.0,0.64,0,0.5,0,1
10260,Kobe Sushi,36,6,16.5,170.97,50.0,0.27,0,7.5,1,0
10261,Noe Sushi Bar,24,6,31.8,467.04,43.0,0.23,0,1.2,1,0
10262,Noe Sushi Bar,1,3,26.54,303.15,59.0,0.19,0,2.2,0,0
10263,Noe Sushi Bar,1,8,44.14,919.53,20.0,0.33,0,0.5,0,1
10264,Nubori Experience,64,3,44.18,374.97,37.0,0.24,0,0.5,0,0
10265,Nubori Experience,62,8,69.24,1910.25,22.0,0.74,0,2.9,0,1
10266,Kobe Sushi,110,5,16.25,293.66,53.0,0.48,1,2.5,0,1
10267,Noe Sushi Bar,36,7,57.28,715.85,21.0,0.15,1,12.4,0,0
10268,Kobe Sushi,75,5,17.63,263.91,35.0,0.64,0,5.2,1,0
10269,Kobe Sushi,18,5,14.57,163.82,41.0,0.35,0,3.4,0,1
10270,Noe Sushi Bar,16,5,48.28,740.05,37.0,0.49,0,9.7,0,0
10271,Kobe Sushi,17,3,17.29,92.83,41.0,0.27,0,9.1,1,0
10272,Noe Sushi Bar,24,6,63.53,1374.08,31.0,0.31,0,7.3,1,0
10273,Nubori Experience,98,5,61.41,774.86,22.0,0.08,0,0.5,0,1
10274,Kobe Sushi,68,7,12.05,263.6,60.0,0.2,0,11.4,0,0
10275,Nubori Experience,99,8,27.21,851.09,44.0,0.4,1,4.2,1,0
10276,Noe Sushi Bar,79,3,30.56,304.1,56.0,0.26,0,11.8,0,0
10277,Noe Sushi Bar,2,6,39.0,595.38,56.0,0.33,1,1.8,0,1
10278,Nubori Experience,120,4,59.88,457.75,43.0,0.2,0,0.7,1,0
10279,Kobe Sushi,115,1,10.0,29.98,59.0,0.23,0,2.7,0,0
10280,Noe Sushi Bar,95,7,36.2,614.78,44.0,0.17,1,22.6,0,1
10281,Noe Sushi Bar,73,5,27.61,290.7,60.0,0.41,1,3.7,0,0
10282,Kobe Sushi,10,3,22.66,172.27,38.0,0.14,1,0.6,1,0
10283,Nubori Experience,53,6,50.8,1140.9,52.0,0.52,0,12.0,0,0
10284,Nubori Experience,89,7,47.4,1241.68,55.0,0.05,0,14.5,1,0
10285,Kobe Sushi,51,5,27.74,310.05,73.0,0.4,0,9.5,0,0
10286,Kobe Sushi,69,6,19.26,415.48,29.0,0.56,0,12.9,0,1
10287,Noe Sushi Bar,14,6,52.12,1070.28,20.0,0.25,0,6.1,0,1
10288,Kobe Sushi,106,6,22.04,318.34,68.0,0.11,0,11.5,1,0
10289,Noe Sushi Bar,112,3,33.02,370.72,36.0,0.36,2,2.0,0,1
10290,Kobe Sushi,102,10,19.29,315.37,34.0,0.19,0,6.8,1,0
10291,Noe Sushi Bar,104,6,40.75,846.29,34.0,0.29,1,0.5,1,0
10292,Kobe Sushi,66,6,10.23,186.58,53.0,0.35,0,1.1,1,0
10293,Kobe Sushi,82,4,15.34,196.29,61.0,0.1,0,0.5,1,0
10294,Noe Sushi Bar,93,6,31.03,442.03,44.0,0.12,0,3.6,0,0
10295,Noe Sushi Bar,53,7,37.07,664.89,66.0,0.25,0,3.9,0,1
10296,Nubori Experience,117,9,76.08,2142.34,68.0,0.12,0,16.6,0,0
10297,Nubori Experience,117,5,50.62,553.7,44.0,0.43,0,9.8,0,1
10298,Kobe Sushi,84,5,22.55,270.55,44.0,0.44,0,8.7,0,0
10299,Kobe Sushi,64,4,24.46,298.26,26.0,0.21,0,3.1,0,0
10300,Nubori Experience,72,10,81.51,2624.07,35.0,0.35,0,4.4,0,1
10301,Nubori Experience,101,7,61.63,1578.91,66.0,0.47,0,17.1,1,0
10302,Nubori Experience,49,8,50.52,966.7,66.0,0.14,0,1.1,0,1
10303,Kobe Sushi,112,2,20.37,123.27,32.0,0.28,0,1.1,0,0
10304,Nubori Experience,90,5,68.51,541.87,45.0,0.08,0,0.9,0,1
10305,Kobe Sushi,62,13,23.27,961.21,41.0,0.39,1,2.9,1,0
10306,Noe Sushi Bar,37,5,49.78,870.42,20.0,0.4,0,0.9,0,1
10307,Nubori Experience,49,3,44.51,236.54,60.0,0.16,0,1.9,1,0
10308,Kobe Sushi,68,7,12.98,143.58,49.0,0.51,0,7.1,1,0
10309,Nubori Experience,33,7,65.05,1747.89,52.0,0.28,0,2.6,0,0
10310,Kobe Sushi,22,3,20.03,221.5,31.0,0.62,0,5.6,0,0
10311,Nubori Experience,70,9,44.44,916.71,51.0,0.67,0,10.1,1,0
10312,Kobe Sushi,33,6,10.39,150.83,38.0,0.13,0,0.5,1,0
10313,Nubori Experience,28,7,63.44,1110.56,46.0,0.23,1,15.0,0,0
10314,Kobe Sushi,88,6,15.68,233.24,41.0,0.3,0,2.4,0,1
10315,Noe Sushi Bar,4,6,35.74,721.15,48.0,0.15,0,2.2,0,0
10316,Noe Sushi Bar,66,9,18.97,414.61,78.0,0.4,0,19.5,1,0
10317,Noe Sushi Bar,77,4,60.51,724.86,35.0,0.19,3,5.9,1,0
10318,Kobe Sushi,110,6,22.38,390.96,43.0,0.12,0,1.4,0,0
10319,Noe Sushi Bar,49,5,47.05,614.7,42.0,0.35,2,2.4,1,0
10320,Kobe Sushi,11,9,23.23,350.81,25.0,0.24,0,3.2,0,0
10321,Noe Sushi Bar,35,5,50.79,835.5,56.0,0.67,0,7.9,0,0
10322,Kobe Sushi,39,7,22.78,280.83,28.0,0.44,0,4.2,1,0
10323,Nubori Experience,10,8,73.31,2213.6,75.0,0.36,2,6.8,0,1
10324,Kobe Sushi,107,5,32.15,553.31,35.0,0.08,0,14.3,1,0
10325,Kobe Sushi,74,7,19.83,251.15,43.0,0.12,0,0.7,0,1
10326,Kobe Sushi,72,5,20.38,218.91,64.0,0.4,0,2.5,0,1
10327,Noe Sushi Bar,69,6,49.38,929.31,84.0,0.36,0,9.2,0,1
10328,Kobe Sushi,23,6,18.39,212.41,40.0,0.22,0,0.5,0,1
10329,Noe Sushi Bar,34,6,53.94,903.13,69.0,0.19,1,29.9,1,0
10330,Nubori Experience,111,12,58.29,2476.03,24.0,0.03,1,8.7,0,1
10331,Noe Sushi Bar,32,4,54.46,593.02,72.0,0.52,0,0.6,0,0
10332,Noe Sushi Bar,16,7,38.78,811.48,37.0,0.26,0,17.6,0,0
10333,Kobe Sushi,68,9,20.9,497.21,28.0,0.42,0,0.6,1,0
10334,Noe Sushi Bar,54,7,56.33,1565.34,50.0,0.61,1,4.7,1,0
10335,Kobe Sushi,28,10,16.66,575.83,23.0,0.33,0,9.2,0,1
10336,Chef Choy,112,7,34.79,488.18,37.0,0.41,0,7.3,0,1
10337,Kobe Sushi,108,8,21.85,646.95,43.0,0.31,0,11.6,0,1
10338,Noe Sushi Bar,60,5,41.69,716.15,38.0,0.13,0,4.8,0,1
10339,Kobe Sushi,78,4,17.04,128.13,24.0,0.42,1,0.8,0,1
10340,Nubori Experience,76,9,77.7,1597.11,60.0,0.08,0,3.8,1,0
10341,Kobe Sushi,60,6,23.47,424.42,45.0,0.26,1,0.9,0,0
10342,Noe Sushi Bar,85,6,36.81,649.55,55.0,0.29,0,15.3,0,0
10343,Kobe Sushi,112,3,13.93,146.92,31.0,0.41,0,4.2,0,1
10344,Noe Sushi Bar,80,9,50.22,702.59,44.0,0.15,0,1.7,1,0
10345,Nubori Experience,118,2,44.69,191.3,71.0,0.18,0,7.3,0,0
10346,Noe Sushi Bar,44,7,45.39,1079.54,29.0,0.29,0,3.9,0,0
10347,Noe Sushi Bar,2,3,29.93,310.87,69.0,0.16,2,0.8,1,1
10348,Nubori Experience,23,6,34.85,604.43,35.0,0.41,1,1.9,0,1
10349,Noe Sushi Bar,120,3,55.51,532.94,68.0,0.2,0,2.1,0,1
10350,Noe Sushi Bar,93,9,43.8,1135.3,24.0,0.56,0,3.3,1,0
10351,Noe Sushi Bar,46,6,25.91,582.06,31.0,0.45,0,28.0,0,0
10352,Noe Sushi Bar,107,7,56.64,1252.68,20.0,0.27,1,8.8,0,0
10353,Kobe Sushi,73,6,23.83,265.55,25.0,0.34,0,7.5,0,0
10354,Nubori Experience,54,6,75.34,1657.9,56.0,0.16,0,2.4,1,0
10355,Noe Sushi Bar,71,8,79.88,1929.2,29.0,0.63,2,3.9,1,0
10356,Kobe Sushi,93,10,12.31,480.82,28.0,0.13,3,5.7,1,0
10357,Chef Choy,108,5,11.54,163.98,34.0,0.38,0,0.5,1,0
10358,Kobe Sushi,81,7,17.83,348.37,25.0,0.62,0,10.7,0,0
10359,Kobe Sushi,9,3,15.0,146.46,44.0,0.3,0,6.6,0,0
10360,Noe Sushi Bar,70,4,40.85,539.13,69.0,0.25,1,3.4,0,0
10361,Nubori Experience,44,6,47.55,663.98,20.0,0.47,0,8.4,0,1
10362,Nubori Experience,84,6,83.69,1027.43,48.0,0.41,0,2.1,1,1
10363,Nubori Experience,74,9,65.02,1622.27,32.0,0.56,0,1.5,0,1
10364,Nubori Experience,73,2,65.83,250.07,49.0,0.4,0,1.4,0,1
10365,Kobe Sushi,12,3,23.11,120.91,42.0,0.66,0,6.8,0,0
10366,Kobe Sushi,97,2,16.34,126.17,32.0,0.19,0,5.0,0,1
10367,Nubori Experience,32,5,71.09,767.16,41.0,0.28,0,17.2,0,0
10368,Kobe Sushi,34,7,23.67,585.45,66.0,0.12,0,4.5,0,1
10369,Noe Sushi Bar,83,8,40.93,1089.78,37.0,0.29,0,8.9,0,1
10370,Noe Sushi Bar,33,6,29.85,447.14,31.0,0.18,0,2.0,0,1
10371,Kobe Sushi,64,8,10.97,214.9,55.0,0.59,1,0.5,0,1
10372,Nubori Experience,48,4,79.48,1089.86,28.0,0.63,1,0.8,0,0
10373,Noe Sushi Bar,16,4,51.98,698.26,44.0,0.59,0,11.4,0,0
10374,Noe Sushi Bar,50,4,44.22,283.6,34.0,0.26,0,4.9,0,1
10375,Nubori Experience,114,6,82.25,1905.55,45.0,0.51,0,0.9,0,0
10376,Noe Sushi Bar,23,10,45.55,988.0,20.0,0.12,2,5.1,1,0
10377,Kobe Sushi,26,4,18.17,122.02,48.0,0.2,1,11.2,0,1
10378,Noe Sushi Bar,109,5,43.29,831.28,38.0,0.29,0,12.7,0,0
10379,Nubori Experience,54,6,53.79,948.57,38.0,0.73,0,1.1,1,0
10380,Chef Choy,44,9,23.46,319.93,49.0,0.35,1,10.8,1,0
10381,Chef Choy,105,4,20.48,302.83,73.0,0.54,0,1.6,1,1
10382,Noe Sushi Bar,37,6,62.31,1277.96,56.0,0.52,0,0.8,0,0
10383,Kobe Sushi,9,3,22.62,154.55,40.0,0.22,1,9.2,0,0
10384,Nubori Experience,94,4,63.88,503.75,35.0,0.23,0,3.5,0,1
10385,Nubori Experience,13,5,62.63,775.57,51.0,0.27,1,0.5,0,0
10386,Kobe Sushi,112,7,22.21,555.76,53.0,0.09,0,16.7,1,0
10387,Kobe Sushi,60,5,12.06,147.52,20.0,0.47,1,9.5,0,0
10388,Nubori Experience,106,8,74.37,929.98,51.0,0.64,0,3.8,1,0
10389,Nubori Experience,80,5,66.57,780.69,46.0,0.16,0,0.5,0,0
10390,Nubori Experience,110,4,76.5,658.14,20.0,0.06,0,0.6,1,0
10391,Nubori Experience,2,4,86.07,1186.24,38.0,0.43,0,0.8,0,1
10392,Noe Sushi Bar,95,2,59.65,301.05,31.0,0.36,2,3.6,0,1
10393,Noe Sushi Bar,60,4,40.79,534.58,46.0,0.3,0,16.1,0,1
10394,Noe Sushi Bar,57,8,47.46,1359.52,57.0,0.47,0,3.1,0,0
10395,Kobe Sushi,115,6,21.58,231.94,40.0,0.27,0,4.1,0,1
10396,Noe Sushi Bar,43,4,46.51,435.98,54.0,0.15,0,14.5,0,0
10397,Noe Sushi Bar,19,6,39.17,910.41,69.0,0.71,0,4.4,0,1
10398,Noe Sushi Bar,11,6,37.45,562.25,42.0,0.23,0,0.9,0,1
10399,Noe Sushi Bar,78,6,33.64,704.31,52.0,0.02,0,5.4,1,0
10400,Noe Sushi Bar,47,4,50.4,658.14,57.0,0.07,0,0.5,0,0
10401,Kobe Sushi,89,7,25.68,598.09,67.0,0.42,0,1.6,1,0
10402,Kobe Sushi,63,4,17.93,130.17,28.0,0.03,0,2.0,0,0
10403,Kobe Sushi,7,8,14.32,425.75,20.0,0.49,0,2.7,0,1
10404,Kobe Sushi,79,3,18.24,152.39,50.0,0.59,0,7.1,0,1
10405,Nubori Experience,94,7,52.78,1428.23,38.0,0.18,0,5.5,1,0
10406,Kobe Sushi,31,4,20.49,226.53,23.0,0.12,0,5.3,0,0
10407,Kobe Sushi,88,6,13.11,169.26,25.0,0.55,3,0.5,0,0
10408,Noe Sushi Bar,55,6,36.75,814.97,62.0,0.14,0,4.2,0,0
10409,Noe Sushi Bar,25,10,32.18,1264.74,60.0,0.12,1,1.4,0,1
10410,Kobe Sushi,72,7,17.77,239.21,23.0,0.38,0,20.6,0,1
10411,Chef Choy,30,4,32.14,451.8,31.0,0.39,0,3.8,0,0
10412,Chef Choy,36,6,30.55,460.48,28.0,0.57,0,2.3,0,0
10413,Kobe Sushi,50,8,14.49,407.78,35.0,0.38,0,7.6,1,0
10414,Kobe Sushi,14,6,15.42,344.95,45.0,0.86,0,4.5,1,0
10415,Nubori Experience,29,6,55.59,895.03,43.0,0.21,2,3.3,0,1
10416,Nubori Experience,27,8,63.44,1892.95,20.0,0.46,2,2.1,0,0
10417,Noe Sushi Bar,117,5,46.57,852.86,35.0,0.38,0,0.5,0,1
10418,Kobe Sushi,50,6,24.15,475.69,30.0,0.6,0,2.2,1,0
10419,Noe Sushi Bar,36,5,48.95,567.72,50.0,0.29,0,7.0,0,0
10420,Noe Sushi Bar,34,6,48.2,685.78,27.0,0.39,0,4.7,0,1
10421,Kobe Sushi,21,6,21.59,200.54,57.0,0.72,1,5.0,1,0
10422,Noe Sushi Bar,38,7,47.93,666.93,46.0,0.19,0,1.1,0,0
10423,Noe Sushi Bar,75,9,39.15,825.95,51.0,0.44,0,1.6,1,0
10424,Kobe Sushi,97,4,14.67,219.37,31.0,0.12,0,1.9,0,1
10425,Chef Choy,79,4,18.36,236.9,46.0,0.18,0,0.8,0,1
10426,Nubori Experience,76,8,47.39,951.06,52.0,0.49,0,9.1,0,1
10427,Kobe Sushi,88,8,26.56,557.31,24.0,0.56,0,2.7,1,0
10428,Nubori Experience,50,4,82.32,1265.18,46.0,0.64,0,8.1,1,0
10429,Kobe Sushi,37,5,18.26,262.47,54.0,0.28,0,12.7,1,0
10430,Nubori Experience,75,7,65.07,882.46,46.0,0.4,0,8.9,1,0
10431,Kobe Sushi,120,9,16.27,305.37,39.0,0.04,0,19.0,0,0
10432,Kobe Sushi,117,8,33.93,869.94,35.0,0.25,0,4.9,0,0
10433,Noe Sushi Bar,19,5,71.03,989.33,55.0,0.68,0,2.0,0,1
10434,Noe Sushi Bar,118,7,54.05,1497.49,39.0,0.43,0,6.7,0,1
10435,Nubori Experience,1,5,54.37,881.78,30.0,0.25,0,4.9,0,1
10436,Kobe Sushi,81,4,20.5,278.97,53.0,0.33,0,5.6,1,0
10437,Kobe Sushi,40,5,13.71,259.93,28.0,0.24,0,0.8,0,1
10438,Noe Sushi Bar,55,5,49.94,814.04,51.0,0.27,0,2.5,0,0
10439,Noe Sushi Bar,80,5,57.2,1028.8,67.0,0.29,0,3.0,1,0
10440,Kobe Sushi,26,4,18.75,149.54,58.0,0.28,0,13.4,0,0
10441,Noe Sushi Bar,43,5,67.22,1144.38,68.0,0.7,0,4.6,0,0
10442,Chef Choy,59,1,14.8,58.12,70.0,0.43,0,4.0,0,1
10443,Nubori Experience,51,6,58.61,867.63,30.0,0.44,0,3.4,0,0
10444,Nubori Experience,120,7,34.73,459.93,69.0,0.35,1,0.5,0,1
10445,Kobe Sushi,107,4,14.6,99.28,36.0,0.78,0,14.5,1,0
10446,Noe Sushi Bar,15,5,38.67,635.26,64.0,0.44,0,15.6,0,0
10447,Kobe Sushi,8,7,13.28,245.84,58.0,0.22,1,18.2,0,1
10448,Noe Sushi Bar,94,9,30.96,1089.22,60.0,0.21,0,8.1,1,0
10449,Noe Sushi Bar,14,6,45.71,1078.14,34.0,0.37,0,11.4,1,0
10450,Nubori Experience,97,7,42.74,906.55,78.0,0.24,0,3.8,1,0
10451,Noe Sushi Bar,106,7,39.81,994.05,30.0,0.13,1,1.4,0,1
10452,Nubori Experience,7,9,78.01,1364.65,51.0,0.64,0,0.5,1,0
10453,Nubori Experience,18,5,65.95,1056.45,20.0,0.43,0,0.7,0,0
10454,Nubori Experience,12,3,34.4,345.15,60.0,0.52,0,9.9,0,0
10455,Nubori Experience,2,6,57.4,662.14,39.0,0.09,0,5.5,0,1
10456,Noe Sushi Bar,50,7,58.07,618.12,62.0,0.56,0,0.5,0,1
10457,Kobe Sushi,93,4,22.03,229.18,27.0,0.17,0,0.5,0,0
10458,Kobe Sushi,21,5,24.25,277.92,45.0,0.24,0,2.2,0,0
10459,Kobe Sushi,7,4,16.74,263.06,66.0,0.06,2,8.0,1,0
10460,Noe Sushi Bar,116,6,56.6,820.17,34.0,0.47,0,4.3,1,0
10461,Noe Sushi Bar,91,6,54.4,1137.99,46.0,0.33,0,1.8,0,0
10462,Noe Sushi Bar,12,8,56.12,1585.82,72.0,0.14,0,1.2,1,0
10463,Nubori Experience,84,8,52.43,1365.82,34.0,0.54,0,0.5,0,1
10464,Nubori Experience,57,7,58.35,1483.01,70.0,0.63,0,0.8,0,1
10465,Kobe Sushi,78,6,17.55,283.13,38.0,0.11,0,3.3,0,1
10466,Kobe Sushi,74,4,18.55,243.91,51.0,0.44,0,8.5,0,1
10467,Noe Sushi Bar,105,6,60.24,946.56,54.0,0.04,0,12.3,0,1
10468,Kobe Sushi,23,10,22.01,724.77,56.0,0.27,0,13.1,0,1
10469,Chef Choy,30,5,27.07,302.6,36.0,0.1,0,12.1,0,1
10470,Noe Sushi Bar,111,8,59.58,1604.31,59.0,0.32,0,3.4,1,0
10471,Noe Sushi Bar,58,9,53.04,783.02,59.0,0.51,1,2.0,0,1
10472,Nubori Experience,95,7,79.17,2025.9,55.0,0.61,0,1.4,0,1
10473,Nubori Experience,52,9,56.8,777.92,39.0,0.32,0,10.1,0,0
10474,Kobe Sushi,56,6,13.07,191.71,46.0,0.17,0,1.1,0,0
10475,Noe Sushi Bar,10,7,55.55,1535.0,39.0,0.36,0,29.0,0,0
10476,Noe Sushi Bar,19,6,34.89,375.9,52.0,0.71,0,7.9,1,0
10477,Kobe Sushi,19,6,16.0,299.49,42.0,0.33,0,5.1,0,0
10478,Kobe Sushi,108,7,13.31,303.17,62.0,0.29,1,4.7,1,0
10479,Noe Sushi Bar,87,8,46.39,691.07,45.0,0.45,0,6.3,0,0
10480,Kobe Sushi,59,4,26.87,413.88,40.0,0.23,0,2.9,0,1
10481,Kobe Sushi,44,6,17.7,363.35,46.0,0.39,1,0.7,1,0
10482,Noe Sushi Bar,105,10,17.08,472.31,24.0,0.27,0,2.4,1,0
10483,Chef Choy,59,7,35.9,679.41,33.0,0.2,1,4.5,0,0
10484,Kobe Sushi,96,9,15.24,218.86,32.0,0.61,0,12.0,0,1
10485,Kobe Sushi,84,10,14.06,559.67,41.0,0.32,0,6.3,0,1
10486,Nubori Experience,4,5,72.96,1171.9,72.0,0.08,0,4.6,0,0
10487,Kobe Sushi,97,6,15.6,160.26,66.0,0.39,0,2.5,0,0
10488,Nubori Experience,112,7,76.79,1783.38,38.0,0.23,0,7.7,1,0
10489,Noe Sushi Bar,65,5,44.46,413.56,42.0,0.58,1,9.2,0,1
10490,Kobe Sushi,13,8,15.58,331.81,63.0,0.32,0,11.7,0,0
10491,Kobe Sushi,67,8,18.51,573.65,57.0,0.17,0,14.6,0,1
10492,Kobe Sushi,12,10,22.22,447.84,29.0,0.51,1,10.0,0,1
10493,Kobe Sushi,93,5,20.56,274.2,44.0,0.22,0,1.0,1,1
10494,Kobe Sushi,55,5,13.68,160.53,77.0,0.66,0,1.6,0,1
10495,Noe Sushi Bar,61,11,29.83,1054.33,62.0,0.44,0,1.7,0,1
10496,Kobe Sushi,95,7,14.67,189.11,20.0,0.58,0,8.5,1,0
10497,Noe Sushi Bar,41,6,65.64,1181.76,47.0,0.29,0,1.2,1,0
10498,Noe Sushi Bar,36,5,46.37,721.98,25.0,0.21,0,8.4,0,0
10499,Kobe Sushi,2,4,23.17,160.32,40.0,0.51,0,6.3,0,1
10500,Kobe Sushi,22,5,12.68,194.87,49.0,0.03,0,2.8,0,0
10501,Kobe Sushi,22,4,16.31,118.37,52.0,0.28,0,23.4,0,0
10502,Kobe Sushi,41,6,14.68,209.68,46.0,0.21,1,7.7,1,0
10503,Noe Sushi Bar,95,6,41.1,920.28,43.0,0.19,0,2.8,0,1
10504,Kobe Sushi,116,4,22.59,295.95,20.0,0.08,0,4.7,0,0
10505,Chef Choy,120,6,10.0,162.48,73.0,0.46,0,2.5,1,0
10506,Noe Sushi Bar,109,11,52.95,1078.63,45.0,0.4,0,13.3,1,0
10507,Noe Sushi Bar,14,6,46.98,456.99,51.0,0.39,0,2.1,0,1
10508,Noe Sushi Bar,93,12,35.8,667.83,54.0,0.32,0,4.9,0,0
10509,Noe Sushi Bar,35,4,34.94,464.66,23.0,0.48,0,4.1,1,0
10510,Kobe Sushi,50,4,11.8,79.64,39.0,0.2,0,2.3,1,0
10511,Kobe Sushi,9,6,10.31,137.43,54.0,0.22,0,8.5,0,1
10512,Noe Sushi Bar,111,4,43.03,570.47,36.0,0.37,0,5.9,0,1
10513,Kobe Sushi,118,7,13.91,242.85,88.0,0.38,0,13.5,1,0
10514,Noe Sushi Bar,96,3,26.48,205.47,53.0,0.2,1,9.3,1,1
10515,Noe Sushi Bar,59,8,53.33,857.22,44.0,0.43,0,8.0,0,1
10516,Noe Sushi Bar,56,7,39.01,492.96,23.0,0.59,0,7.9,0,0
10517,Noe Sushi Bar,91,7,62.79,808.88,36.0,0.15,0,3.4,0,1
10518,Noe Sushi Bar,10,6,49.39,639.41,48.0,0.69,0,4.2,1,0
10519,Noe Sushi Bar,25,8,24.01,474.36,43.0,0.54,0,4.2,1,0
10520,Noe Sushi Bar,113,3,52.64,545.05,37.0,0.55,0,2.8,1,0
10521,Noe Sushi Bar,45,4,41.12,326.21,43.0,0.71,0,6.8,0,0
10522,Noe Sushi Bar,97,5,43.39,397.73,44.0,0.32,0,4.6,0,0
10523,Nubori Experience,11,6,80.2,1619.78,35.0,0.23,1,0.5,0,1
10524,Noe Sushi Bar,101,6,44.01,519.44,82.0,0.35,1,3.9,0,1
10525,Noe Sushi Bar,9,6,24.3,298.73,47.0,0.09,1,2.7,0,0
10526,Chef Choy,7,3,26.1,226.62,50.0,0.22,0,6.9,0,0
10527,Noe Sushi Bar,71,3,38.98,236.76,50.0,0.12,0,18.0,0,0
10528,Kobe Sushi,34,5,11.05,172.24,61.0,0.26,1,13.8,0,0
10529,Nubori Experience,83,5,64.68,1198.7,39.0,0.31,0,2.9,0,1
10530,Kobe Sushi,20,11,11.53,282.88,27.0,0.16,0,3.6,0,1
10531,Noe Sushi Bar,114,8,27.77,515.62,55.0,0.26,1,15.1,0,0
10532,Chef Choy,106,4,29.02,400.34,56.0,0.19,0,0.5,0,1
10533,Nubori Experience,89,6,77.0,1701.84,39.0,0.3,2,11.1,1,0
10534,Kobe Sushi,5,9,16.52,591.1,58.0,0.5,0,10.8,0,0
10535,Noe Sushi Bar,112,8,58.97,1082.36,39.0,0.23,0,4.6,1,0
10536,Noe Sushi Bar,93,7,24.02,359.81,20.0,0.29,0,21.4,0,0
10537,Kobe Sushi,55,7,17.63,237.55,48.0,0.64,0,5.8,0,0
10538,Kobe Sushi,91,9,21.8,536.69,61.0,0.11,0,3.0,1,0
10539,Noe Sushi Bar,89,5,53.18,1012.11,51.0,0.7,0,2.7,0,0
10540,Noe Sushi Bar,101,7,55.3,1090.71,20.0,0.54,0,3.6,1,0
10541,Kobe Sushi,15,6,19.38,374.91,38.0,0.26,0,11.2,0,0
10542,Noe Sushi Bar,118,6,46.33,876.45,35.0,0.48,0,3.7,0,1
10543,Noe Sushi Bar,48,9,62.36,1616.88,61.0,0.23,0,0.8,0,0
10544,Chef Choy,4,4,37.52,554.5,40.0,0.38,0,0.5,0,0
10545,Nubori Experience,78,8,29.13,764.0,71.0,0.54,0,1.7,0,1
10546,Noe Sushi Bar,120,5,37.93,369.05,21.0,0.47,0,0.5,0,1
10547,Nubori Experience,113,8,58.92,1580.12,37.0,0.58,0,3.2,1,0
10548,Nubori Experience,81,4,68.94,842.23,34.0,0.61,0,12.0,0,1
10549,Kobe Sushi,21,5,12.38,93.44,20.0,0.22,0,0.5,0,0
10550,Kobe Sushi,80,9,12.48,390.29,50.0,0.29,0,1.0,0,1
10551,Noe Sushi Bar,90,7,39.59,443.55,65.0,0.24,0,11.4,0,1
10552,Noe Sushi Bar,9,3,36.3,224.88,66.0,0.5,0,0.5,0,0
10553,Noe Sushi Bar,66,4,51.96,757.18,62.0,0.53,0,12.7,0,0
10554,Noe Sushi Bar,107,7,31.59,464.75,69.0,0.13,0,2.3,1,0
10555,Noe Sushi Bar,79,7,65.16,1725.96,40.0,0.17,0,0.5,0,0
10556,Noe Sushi Bar,35,4,40.58,397.16,31.0,0.37,0,3.9,0,1
10557,Kobe Sushi,88,4,11.65,76.83,66.0,0.26,0,11.5,0,0
10558,Nubori Experience,112,8,90.27,2683.33,46.0,0.42,1,3.8,0,1
10559,Kobe Sushi,117,4,10.43,87.82,20.0,0.41,0,1.8,1,0
10560,Nubori Experience,51,5,74.96,725.28,44.0,0.36,0,2.3,0,0
10561,Kobe Sushi,118,10,17.47,581.25,29.0,0.21,0,10.3,0,1
10562,Nubori Experience,102,6,45.21,684.29,42.0,0.3,0,1.1,1,0
10563,Kobe Sushi,78,9,19.87,293.19,60.0,0.62,1,2.7,0,1
10564,Kobe Sushi,101,8,20.25,588.29,77.0,0.22,0,7.0,0,1
10565,Kobe Sushi,37,5,11.56,181.6,26.0,0.72,0,0.8,0,1
10566,Noe Sushi Bar,6,7,33.39,838.56,39.0,0.22,0,7.3,0,1
10567,Nubori Experience,82,3,34.47,411.73,58.0,0.41,0,6.0,0,1
10568,Noe Sushi Bar,86,3,38.4,270.62,26.0,0.41,0,4.9,1,0
10569,Nubori Experience,82,9,67.03,1020.54,28.0,0.12,0,1.8,0,1
10570,Noe Sushi Bar,51,6,55.84,894.17,42.0,0.54,3,0.8,0,1
10571,Noe Sushi Bar,66,9,41.85,752.03,48.0,0.57,0,2.3,0,1
10572,Nubori Experience,96,8,98.35,2068.85,26.0,0.4,0,7.9,0,1
10573,Kobe Sushi,17,4,14.88,186.75,54.0,0.41,0,0.8,0,0
10574,Kobe Sushi,65,5,31.97,613.12,73.0,0.15,0,9.9,0,0
10575,Nubori Experience,9,5,66.19,1066.27,60.0,0.34,1,13.0,0,0
10576,Nubori Experience,13,7,49.2,885.58,58.0,0.25,1,30.0,0,0
10577,Nubori Experience,100,1,76.31,233.39,52.0,0.2,0,2.5,0,1
10578,Nubori Experience,101,5,38.51,758.37,27.0,0.45,0,2.0,0,0
10579,Kobe Sushi,58,7,18.83,237.14,37.0,0.51,0,2.0,0,0
10580,Nubori Experience,30,3,67.13,447.23,30.0,0.25,0,1.5,0,1
10581,Noe Sushi Bar,31,5,41.02,426.1,62.0,0.26,0,3.4,0,0
10582,Nubori Experience,23,7,81.44,1378.8,49.0,0.55,0,14.9,0,1
10583,Noe Sushi Bar,63,9,44.35,790.46,29.0,0.42,0,3.7,0,0
10584,Noe Sushi Bar,114,5,54.2,903.02,39.0,0.11,0,1.6,1,0
10585,Noe Sushi Bar,28,7,53.93,835.0,38.0,0.22,0,0.5,0,1
10586,Kobe Sushi,59,6,22.17,510.83,42.0,0.14,0,4.9,0,1
10587,Kobe Sushi,10,5,16.18,249.39,47.0,0.34,0,1.5,0,0
10588,Nubori Experience,89,8,76.71,2276.23,46.0,0.42,0,8.9,1,0
10589,Nubori Experience,100,5,101.43,1294.59,20.0,0.45,0,9.0,1,0
10590,Kobe Sushi,90,7,18.94,444.54,37.0,0.22,0,11.4,0,0
10591,Chef Choy,26,7,32.46,400.31,30.0,0.1,1,11.3,0,0
10592,Noe Sushi Bar,109,4,36.15,479.88,47.0,0.39,0,4.2,0,1
10593,Noe Sushi Bar,77,7,17.26,221.31,68.0,0.29,2,5.8,1,0
10594,Kobe Sushi,17,8,16.03,227.39,53.0,0.31,0,6.6,0,1
10595,Nubori Experience,40,4,67.97,918.25,64.0,0.07,0,4.9,0,1
10596,Noe Sushi Bar,68,5,57.87,666.3,50.0,0.35,0,1.4,0,0
10597,Noe Sushi Bar,23,8,36.75,1012.58,39.0,0.09,1,11.5,0,1
10598,Noe Sushi Bar,35,6,63.57,1491.12,54.0,0.22,0,13.9,0,1
10599,Kobe Sushi,75,8,16.92,358.84,33.0,0.16,0,15.5,0,0
10600,Noe Sushi Bar,76,7,45.76,1102.31,54.0,0.2,0,4.3,0,1
10601,Kobe Sushi,9,3,10.0,57.15,62.0,0.16,0,21.1,0,0
10602,Kobe Sushi,79,6,21.19,198.3,51.0,0.11,0,27.6,1,0
10603,Noe Sushi Bar,45,11,70.19,1319.29,61.0,0.64,0,0.5,0,1
10604,Nubori Experience,37,8,63.16,787.32,42.0,0.27,0,2.7,1,0
10605,Noe Sushi Bar,69,7,48.91,784.57,44.0,0.1,0,9.5,0,1
10606,Kobe Sushi,19,7,27.03,423.85,32.0,0.34,0,8.7,0,0
10607,Noe Sushi Bar,75,8,50.7,1148.28,45.0,0.02,0,17.3,0,0
10608,Nubori Experience,73,5,66.74,837.34,37.0,0.36,1,14.6,1,0
10609,Noe Sushi Bar,99,4,47.34,491.24,52.0,0.23,0,3.8,1,1
10610,Nubori Experience,114,11,93.26,3449.6,40.0,0.3,0,1.0,1,0
10611,Noe Sushi Bar,27,10,47.67,1349.93,24.0,0.51,2,2.3,0,0
10612,Chef Choy,13,8,10.0,317.33,30.0,0.48,1,7.2,0,1
10613,Kobe Sushi,57,5,13.43,164.59,37.0,0.66,0,5.3,1,0
10614,Kobe Sushi,60,6,23.62,507.49,54.0,0.18,0,7.0,1,0
10615,Kobe Sushi,12,3,16.13,161.46,34.0,0.23,1,16.6,0,0
10616,Noe Sushi Bar,9,3,33.11,235.72,36.0,0.62,0,0.6,0,1
10617,Nubori Experience,106,6,92.15,1639.89,60.0,0.41,1,2.3,1,0
10618,Nubori Experience,92,6,75.58,1097.46,23.0,0.32,0,1.7,0,0
10619,Kobe Sushi,77,8,11.83,191.43,42.0,0.27,1,13.8,1,0
10620,Kobe Sushi,84,5,12.44,168.29,54.0,0.54,0,3.0,0,1
10621,Kobe Sushi,116,5,18.25,224.78,55.0,0.23,0,13.5,1,0
10622,Kobe Sushi,77,3,26.91,230.89,65.0,0.32,0,1.2,1,0
10623,Noe Sushi Bar,27,6,42.98,825.61,38.0,0.65,0,1.4,1,0
10624,Nubori Experience,90,10,93.12,1893.61,48.0,0.59,0,1.0,0,0
10625,Nubori Experience,63,4,67.73,483.98,20.0,0.21,0,11.7,0,1
10626,Noe Sushi Bar,93,6,29.84,542.84,60.0,0.4,0,8.8,1,0
10627,Nubori Experience,29,6,54.49,568.66,59.0,0.42,0,8.2,1,0
10628,Noe Sushi Bar,22,7,42.57,480.41,49.0,0.86,0,0.5,0,0
10629,Kobe Sushi,73,9,13.73,251.28,68.0,0.22,0,22.0,0,0
10630,Noe Sushi Bar,88,8,46.4,1473.85,20.0,0.25,1,3.1,0,0
10631,Noe Sushi Bar,106,7,42.12,734.06,39.0,0.35,0,9.8,0,0
10632,Noe Sushi Bar,19,6,44.08,713.63,26.0,0.44,0,5.0,0,1
10633,Kobe Sushi,38,4,17.47,202.58,36.0,0.49,0,1.3,0,0
10634,Kobe Sushi,95,7,20.2,445.85,44.0,0.45,0,11.8,1,0
10635,Kobe Sushi,39,10,21.85,355.41,66.0,0.49,0,3.2,0,0
10636,Nubori Experience,15,5,48.63,793.5,30.0,0.16,0,9.4,0,0
10637,Noe Sushi Bar,54,7,35.95,818.75,53.0,0.16,0,1.1,0,1
10638,Chef Choy,32,4,28.43,305.09,23.0,0.33,0,3.5,0,1
10639,Chef Choy,115,3,13.25,145.74,66.0,0.3,0,1.3,1,0
10640,Kobe Sushi,110,10,25.61,511.52,55.0,0.25,0,14.7,1,0
10641,Noe Sushi Bar,112,2,43.25,248.53,54.0,0.26,0,12.0,0,0
10642,Nubori Experience,46,6,61.88,1429.72,20.0,0.37,0,0.5,0,1
10643,Noe Sushi Bar,61,5,45.98,730.36,78.0,0.05,2,3.0,0,1
10644,Nubori Experience,93,9,71.23,1171.24,21.0,0.41,0,7.4,0,0
10645,Kobe Sushi,52,5,20.37,225.86,39.0,0.43,0,7.5,1,0
10646,Kobe Sushi,34,5,29.76,416.04,79.0,0.51,2,1.3,1,0
10647,Nubori Experience,73,4,68.14,553.24,52.0,0.52,1,0.8,0,1
10648,Nubori Experience,35,6,58.24,1324.6,37.0,0.18,0,0.5,1,1
10649,Nubori Experience,70,8,43.65,910.04,67.0,0.12,0,1.7,1,0
10650,Noe Sushi Bar,37,7,38.26,573.14,42.0,0.54,0,8.2,1,0
10651,Nubori Experience,78,6,69.92,715.78,49.0,0.5,2,14.1,1,0
10652,Nubori Experience,61,5,85.1,825.08,30.0,0.5,0,1.4,0,0
10653,Nubori Experience,111,2,57.79,252.27,60.0,0.08,0,8.8,0,0
10654,Noe Sushi Bar,114,9,52.99,1407.49,20.0,0.1,1,1.0,0,1
10655,Kobe Sushi,49,4,19.56,212.44,54.0,0.64,0,4.7,0,0
10656,Nubori Experience,9,5,46.29,882.84,36.0,0.16,1,0.5,0,1
10657,Noe Sushi Bar,19,6,60.62,1389.71,58.0,0.51,0,0.5,0,1
10658,Noe Sushi Bar,87,7,31.36,453.85,80.0,0.5,0,2.8,0,0
10659,Noe Sushi Bar,105,9,47.66,1204.87,67.0,0.42,0,3.8,0,1
10660,Noe Sushi Bar,28,9,31.06,512.42,27.0,0.61,0,4.7,0,0
10661,Noe Sushi Bar,80,7,28.96,311.93,58.0,0.53,0,9.4,0,0
10662,Kobe Sushi,26,6,12.83,278.42,33.0,0.65,0,3.1,1,0
10663,Nubori Experience,38,4,72.14,744.59,62.0,0.36,1,3.3,0,0
10664,Noe Sushi Bar,40,5,35.9,662.58,51.0,0.28,0,4.3,1,0
10665,Noe Sushi Bar,25,3,34.87,347.49,42.0,0.55,0,1.8,0,0
10666,Kobe Sushi,99,3,11.98,83.28,85.0,0.55,1,0.9,1,0
10667,Kobe Sushi,118,9,10.0,174.65,50.0,0.42,0,0.6,1,0
10668,Kobe Sushi,69,5,18.0,195.71,37.0,0.18,0,5.5,0,0
10669,Noe Sushi Bar,71,7,71.97,1665.69,60.0,0.26,0,6.4,1,0
10670,Kobe Sushi,23,6,14.46,315.64,50.0,0.21,0,1.6,0,1
10671,Nubori Experience,89,9,80.19,1669.48,37.0,0.47,0,2.6,0,1
10672,Kobe Sushi,65,4,15.42,175.53,54.0,0.23,0,0.5,0,0
10673,Kobe Sushi,22,7,25.94,504.57,68.0,0.2,0,3.1,0,1
10674,Kobe Sushi,64,7,23.62,447.49,48.0,0.27,0,9.9,0,0
10675,Kobe Sushi,117,4,10.56,75.92,23.0,0.2,0,5.2,0,0
10676,Chef Choy,68,7,25.86,394.24,20.0,0.38,0,0.5,0,0
10677,Nubori Experience,58,6,65.23,837.37,48.0,0.24,0,0.7,0,0
10678,Noe Sushi Bar,28,4,45.22,314.79,40.0,0.41,0,7.3,0,0
10679,Kobe Sushi,112,12,13.83,272.5,20.0,0.29,0,4.7,0,1
10680,Kobe Sushi,78,2,20.86,88.5,44.0,0.34,0,3.2,1,0
10681,Noe Sushi Bar,97,7,40.64,1057.3,62.0,0.36,0,5.4,1,0
10682,Nubori Experience,68,6,67.41,995.88,79.0,0.64,0,2.4,0,0
10683,Kobe Sushi,106,3,11.99,116.85,71.0,0.43,0,0.5,0,1
10684,Noe Sushi Bar,75,8,43.38,1237.42,44.0,0.21,2,6.2,1,0
10685,Noe Sushi Bar,103,9,56.7,1224.25,51.0,0.58,0,2.4,1,0
10686,Kobe Sushi,96,4,15.12,174.12,63.0,0.15,0,2.5,0,0
10687,Noe Sushi Bar,4,4,44.25,471.67,61.0,0.15,1,2.5,0,0
10688,Kobe Sushi,1,7,16.76,185.12,63.0,0.15,0,5.5,0,0
10689,Chef Choy,26,7,20.95,448.74,42.0,0.52,0,19.4,0,0
10690,Kobe Sushi,33,11,20.58,699.69,76.0,0.3,0,2.1,1,0
10691,Noe Sushi Bar,81,3,48.28,342.1,34.0,0.41,0,0.9,1,0
10692,Kobe Sushi,27,4,18.98,117.4,38.0,0.29,0,6.1,0,1
10693,Nubori Experience,42,7,48.02,1220.55,64.0,0.33,0,27.6,0,0
10694,Kobe Sushi,69,3,15.23,83.29,44.0,0.21,0,2.1,0,1
10695,Nubori Experience,71,3,95.27,808.12,65.0,0.39,0,0.5,0,1
10696,Nubori Experience,64,8,65.07,1541.05,24.0,0.15,0,6.1,0,1
10697,Nubori Experience,25,2,84.84,316.39,36.0,0.1,0,9.8,0,0
10698,Noe Sushi Bar,72,3,58.3,688.6,44.0,0.48,0,5.5,0,0
10699,Noe Sushi Bar,98,7,34.36,605.59,48.0,0.07,2,1.6,1,0
10700,Kobe Sushi,105,7,27.0,755.6,66.0,0.22,0,3.5,0,0
10701,Kobe Sushi,4,9,14.35,379.25,46.0,0.48,1,7.4,0,1
10702,Noe Sushi Bar,12,4,57.83,883.94,39.0,0.03,1,2.1,0,0
10703,Kobe Sushi,58,6,13.03,287.38,35.0,0.66,0,0.9,0,0
10704,Nubori Experience,95,7,50.62,610.68,53.0,0.54,0,0.5,1,0
10705,Kobe Sushi,11,10,18.26,525.19,33.0,0.54,0,0.6,0,0
10706,Noe Sushi Bar,101,3,45.59,373.27,58.0,0.04,0,7.2,0,0
10707,Noe Sushi Bar,108,4,53.04,357.11,26.0,0.02,0,5.6,0,1
10708,Noe Sushi Bar,59,4,26.5,402.34,32.0,0.51,2,0.5,1,0
10709,Noe Sushi Bar,117,5,20.37,382.22,51.0,0.31,2,2.6,0,0
10710,Kobe Sushi,36,9,10.0,318.47,46.0,0.22,0,8.5,0,0
10711,Noe Sushi Bar,109,6,60.66,753.19,43.0,0.14,0,2.9,0,1
10712,Kobe Sushi,22,4,17.99,251.57,35.0,0.46,1,14.9,1,0
10713,Nubori Experience,65,7,63.88,1524.82,42.0,0.12,0,1.1,0,1
10714,Chef Choy,50,8,27.4,450.47,53.0,0.43,2,0.9,0,1
10715,Nubori Experience,4,4,60.33,411.17,20.0,0.19,1,2.0,0,1
10716,Kobe Sushi,100,4,16.55,224.68,56.0,0.2,0,5.3,0,0
10717,Kobe Sushi,72,12,16.48,336.74,44.0,0.52,0,7.7,0,0
10718,Kobe Sushi,89,4,16.86,149.87,34.0,0.2,1,1.9,1,0
10719,Kobe Sushi,92,4,20.99,268.18,47.0,0.46,0,0.6,0,0
10720,Kobe Sushi,52,7,10.0,145.79,30.0,0.13,0,7.2,1,0
10721,Noe Sushi Bar,102,8,32.45,669.56,37.0,0.16,0,12.4,0,0
10722,Kobe Sushi,100,7,21.3,276.62,37.0,0.49,0,8.7,1,0
10723,Noe Sushi Bar,100,4,41.44,527.93,33.0,0.49,0,4.3,1,0
10724,Nubori Experience,43,5,71.11,844.74,55.0,0.29,1,12.0,0,1
10725,Noe Sushi Bar,105,5,36.08,271.5,34.0,0.38,0,6.8,0,0
10726,Kobe Sushi,46,6,16.53,353.45,50.0,0.28,0,6.7,0,0
10727,Kobe Sushi,4,6,26.18,450.05,38.0,0.36,0,1.0,0,1
10728,Noe Sushi Bar,13,9,41.25,784.23,39.0,0.48,0,7.4,1,0
10729,Kobe Sushi,38,7,10.0,105.81,77.0,0.42,2,12.2,0,0
10730,Noe Sushi Bar,45,7,54.55,823.82,38.0,0.19,0,1.4,1,0
10731,Kobe Sushi,25,4,10.12,103.82,40.0,0.18,0,2.4,0,1
10732,Nubori Experience,67,7,65.0,778.94,58.0,0.41,1,13.2,0,0
10733,Chef Choy,55,4,40.13,481.42,54.0,0.17,0,24.1,0,0
10734,Noe Sushi Bar,96,5,48.09,587.57,34.0,0.12,1,22.5,1,0
10735,Kobe Sushi,39,11,18.63,630.94,20.0,0.3,0,3.0,0,1
10736,Kobe Sushi,65,5,22.8,299.26,42.0,0.22,3,21.3,1,0
10737,Chef Choy,75,5,12.51,246.37,34.0,0.04,0,6.2,0,0
10738,Noe Sushi Bar,2,4,35.84,302.24,21.0,0.17,0,26.5,1,0
10739,Kobe Sushi,69,6,31.26,344.91,22.0,0.2,0,1.7,0,1
10740,Kobe Sushi,120,6,17.43,238.68,28.0,0.3,0,2.6,0,1
10741,Kobe Sushi,86,7,15.73,198.86,50.0,0.43,0,10.6,0,0
10742,Chef Choy,62,5,19.7,333.55,29.0,0.44,0,0.6,0,1
10743,Kobe Sushi,46,5,15.28,299.1,48.0,0.28,0,4.6,0,1
10744,Noe Sushi Bar,77,6,29.37,390.74,20.0,0.38,0,3.0,0,0
10745,Noe Sushi Bar,112,5,57.96,1090.83,50.0,0.2,0,6.5,1,0
10746,Noe Sushi Bar,87,6,64.15,1402.48,56.0,0.41,0,3.6,0,1
10747,Nubori Experience,111,6,61.74,1024.02,22.0,0.35,0,9.9,0,1
10748,Nubori Experience,31,8,43.13,1087.97,23.0,0.45,0,1.8,1,0
10749,Noe Sushi Bar,99,5,38.71,599.49,46.0,0.33,1,1.9,1,0
10750,Kobe Sushi,102,14,20.96,834.67,53.0,0.56,0,8.1,0,0
10751,Noe Sushi Bar,105,4,47.04,520.24,46.0,0.16,2,5.0,1,0
10752,Noe Sushi Bar,35,3,45.79,311.87,20.0,0.36,0,5.4,0,0
10753,Noe Sushi Bar,45,4,64.71,804.76,40.0,0.59,0,9.2,1,0
10754,Noe Sushi Bar,77,8,38.42,608.44,37.0,0.04,0,16.0,1,0
10755,Kobe Sushi,54,10,13.13,509.36,38.0,0.13,0,0.9,0,1
10756,Noe Sushi Bar,71,5,44.32,604.0,39.0,0.17,0,3.3,1,0
10757,Kobe Sushi,69,7,16.11,356.38,42.0,0.85,0,7.0,0,1
10758,Chef Choy,29,3,32.69,301.25,59.0,0.19,2,7.4,0,0
10759,Kobe Sushi,72,3,21.47,171.93,60.0,0.36,0,11.6,0,0
10760,Noe Sushi Bar,8,5,42.37,430.51,63.0,0.48,0,0.5,0,1
10761,Kobe Sushi,54,7,11.82,312.16,26.0,0.36,1,11.9,0,1
10762,Noe Sushi Bar,7,10,52.47,1594.75,78.0,0.29,0,2.4,0,0
10763,Noe Sushi Bar,83,7,73.08,1728.8,52.0,0.4,0,0.5,1,0
10764,Kobe Sushi,103,4,17.58,256.04,42.0,0.39,1,4.0,0,1
10765,Chef Choy,23,6,23.88,356.2,74.0,0.23,0,10.4,0,1
10766,Noe Sushi Bar,100,4,45.78,369.07,46.0,0.21,0,4.7,0,0
10767,Noe Sushi Bar,106,7,24.76,402.33,52.0,0.61,2,3.3,1,0
10768,Kobe Sushi,32,4,10.0,98.66,50.0,0.2,0,7.8,0,0
10769,Noe Sushi Bar,62,5,43.16,496.41,63.0,0.49,0,23.5,1,0
10770,Noe Sushi Bar,45,5,53.61,602.1,28.0,0.38,0,1.7,0,1
10771,Noe Sushi Bar,68,10,54.3,1056.48,45.0,0.1,0,6.0,0,0
10772,Noe Sushi Bar,30,5,42.11,361.68,48.0,0.23,0,0.5,0,1
10773,Noe Sushi Bar,115,4,63.49,656.42,43.0,0.31,0,6.8,0,1
10774,Kobe Sushi,106,4,15.26,212.18,39.0,0.06,0,2.3,1,0
10775,Kobe Sushi,39,6,18.58,188.71,44.0,0.42,0,0.8,0,1
10776,Kobe Sushi,5,8,22.63,443.1,58.0,0.32,0,24.2,0,0
10777,Kobe Sushi,67,5,10.0,150.82,51.0,0.86,0,5.5,0,1
10778,Noe Sushi Bar,22,8,41.06,1041.53,52.0,0.54,0,27.1,0,0
10779,Chef Choy,28,4,36.28,231.72,28.0,0.72,0,9.9,0,0
10780,Kobe Sushi,22,6,20.3,215.25,35.0,0.48,0,11.5,1,0
10781,Nubori Experience,86,5,46.85,362.41,20.0,0.11,2,4.0,1,0
10782,Noe Sushi Bar,98,5,46.25,689.46,55.0,0.4,0,5.1,0,0
10783,Nubori Experience,29,11,41.78,1002.31,44.0,0.44,0,4.1,0,0
10784,Noe Sushi Bar,43,3,72.29,594.7,43.0,0.71,0,4.0,1,0
10785,Noe Sushi Bar,42,5,49.18,390.12,28.0,0.43,0,1.1,0,1
10786,Kobe Sushi,60,6,15.97,146.89,37.0,0.25,0,14.0,0,0
10787,Kobe Sushi,119,9,18.69,306.7,26.0,0.22,0,7.5,1,0
10788,Kobe Sushi,77,5,25.48,385.17,60.0,0.49,0,0.6,1,0
10789,Noe Sushi Bar,71,6,44.36,450.93,23.0,0.41,0,11.6,1,0
10790,Kobe Sushi,74,3,16.07,127.68,54.0,0.41,0,4.0,1,0
10791,Chef Choy,92,8,28.4,702.95,44.0,0.36,0,1.4,0,0
10792,Kobe Sushi,68,9,24.31,512.25,60.0,0.13,0,30.0,0,1
10793,Nubori Experience,59,14,67.89,2707.6,46.0,0.3,1,5.9,1,0
10794,Kobe Sushi,96,4,16.45,102.81,33.0,0.19,0,3.6,0,1
10795,Kobe Sushi,86,9,21.15,344.01,29.0,0.29,0,2.6,0,1
10796,Kobe Sushi,84,3,10.0,47.71,45.0,0.22,0,2.4,0,1
10797,Noe Sushi Bar,112,1,76.92,288.58,34.0,0.48,0,4.4,0,1
10798,Kobe Sushi,84,4,13.52,202.84,49.0,0.1,0,3.5,0,1
10799,Chef Choy,6,7,34.36,441.49,45.0,0.07,0,2.8,0,1
10800,Kobe Sushi,73,6,19.69,247.65,55.0,0.16,0,0.5,1,0
10801,Kobe Sushi,28,6,26.06,577.36,37.0,0.04,0,11.7,0,0
10802,Nubori Experience,77,4,67.51,905.21,33.0,0.26,0,7.8,0,0
10803,Kobe Sushi,31,8,19.78,577.58,53.0,0.32,0,0.9,0,0
10804,Nubori Experience,39,6,61.55,627.2,23.0,0.26,0,4.3,0,0
10805,Nubori Experience,50,2,47.66,330.19,71.0,0.12,0,1.3,0,0
10806,Kobe Sushi,78,6,11.56,235.92,54.0,0.55,0,10.8,0,1
10807,Kobe Sushi,86,6,15.96,305.76,20.0,0.34,0,2.5,0,1
10808,Kobe Sushi,37,6,24.75,265.29,41.0,0.42,1,15.6,0,0
10809,Chef Choy,118,7,11.0,296.83,63.0,0.56,0,6.0,0,1
10810,Noe Sushi Bar,109,6,57.64,1309.47,48.0,0.47,1,12.7,1,0
10811,Noe Sushi Bar,88,5,45.97,462.49,44.0,0.33,0,5.6,0,0
10812,Chef Choy,72,5,26.68,511.52,35.0,0.2,0,3.9,0,0
10813,Kobe Sushi,15,8,20.68,464.49,41.0,0.27,0,1.7,1,0
10814,Nubori Experience,51,6,74.5,1506.62,37.0,0.23,0,7.8,0,1
10815,Noe Sushi Bar,105,7,63.65,1597.73,40.0,0.19,0,4.8,0,0
10816,Noe Sushi Bar,70,3,40.13,222.51,49.0,0.31,0,8.1,0,0
10817,Nubori Experience,23,5,56.12,928.21,45.0,0.11,0,3.2,0,0
10818,Noe Sushi Bar,25,6,44.79,484.08,29.0,0.62,0,1.2,0,1
10819,Kobe Sushi,95,10,12.2,369.55,37.0,0.08,0,9.8,0,1
10820,Noe Sushi Bar,46,8,51.49,1173.1,24.0,0.4,0,1.3,0,1
10821,Noe Sushi Bar,93,6,57.5,629.89,59.0,0.28,0,17.0,0,0
10822,Kobe Sushi,23,4,17.51,276.31,71.0,0.13,0,7.3,0,0
10823,Nubori Experience,10,6,61.82,873.97,32.0,0.07,0,8.8,0,1
10824,Kobe Sushi,73,8,25.05,740.53,30.0,0.21,2,1.9,1,0
10825,Noe Sushi Bar,113,2,50.9,332.89,44.0,0.39,1,7.9,0,0
10826,Noe Sushi Bar,77,8,38.15,558.84,36.0,0.25,0,5.6,0,0
10827,Kobe Sushi,32,6,19.4,308.37,61.0,0.32,1,0.5,0,0
10828,Nubori Experience,113,8,42.43,1012.26,57.0,0.41,0,6.2,1,0
10829,Nubori Experience,51,5,63.97,1064.19,38.0,0.57,0,5.7,0,1
10830,Noe Sushi Bar,109,6,29.3,421.43,51.0,0.37,0,7.7,1,0
10831,Kobe Sushi,41,9,10.0,189.27,38.0,0.38,1,9.9,0,1
10832,Kobe Sushi,65,10,10.0,200.26,27.0,0.43,0,12.2,0,0
10833,Kobe Sushi,65,6,18.24,356.04,57.0,0.45,0,7.4,0,1
10834,Kobe Sushi,101,4,17.78,113.54,38.0,0.23,0,16.4,1,0
10835,Noe Sushi Bar,40,4,74.27,1167.14,33.0,0.42,0,1.8,0,0
10836,Nubori Experience,18,11,69.05,1442.72,55.0,0.12,0,3.6,0,1
10837,Noe Sushi Bar,36,4,29.07,391.97,27.0,0.35,0,1.2,0,0
10838,Nubori Experience,31,4,53.02,483.21,35.0,0.34,0,16.0,0,0
10839,Noe Sushi Bar,54,9,60.41,922.58,29.0,0.59,1,15.2,0,0
10840,Noe Sushi Bar,63,6,61.43,1471.19,34.0,0.17,0,10.1,0,0
10841,Nubori Experience,1,7,68.49,813.25,32.0,0.36,0,26.0,0,0
10842,Noe Sushi Bar,111,8,56.55,1750.37,41.0,0.14,0,2.4,1,0
10843,Nubori Experience,52,4,41.35,484.05,41.0,0.16,0,18.8,0,1
10844,Kobe Sushi,100,7,17.46,385.7,34.0,0.17,0,2.8,0,1
10845,Kobe Sushi,57,5,15.08,142.17,59.0,0.33,1,0.7,0,0
10846,Nubori Experience,9,6,57.07,1294.19,48.0,0.17,0,7.5,0,0
10847,Noe Sushi Bar,86,1,52.53,173.38,43.0,0.56,0,3.5,1,0
10848,Nubori Experience,120,6,89.32,1580.78,60.0,0.24,0,15.2,0,0
10849,Nubori Experience,92,6,96.94,945.14,59.0,0.28,0,3.2,0,1
10850,Kobe Sushi,90,2,26.43,119.17,45.0,0.41,1,6.6,0,0
10851,Noe Sushi Bar,116,4,56.7,559.93,32.0,0.42,0,6.1,0,1
10852,Kobe Sushi,74,5,16.45,188.88,39.0,0.19,0,3.0,1,0
10853,Noe Sushi Bar,56,6,51.67,697.85,66.0,0.32,0,5.8,0,0
10854,Chef Choy,47,12,30.59,838.69,62.0,0.1,0,6.1,0,1
10855,Kobe Sushi,3,4,20.83,332.69,56.0,0.7,0,4.3,0,1
10856,Noe Sushi Bar,2,6,66.79,1446.72,45.0,0.18,0,4.7,0,0
10857,Noe Sushi Bar,54,5,57.28,739.37,44.0,0.31,1,7.4,0,1
10858,Kobe Sushi,37,1,20.95,35.89,48.0,0.3,0,3.2,0,0
10859,Nubori Experience,56,6,64.8,706.93,24.0,0.06,0,1.5,1,0
10860,Noe Sushi Bar,31,3,42.31,269.25,42.0,0.17,0,11.8,0,0
10861,Nubori Experience,97,6,82.82,1342.86,52.0,0.19,0,10.3,1,0
10862,Kobe Sushi,96,5,19.3,156.91,42.0,0.69,1,2.1,0,0
10863,Kobe Sushi,107,7,34.42,739.13,47.0,0.27,0,2.3,1,0
10864,Noe Sushi Bar,12,3,52.15,601.84,49.0,0.16,1,8.4,0,1
10865,Kobe Sushi,58,5,18.19,258.38,20.0,0.31,0,17.8,0,1
10866,Nubori Experience,67,4,57.37,713.67,37.0,0.31,0,11.5,0,1
10867,Kobe Sushi,119,4,19.03,127.58,29.0,0.52,0,12.9,1,0
10868,Chef Choy,112,5,37.81,568.67,41.0,0.13,0,5.0,0,1
10869,Noe Sushi Bar,26,6,27.26,621.42,58.0,0.27,0,16.4,1,0
10870,Kobe Sushi,78,6,16.99,340.29,59.0,0.3,0,0.8,0,0
10871,Kobe Sushi,12,5,18.62,284.88,55.0,0.28,0,4.4,0,1
10872,Noe Sushi Bar,116,4,77.37,1225.2,39.0,0.05,0,18.2,1,0
10873,Noe Sushi Bar,90,4,32.76,385.44,69.0,0.28,0,2.6,1,0
10874,Kobe Sushi,16,5,21.55,352.32,52.0,0.15,0,5.3,0,0
10875,Nubori Experience,53,6,73.01,1591.11,75.0,0.6,0,5.3,0,0
10876,Kobe Sushi,72,9,19.64,548.82,36.0,0.62,0,2.8,0,1
10877,Noe Sushi Bar,49,2,54.1,229.25,49.0,0.1,1,5.2,0,0
10878,Noe Sushi Bar,49,5,39.31,629.36,46.0,0.28,0,6.0,0,0
10879,Kobe Sushi,92,6,18.46,227.29,29.0,0.2,0,12.0,0,0
10880,Nubori Experience,7,3,73.29,457.13,47.0,0.14,0,0.5,0,1
10881,Kobe Sushi,15,5,10.68,122.87,40.0,0.25,2,3.6,1,0
10882,Kobe Sushi,105,6,18.5,259.2,52.0,0.31,0,4.7,0,1
10883,Kobe Sushi,36,9,12.97,422.0,48.0,0.32,0,30.0,0,0
10884,Noe Sushi Bar,72,5,75.04,973.78,44.0,0.35,0,2.3,0,0
10885,Noe Sushi Bar,74,8,18.11,471.81,61.0,0.55,0,4.3,1,0
10886,Noe Sushi Bar,15,9,40.61,1249.5,38.0,0.19,0,7.1,0,1
10887,Kobe Sushi,119,4,17.27,238.8,56.0,0.51,0,6.5,0,0
10888,Kobe Sushi,62,8,21.57,655.76,46.0,0.39,0,22.0,1,0
10889,Nubori Experience,18,2,70.77,560.8,58.0,0.47,1,14.8,0,0
10890,Kobe Sushi,46,6,25.31,505.52,40.0,0.46,0,9.4,0,0
10891,Nubori Experience,101,6,75.12,942.22,20.0,0.64,0,2.8,0,1
10892,Kobe Sushi,105,4,21.13,230.8,28.0,0.34,0,5.9,0,1
10893,Nubori Experience,109,3,70.57,719.4,33.0,0.75,0,2.7,1,1
10894,Kobe Sushi,61,4,23.53,264.39,26.0,0.51,0,14.9,0,1
10895,Noe Sushi Bar,115,7,52.17,1103.27,28.0,0.28,0,1.3,1,0
10896,Kobe Sushi,43,7,13.35,173.21,37.0,0.7,0,2.0,0,0
10897,Kobe Sushi,44,10,17.1,334.21,52.0,0.46,0,2.3,0,0
10898,Kobe Sushi,99,4,13.9,137.56,39.0,0.1,0,0.5,1,0
10899,Kobe Sushi,66,3,25.05,201.44,57.0,0.07,0,1.8,0,0
10900,Kobe Sushi,55,7,15.94,214.44,28.0,0.28,0,0.8,1,0
10901,Noe Sushi Bar,86,6,69.64,704.92,22.0,0.18,0,6.1,1,1
10902,Noe Sushi Bar,79,5,42.04,528.55,42.0,0.21,0,0.5,0,0
10903,Chef Choy,101,9,28.19,484.22,52.0,0.22,0,13.9,0,0
10904,Noe Sushi Bar,39,8,43.87,670.29,38.0,0.51,0,6.8,0,1
10905,Noe Sushi Bar,100,7,31.18,645.72,43.0,0.46,0,2.8,1,0
10906,Noe Sushi Bar,5,9,33.19,723.26,48.0,0.04,0,1.9,0,0
10907,Noe Sushi Bar,57,4,50.16,575.08,26.0,0.28,0,0.8,0,0
10908,Noe Sushi Bar,112,6,63.44,659.96,48.0,0.22,1,27.8,1,0
10909,Nubori Experience,15,6,70.53,1524.94,64.0,0.54,0,4.5,1,0
10910,Kobe Sushi,91,7,21.44,272.07,40.0,0.39,0,5.6,0,0
10911,Kobe Sushi,16,6,19.45,194.2,31.0,0.41,0,2.3,0,1
10912,Noe Sushi Bar,57,9,29.31,881.93,51.0,0.12,0,2.9,0,0
10913,Kobe Sushi,100,6,20.79,266.94,53.0,0.47,0,0.5,1,0
10914,Nubori Experience,102,4,63.95,515.81,23.0,0.85,0,16.2,0,1
10915,Nubori Experience,82,2,88.06,464.74,23.0,0.19,3,4.8,1,0
10916,Kobe Sushi,99,5,16.79,330.61,40.0,0.47,1,4.4,1,0
10917,Kobe Sushi,25,9,22.02,304.56,46.0,0.55,1,6.0,0,1
10918,Noe Sushi Bar,22,6,17.05,227.99,64.0,0.4,0,3.1,0,0
10919,Noe Sushi Bar,120,7,23.99,461.15,28.0,0.37,0,6.8,1,0
10920,Kobe Sushi,31,6,19.27,333.9,32.0,0.12,0,26.0,0,0
10921,Noe Sushi Bar,101,7,46.83,1149.71,36.0,0.4,0,0.5,0,0
10922,Noe Sushi Bar,34,4,39.47,382.82,61.0,0.28,1,4.8,1,0
10923,Kobe Sushi,87,4,22.53,343.33,70.0,0.44,0,3.3,0,1
10924,Kobe Sushi,16,9,26.52,474.56,20.0,0.56,0,4.5,0,1
10925,Chef Choy,70,4,24.34,149.37,54.0,0.66,1,4.5,1,0
10926,Kobe Sushi,59,5,15.45,190.86,57.0,0.56,0,7.4,0,0
10927,Nubori Experience,15,11,59.54,1552.65,52.0,0.08,0,8.2,1,0
10928,Noe Sushi Bar,82,3,56.8,316.82,48.0,0.21,1,2.9,1,0
10929,Noe Sushi Bar,102,3,37.75,319.91,42.0,0.33,3,1.1,1,0
10930,Nubori Experience,13,4,62.18,977.59,34.0,0.29,0,4.6,0,1
10931,Nubori Experience,24,4,36.91,542.42,57.0,0.31,0,5.9,0,1
10932,Kobe Sushi,13,6,17.01,209.12,20.0,0.24,0,3.0,0,0
10933,Kobe Sushi,65,5,15.86,249.12,28.0,0.07,0,6.6,0,0
10934,Chef Choy,112,2,18.99,105.06,29.0,0.38,0,10.9,1,0
10935,Noe Sushi Bar,36,5,38.58,594.17,49.0,0.31,0,1.1,0,0
10936,Kobe Sushi,49,8,18.38,420.06,49.0,0.52,0,10.3,0,1
10937,Nubori Experience,82,5,47.71,426.73,59.0,0.13,0,30.0,0,1
10938,Kobe Sushi,48,6,14.14,288.77,71.0,0.14,2,0.9,0,1
10939,Kobe Sushi,97,7,16.4,346.31,30.0,0.21,0,2.3,0,1
10940,Kobe Sushi,102,6,15.95,218.97,20.0,0.29,0,1.8,0,0
10941,Noe Sushi Bar,43,3,49.2,372.56,23.0,0.41,0,13.5,1,0
10942,Noe Sushi Bar,6,4,36.14,452.79,51.0,0.2,2,8.3,0,1
10943,Kobe Sushi,81,7,13.88,363.46,27.0,0.19,0,10.0,1,0
10944,Kobe Sushi,68,11,11.77,377.62,61.0,0.09,0,9.1,1,0
10945,Kobe Sushi,14,8,22.07,410.21,52.0,0.26,0,1.9,0,0
10946,Noe Sushi Bar,30,7,54.85,827.95,31.0,0.04,0,0.5,0,1
10947,Kobe Sushi,110,6,16.51,218.07,32.0,0.15,0,1.8,0,1
10948,Nubori Experience,84,9,68.91,2459.73,47.0,0.35,0,23.6,0,1
10949,Kobe Sushi,8,6,10.0,201.88,43.0,0.54,0,24.2,0,0
10950,Nubori Experience,54,4,66.24,971.07,35.0,0.57,0,5.4,0,1
10951,Kobe Sushi,66,8,18.93,291.21,47.0,0.22,1,0.5,0,0
10952,Chef Choy,101,5,25.48,397.2,54.0,0.57,0,7.8,1,0
10953,Kobe Sushi,4,4,16.94,117.49,35.0,0.58,2,1.3,1,0
10954,Kobe Sushi,74,5,11.01,203.08,47.0,0.35,0,13.3,0,0
10955,Nubori Experience,84,7,75.7,1982.72,31.0,0.31,0,1.1,0,1
10956,Nubori Experience,60,6,82.03,820.44,29.0,0.23,0,1.4,0,0
10957,Noe Sushi Bar,120,7,51.11,1321.08,43.0,0.07,0,4.6,1,0
10958,Noe Sushi Bar,53,8,50.06,1279.97,53.0,0.55,0,0.5,1,0
10959,Noe Sushi Bar,99,5,39.37,304.51,61.0,0.39,0,11.0,0,1
10960,Nubori Experience,112,8,84.03,2307.56,52.0,0.53,0,3.7,0,1
10961,Kobe Sushi,74,9,17.51,536.14,50.0,0.32,0,1.9,1,0
10962,Noe Sushi Bar,92,4,40.69,257.53,44.0,0.11,0,1.0,0,0
10963,Noe Sushi Bar,15,3,42.51,384.54,43.0,0.08,0,0.5,0,0
10964,Kobe Sushi,100,6,19.77,399.56,49.0,0.12,0,4.4,0,1
10965,Nubori Experience,1,8,85.87,1728.4,20.0,0.11,1,14.9,0,0
10966,Kobe Sushi,22,6,14.11,291.61,43.0,0.21,0,1.8,0,0
10967,Kobe Sushi,91,4,20.08,245.1,34.0,0.49,0,11.4,0,1
10968,Noe Sushi Bar,93,7,29.86,746.14,38.0,0.07,0,6.5,0,0
10969,Noe Sushi Bar,15,6,44.01,835.0,40.0,0.22,0,11.8,0,0
10970,Kobe Sushi,74,8,23.43,342.72,25.0,0.03,0,5.8,0,0
10971,Kobe Sushi,84,7,10.76,184.36,39.0,0.23,0,3.9,1,0
10972,Nubori Experience,22,8,67.53,1035.65,57.0,0.12,0,2.2,0,0
10973,Kobe Sushi,50,5,21.51,326.94,50.0,0.39,0,1.5,0,0
10974,Noe Sushi Bar,48,4,62.83,698.58,53.0,0.18,0,1.8,0,1
10975,Noe Sushi Bar,117,7,55.73,761.76,69.0,0.63,0,6.2,1,0
10976,Noe Sushi Bar,73,11,34.27,1057.03,56.0,0.45,0,7.7,0,1
10977,Nubori Experience,120,8,56.72,998.87,30.0,0.17,0,1.8,1,0
10978,Noe Sushi Bar,51,7,32.02,350.19,22.0,0.11,0,1.8,1,0
10979,Noe Sushi Bar,96,5,18.94,192.24,40.0,0.38,0,1.0,0,0
10980,Noe Sushi Bar,17,4,51.2,505.07,63.0,0.62,0,12.1,1,0
10981,Noe Sushi Bar,106,6,50.19,734.6,38.0,0.08,0,0.5,1,0
10982,Noe Sushi Bar,83,4,47.83,571.55,45.0,0.16,0,0.5,0,1
10983,Nubori Experience,104,3,68.98,710.84,28.0,0.42,0,0.5,0,0
10984,Kobe Sushi,91,4,23.22,311.23,73.0,0.41,0,4.3,1,0
10985,Kobe Sushi,51,3,25.82,273.02,52.0,0.49,0,5.6,0,0
10986,Kobe Sushi,37,8,22.48,498.4,20.0,0.78,0,3.1,0,1
10987,Kobe Sushi,98,8,17.53,218.6,64.0,0.31,0,5.8,0,0
10988,Kobe Sushi,111,6,18.43,172.11,58.0,0.41,0,6.7,1,0
10989,Nubori Experience,49,6,59.49,1159.04,22.0,0.56,0,8.7,0,0
10990,Noe Sushi Bar,59,5,47.21,648.65,36.0,0.61,0,0.8,1,0
10991,Noe Sushi Bar,10,5,25.82,328.5,27.0,0.33,0,8.1,0,0
10992,Noe Sushi Bar,30,6,55.19,1057.26,45.0,0.28,1,11.1,0,1
10993,Nubori Experience,85,7,63.47,1623.32,50.0,0.7,0,2.4,0,1
10994,Noe Sushi Bar,21,6,40.1,522.47,56.0,0.15,0,17.1,0,0
10995,Nubori Experience,118,8,69.23,1541.07,51.0,0.65,0,0.5,1,0
10996,Kobe Sushi,34,4,12.46,142.02,24.0,0.55,0,3.7,0,0
10997,Nubori Experience,73,3,86.33,869.78,40.0,0.2,0,8.6,0,1
10998,Noe Sushi Bar,98,6,42.25,394.82,62.0,0.11,1,4.2,1,0
10999,Kobe Sushi,50,4,16.76,220.56,41.0,0.29,1,30.0,0,0
11000,Noe Sushi Bar,76,6,30.69,572.09,28.0,0.12,0,2.8,0,1
11001,Noe Sushi Bar,47,3,47.52,373.41,50.0,0.16,0,0.7,0,1
11002,Kobe Sushi,85,7,23.84,415.32,32.0,0.45,0,3.0,0,0
11003,Noe Sushi Bar,84,4,32.31,403.6,29.0,0.18,1,2.1,0,1
11004,Kobe Sushi,6,5,13.66,252.19,46.0,0.13,0,1.3,0,1
11005,Kobe Sushi,50,4,16.73,260.67,55.0,0.28,0,3.3,1,0
11006,Nubori Experience,109,8,70.13,2171.99,29.0,0.37,1,3.3,1,0
11007,Noe Sushi Bar,100,4,53.66,716.82,65.0,0.44,0,7.9,0,1
11008,Nubori Experience,63,4,50.58,376.7,63.0,0.47,0,5.3,0,1
11009,Noe Sushi Bar,12,5,55.81,814.37,77.0,0.06,0,4.8,0,1
11010,Kobe Sushi,41,7,10.28,154.8,43.0,0.33,1,6.0,0,0
11011,Noe Sushi Bar,31,11,52.79,1325.69,66.0,0.6,0,10.4,1,0
11012,Noe Sushi Bar,2,5,50.51,589.71,44.0,0.21,0,2.8,0,0
11013,Nubori Experience,16,6,74.78,1774.81,56.0,0.29,0,9.1,0,1
11014,Kobe Sushi,1,12,13.01,449.19,25.0,0.27,0,9.7,0,1
11015,Nubori Experience,4,9,82.97,2788.86,42.0,0.16,0,2.0,0,1
11016,Nubori Experience,47,5,80.23,1001.1,72.0,0.23,1,2.0,1,0
11017,Noe Sushi Bar,116,7,32.47,490.71,56.0,0.29,0,10.3,1,0
11018,Nubori Experience,65,3,78.74,506.56,49.0,0.34,0,15.5,0,0
11019,Kobe Sushi,52,4,13.6,143.76,50.0,0.23,0,10.7,0,0
11020,Nubori Experience,47,5,43.08,530.45,47.0,0.36,0,3.1,1,0
11021,Noe Sushi Bar,99,7,44.4,498.47,50.0,0.25,0,12.7,1,0
11022,Kobe Sushi,77,3,18.11,150.43,28.0,0.15,0,8.1,0,0
11023,Nubori Experience,50,7,42.0,471.74,49.0,0.02,2,1.6,0,0
11024,Noe Sushi Bar,45,4,32.71,213.64,21.0,0.13,1,7.9,0,0
11025,Noe Sushi Bar,42,7,46.36,1100.13,20.0,0.55,1,6.3,0,1
11026,Noe Sushi Bar,95,4,55.04,494.38,49.0,0.43,0,3.5,0,1
11027,Kobe Sushi,84,5,13.71,268.48,55.0,0.14,0,10.0,0,1
11028,Noe Sushi Bar,56,4,46.55,727.74,28.0,0.58,0,13.1,1,0
11029,Nubori Experience,71,5,45.88,541.91,64.0,0.27,0,0.7,0,0
11030,Kobe Sushi,57,5,12.16,238.77,43.0,0.26,0,9.6,1,0
11031,Kobe Sushi,104,10,21.92,872.87,55.0,0.1,0,4.4,0,0
11032,Kobe Sushi,33,4,21.39,243.96,50.0,0.42,0,14.2,0,0
11033,Noe Sushi Bar,28,6,45.08,805.92,44.0,0.34,0,6.0,0,1
11034,Noe Sushi Bar,114,7,30.41,539.88,53.0,0.08,2,5.5,0,1
11035,Chef Choy,44,3,27.33,147.52,28.0,0.18,0,4.7,0,1
11036,Nubori Experience,114,4,38.7,393.15,87.0,0.76,1,1.4,1,0
11037,Noe Sushi Bar,56,7,63.35,1229.72,39.0,0.88,0,1.3,0,0
11038,Kobe Sushi,44,6,24.21,402.21,47.0,0.24,0,0.5,0,0
11039,Nubori Experience,84,6,92.2,1856.11,25.0,0.43,0,4.5,1,0
11040,Chef Choy,96,7,17.65,278.93,23.0,0.45,0,0.5,0,1
11041,Noe Sushi Bar,73,4,59.5,592.71,45.0,0.13,0,7.3,1,0
11042,Noe Sushi Bar,34,7,50.23,712.8,30.0,0.04,1,0.8,0,0
11043,Nubori Experience,14,6,43.64,766.24,72.0,0.71,0,5.2,0,0
11044,Noe Sushi Bar,68,6,38.32,898.22,70.0,0.16,0,1.9,0,1
11045,Kobe Sushi,29,8,14.97,385.71,69.0,0.49,0,0.6,1,0
11046,Noe Sushi Bar,79,5,63.49,1217.77,43.0,0.3,0,4.5,0,1
11047,Kobe Sushi,17,5,17.0,297.76,86.0,0.39,0,2.6,0,0
11048,Kobe Sushi,83,5,15.76,134.2,48.0,0.59,2,9.2,1,0
11049,Noe Sushi Bar,102,7,59.43,752.53,56.0,0.38,0,2.7,0,1
11050,Kobe Sushi,9,9,30.02,657.33,41.0,0.58,1,2.4,1,0
11051,Kobe Sushi,27,9,24.2,588.35,38.0,0.37,0,3.7,0,0
11052,Kobe Sushi,49,2,24.74,150.26,35.0,0.47,0,0.5,0,1
11053,Noe Sushi Bar,79,5,45.46,480.04,54.0,0.35,0,7.5,1,0
11054,Nubori Experience,37,3,52.23,300.9,25.0,0.38,0,5.7,0,1
11055,Nubori Experience,28,6,62.93,1420.27,47.0,0.27,0,10.4,0,1
11056,Kobe Sushi,50,5,19.81,168.8,43.0,0.61,0,0.5,0,1
11057,Noe Sushi Bar,55,13,50.81,2526.91,40.0,0.07,0,1.1,0,1
11058,Nubori Experience,4,4,78.57,734.45,71.0,0.29,0,7.4,0,0
11059,Kobe Sushi,85,8,15.69,364.39,36.0,0.53,1,0.5,1,0
11060,Noe Sushi Bar,120,5,23.76,244.8,72.0,0.39,0,8.6,1,0
11061,Chef Choy,98,8,22.31,495.39,52.0,0.33,0,14.5,1,0
11062,Kobe Sushi,19,6,18.45,295.43,22.0,0.38,0,1.6,0,1
11063,Nubori Experience,37,7,78.4,1667.15,65.0,0.7,1,0.6,1,0
11064,Nubori Experience,4,7,60.97,770.78,59.0,0.45,0,4.4,0,0
11065,Kobe Sushi,37,5,17.55,322.95,20.0,0.12,2,8.4,0,1
11066,Kobe Sushi,51,1,19.25,50.95,47.0,0.16,0,1.9,0,0
11067,Kobe Sushi,32,7,10.53,204.7,52.0,0.37,0,5.2,0,1
11068,Kobe Sushi,45,6,10.03,119.87,44.0,0.07,0,20.3,0,0
11069,Noe Sushi Bar,112,3,65.87,666.39,31.0,0.3,0,0.6,1,0
11070,Noe Sushi Bar,12,6,48.66,1081.62,45.0,0.76,0,3.7,0,1
11071,Kobe Sushi,41,3,27.37,230.85,31.0,0.03,0,2.0,1,0
11072,Nubori Experience,56,5,63.31,495.48,57.0,0.4,0,2.2,0,1
11073,Kobe Sushi,80,3,16.76,149.74,86.0,0.2,0,0.5,1,0
11074,Kobe Sushi,14,13,14.17,392.12,62.0,0.18,0,8.5,0,1
11075,Kobe Sushi,54,3,16.8,184.0,70.0,0.33,0,0.8,0,1
11076,Noe Sushi Bar,63,7,71.51,1197.31,38.0,0.12,1,2.3,0,1
11077,Noe Sushi Bar,65,7,27.27,760.91,42.0,0.1,1,12.9,1,0
11078,Kobe Sushi,116,5,10.12,77.89,37.0,0.28,0,15.6,1,0
11079,Kobe Sushi,119,8,17.65,228.97,20.0,0.43,0,1.1,0,1
11080,Nubori Experience,58,8,80.59,1563.25,38.0,0.36,0,6.1,0,0
11081,Nubori Experience,96,9,81.29,2574.65,25.0,0.03,0,0.5,0,1
11082,Kobe Sushi,21,7,13.81,334.24,47.0,0.35,0,8.9,0,1
11083,Kobe Sushi,4,5,12.15,209.58,38.0,0.13,0,6.6,0,0
11084,Noe Sushi Bar,73,8,35.91,808.94,57.0,0.54,0,2.8,1,0
11085,Noe Sushi Bar,120,7,50.14,745.41,48.0,0.33,0,2.4,0,1
11086,Kobe Sushi,115,7,13.38,344.91,74.0,0.46,0,1.5,1,0
11087,Nubori Experience,46,6,41.08,816.99,43.0,0.25,0,3.3,0,1
11088,Noe Sushi Bar,86,5,41.28,358.34,63.0,0.4,0,1.9,0,1
11089,Noe Sushi Bar,12,2,47.18,325.51,42.0,0.37,1,1.8,0,1
11090,Noe Sushi Bar,30,7,32.94,851.09,74.0,0.07,0,3.1,0,0
11091,Nubori Experience,94,6,77.96,1318.51,43.0,0.64,1,4.3,1,0
11092,Chef Choy,96,11,15.26,260.5,29.0,0.35,0,3.0,1,0
11093,Kobe Sushi,60,7,13.39,226.86,54.0,0.38,0,17.0,0,0
11094,Kobe Sushi,100,4,19.27,146.67,48.0,0.04,0,1.3,0,0
11095,Noe Sushi Bar,71,8,68.32,1126.85,62.0,0.55,3,3.0,0,1
11096,Kobe Sushi,81,6,11.56,246.14,47.0,0.22,0,4.2,1,0
11097,Noe Sushi Bar,65,4,44.35,687.26,41.0,0.1,0,0.5,0,0
11098,Nubori Experience,14,8,73.01,1341.58,53.0,0.37,0,2.1,0,0
11099,Noe Sushi Bar,111,9,51.08,1075.07,31.0,0.37,0,3.3,0,0
11100,Nubori Experience,44,10,66.96,2232.65,34.0,0.05,0,26.0,0,0
11101,Kobe Sushi,108,8,13.37,277.37,52.0,0.43,0,14.2,1,0
11102,Nubori Experience,102,8,67.5,1854.02,31.0,0.33,0,3.5,0,1
11103,Chef Choy,26,8,27.53,721.8,55.0,0.34,0,5.7,0,1
11104,Kobe Sushi,91,3,10.0,93.54,43.0,0.26,0,9.8,0,0
11105,Noe Sushi Bar,109,5,45.2,654.42,45.0,0.1,0,5.5,1,0
11106,Kobe Sushi,16,7,22.81,316.16,54.0,0.29,0,11.1,0,0
11107,Chef Choy,110,7,18.0,463.88,35.0,0.48,0,0.5,1,0
11108,Noe Sushi Bar,7,12,44.66,1689.25,45.0,0.24,1,14.3,0,1
11109,Kobe Sushi,32,6,20.84,219.97,46.0,0.13,0,12.1,1,0
11110,Noe Sushi Bar,89,3,50.48,348.67,61.0,0.59,3,1.1,1,0
11111,Noe Sushi Bar,95,7,47.6,971.21,21.0,0.23,0,22.5,1,0
11112,Kobe Sushi,16,7,17.35,213.57,41.0,0.65,0,4.6,0,1
11113,Kobe Sushi,119,6,26.97,253.4,67.0,0.21,0,7.2,0,1
11114,Noe Sushi Bar,105,5,42.72,423.94,46.0,0.29,0,1.3,1,0
11115,Noe Sushi Bar,78,4,50.57,470.59,34.0,0.11,0,8.4,1,0
11116,Nubori Experience,89,5,65.48,1097.27,43.0,0.25,1,18.5,0,1
11117,Nubori Experience,62,5,59.13,761.95,32.0,0.21,0,5.8,0,1
11118,Noe Sushi Bar,30,4,53.4,353.11,28.0,0.26,0,5.5,0,1
11119,Chef Choy,120,7,16.0,342.16,29.0,0.44,0,6.8,1,0
11120,Noe Sushi Bar,71,8,43.4,1158.38,41.0,0.55,1,0.7,1,1
11121,Noe Sushi Bar,12,4,34.58,238.54,48.0,0.22,1,9.3,0,0
11122,Kobe Sushi,67,7,14.83,323.61,38.0,0.31,0,1.4,0,0
11123,Kobe Sushi,91,5,19.68,238.49,39.0,0.18,0,4.3,0,0
11124,Noe Sushi Bar,46,5,57.89,1019.87,46.0,0.33,0,0.7,0,0
11125,Kobe Sushi,83,2,20.23,125.09,41.0,0.42,0,0.6,0,1
11126,Noe Sushi Bar,43,3,33.68,303.51,39.0,0.46,0,11.4,0,1
11127,Nubori Experience,101,4,49.95,520.08,44.0,0.45,0,0.6,0,0
11128,Kobe Sushi,55,6,11.19,137.94,33.0,0.76,2,20.9,0,0
11129,Noe Sushi Bar,45,4,46.72,288.95,63.0,0.22,0,20.8,0,0
11130,Nubori Experience,60,8,86.21,1823.52,46.0,0.15,0,2.3,0,0
11131,Chef Choy,106,5,15.87,192.91,49.0,0.56,0,3.0,1,0
11132,Kobe Sushi,71,5,20.58,217.38,45.0,0.33,0,1.5,0,1
11133,Kobe Sushi,113,4,18.85,248.75,31.0,0.28,0,2.5,1,0
11134,Noe Sushi Bar,80,6,62.32,1410.38,55.0,0.15,0,4.0,1,1
11135,Noe Sushi Bar,32,9,45.63,1015.64,65.0,0.47,0,1.1,0,1
11136,Kobe Sushi,8,7,10.0,185.06,45.0,0.4,0,8.5,0,1
11137,Kobe Sushi,113,6,26.95,549.08,78.0,0.45,1,2.7,0,0
11138,Nubori Experience,77,1,56.47,158.5,29.0,0.24,0,0.5,1,0
11139,Noe Sushi Bar,62,9,50.3,1497.14,21.0,0.32,0,13.6,0,0
11140,Nubori Experience,75,5,47.4,834.63,37.0,0.42,0,0.5,0,1
11141,Chef Choy,20,6,35.28,507.37,41.0,0.42,0,16.7,1,0
11142,Nubori Experience,18,7,72.91,1839.79,34.0,0.26,0,24.5,0,0
11143,Kobe Sushi,101,4,13.84,186.72,36.0,0.51,0,1.9,1,0
11144,Chef Choy,6,6,13.89,273.69,20.0,0.38,0,17.6,0,0
11145,Kobe Sushi,84,7,21.39,415.57,56.0,0.3,0,12.6,0,0
11146,Noe Sushi Bar,96,6,41.99,817.9,74.0,0.3,0,28.5,1,0
11147,Noe Sushi Bar,110,4,44.32,684.01,45.0,0.23,2,2.2,0,0
11148,Kobe Sushi,108,4,16.63,181.44,35.0,0.13,0,9.2,0,0
11149,Nubori Experience,29,4,78.91,1033.75,38.0,0.4,3,17.4,1,0
11150,Nubori Experience,4,12,48.73,2029.13,68.0,0.48,0,1.1,0,0
11151,Kobe Sushi,71,6,11.04,114.82,42.0,0.25,0,1.6,0,1
11152,Noe Sushi Bar,43,9,57.02,1307.74,44.0,0.42,0,10.7,1,0
11153,Kobe Sushi,84,9,20.22,346.17,50.0,0.25,0,0.7,0,1
11154,Noe Sushi Bar,34,6,52.76,1199.06,67.0,0.06,0,2.7,0,1
11155,Nubori Experience,100,6,57.9,1222.93,43.0,0.3,1,4.4,0,0
11156,Kobe Sushi,71,5,20.95,254.55,41.0,0.23,0,15.2,0,1
11157,Nubori Experience,33,5,85.85,970.69,28.0,0.03,0,17.9,0,0
11158,Kobe Sushi,15,5,15.23,238.42,39.0,0.41,0,5.9,0,1
11159,Noe Sushi Bar,116,3,43.7,462.46,62.0,0.48,0,5.2,0,0
11160,Noe Sushi Bar,96,3,50.25,305.97,39.0,0.17,3,4.6,1,0
11161,Kobe Sushi,86,4,10.0,124.55,50.0,0.38,0,10.0,0,1
11162,Kobe Sushi,120,4,23.01,156.57,22.0,0.17,0,3.1,0,0
11163,Nubori Experience,40,8,49.28,834.88,41.0,0.18,0,8.6,0,0
11164,Chef Choy,93,5,15.2,290.47,42.0,0.68,0,0.5,0,0
11165,Kobe Sushi,89,3,21.49,216.81,46.0,0.54,0,3.7,0,1
11166,Noe Sushi Bar,5,5,28.07,371.74,78.0,0.07,1,10.0,0,0
11167,Kobe Sushi,78,5,18.44,179.02,33.0,0.49,0,2.3,0,0
11168,Kobe Sushi,50,5,16.54,178.15,43.0,0.55,2,0.5,0,0
11169,Noe Sushi Bar,99,9,41.68,970.9,45.0,0.0,0,5.0,0,1
11170,Kobe Sushi,66,4,22.8,162.47,44.0,0.17,0,16.1,0,0
11171,Nubori Experience,89,7,85.13,1254.09,51.0,0.32,0,5.8,0,0
11172,Noe Sushi Bar,54,5,54.5,845.29,75.0,0.61,0,3.8,0,1
11173,Nubori Experience,80,4,39.63,575.87,55.0,0.17,0,0.5,0,1
11174,Noe Sushi Bar,46,6,48.52,1021.07,63.0,0.07,1,16.7,1,0
11175,Nubori Experience,80,6,44.29,735.47,37.0,0.54,1,0.5,1,0
11176,Noe Sushi Bar,11,5,44.08,351.83,58.0,0.32,0,8.7,0,1
11177,Noe Sushi Bar,49,6,42.22,769.67,21.0,0.23,0,0.9,0,1
11178,Nubori Experience,99,6,58.65,958.58,59.0,0.62,0,4.3,0,1
11179,Noe Sushi Bar,23,10,34.64,1191.5,41.0,0.15,0,3.2,0,0
11180,Kobe Sushi,55,8,21.21,336.87,49.0,0.49,0,0.5,0,1
11181,Noe Sushi Bar,5,8,40.04,1161.31,54.0,0.04,0,0.7,0,0
11182,Nubori Experience,64,8,106.09,2972.55,60.0,0.43,0,7.9,1,0
11183,Chef Choy,35,9,28.37,470.72,42.0,0.21,0,14.8,0,1
11184,Noe Sushi Bar,93,3,40.64,476.62,90.0,0.35,0,13.3,1,0
11185,Noe Sushi Bar,111,7,65.6,1002.24,59.0,0.13,0,17.1,1,0
11186,Nubori Experience,119,6,44.72,405.79,38.0,0.06,0,2.7,1,0
11187,Kobe Sushi,69,6,14.43,321.53,61.0,0.29,0,5.3,0,0
11188,Noe Sushi Bar,54,4,17.69,119.61,42.0,0.54,0,2.3,0,1
11189,Kobe Sushi,3,5,13.24,146.05,38.0,0.54,0,9.8,0,0
11190,Noe Sushi Bar,6,4,52.26,429.64,34.0,0.48,0,5.6,0,0
11191,Noe Sushi Bar,87,7,47.43,653.51,54.0,0.18,0,17.5,0,0
11192,Kobe Sushi,110,7,13.74,276.99,51.0,0.77,0,2.5,0,1
11193,Kobe Sushi,56,7,14.64,353.38,43.0,0.1,0,1.4,1,0
11194,Noe Sushi Bar,2,5,54.41,664.24,66.0,0.39,0,5.5,0,0
11195,Kobe Sushi,82,6,24.52,337.19,20.0,0.66,0,2.4,0,1
11196,Kobe Sushi,94,6,10.0,159.47,20.0,0.7,0,0.9,1,0
11197,Nubori Experience,38,8,72.05,1484.12,56.0,0.33,0,1.9,0,0
11198,Kobe Sushi,56,4,14.9,198.55,26.0,0.24,0,2.0,1,0
11199,Noe Sushi Bar,5,3,65.51,565.5,56.0,0.24,0,5.3,0,0
11200,Nubori Experience,46,4,51.81,622.15,28.0,0.29,0,1.4,1,0
11201,Kobe Sushi,113,3,22.5,153.01,35.0,0.12,0,4.1,1,0
11202,Kobe Sushi,11,4,18.51,240.59,43.0,0.1,0,3.2,0,1
11203,Noe Sushi Bar,65,8,48.09,649.13,45.0,0.22,0,3.4,0,1
11204,Chef Choy,10,5,26.77,530.75,38.0,0.67,0,10.3,0,0
11205,Nubori Experience,41,4,100.4,604.44,41.0,0.19,0,19.0,0,1
11206,Nubori Experience,116,6,58.67,685.04,42.0,0.67,0,3.0,0,1
11207,Chef Choy,44,8,20.96,276.34,43.0,0.48,0,4.5,0,1
11208,Kobe Sushi,90,4,20.02,178.03,38.0,0.32,1,0.8,0,0
11209,Kobe Sushi,33,4,24.19,340.02,52.0,0.39,0,4.5,0,1
11210,Kobe Sushi,91,8,15.14,200.05,53.0,0.6,0,5.9,1,0
11211,Kobe Sushi,56,8,20.96,276.42,44.0,0.16,0,2.6,1,0
11212,Noe Sushi Bar,114,5,64.78,574.98,39.0,0.46,0,9.0,1,1
11213,Noe Sushi Bar,12,8,43.2,1368.0,49.0,0.46,0,5.7,0,1
11214,Kobe Sushi,2,6,16.15,230.46,40.0,0.22,1,6.0,0,0
11215,Nubori Experience,1,5,84.98,920.44,20.0,0.5,0,6.0,0,1
11216,Kobe Sushi,65,9,12.56,196.2,63.0,0.52,0,1.1,0,0
11217,Noe Sushi Bar,33,7,45.25,502.33,44.0,0.59,2,9.0,1,0
11218,Noe Sushi Bar,86,8,48.33,1443.31,63.0,0.27,0,3.5,0,0
11219,Noe Sushi Bar,76,3,30.03,330.33,29.0,0.12,0,1.0,0,0
11220,Noe Sushi Bar,103,8,47.88,894.8,43.0,0.16,0,0.5,0,0
11221,Kobe Sushi,36,5,11.98,232.05,40.0,0.14,0,0.6,0,1
11222,Noe Sushi Bar,21,3,34.55,161.73,50.0,0.34,0,0.5,0,1
11223,Chef Choy,84,3,33.95,385.98,47.0,0.09,0,3.1,0,1
11224,Nubori Experience,36,7,43.68,551.78,20.0,0.19,1,17.6,1,0
11225,Noe Sushi Bar,26,4,38.42,560.87,57.0,0.39,1,6.4,1,0
11226,Noe Sushi Bar,47,6,54.66,1265.41,54.0,0.2,0,5.0,0,0
11227,Noe Sushi Bar,95,7,37.98,521.42,53.0,0.48,0,2.4,0,1
11228,Nubori Experience,1,8,50.28,1528.1,45.0,0.83,0,9.8,0,1
11229,Kobe Sushi,38,4,17.39,138.8,53.0,0.46,0,8.7,1,0
11230,Noe Sushi Bar,14,4,54.99,853.82,45.0,0.19,0,0.6,0,1
11231,Chef Choy,90,8,18.74,524.28,25.0,0.27,0,1.6,0,1
11232,Noe Sushi Bar,46,7,61.07,843.97,52.0,0.37,3,8.2,1,0
11233,Kobe Sushi,42,8,17.55,392.66,62.0,0.26,0,21.2,1,0
11234,Noe Sushi Bar,7,5,40.55,316.14,29.0,0.33,1,0.5,0,1
11235,Kobe Sushi,55,7,13.94,274.87,50.0,0.62,1,15.8,1,0
11236,Noe Sushi Bar,56,6,41.33,517.85,52.0,0.39,0,0.5,0,1
11237,Noe Sushi Bar,119,4,64.39,514.07,44.0,0.65,0,1.6,0,1
11238,Nubori Experience,118,5,85.75,1350.45,52.0,0.33,1,3.4,0,0
11239,Noe Sushi Bar,76,8,36.96,772.06,30.0,0.16,1,0.5,0,0
11240,Kobe Sushi,63,5,19.12,245.11,34.0,0.27,0,13.1,1,0
11241,Kobe Sushi,24,6,17.44,333.79,38.0,0.47,0,1.0,1,0
11242,Nubori Experience,83,6,63.44,1028.59,64.0,0.39,0,5.3,0,0
11243,Kobe Sushi,73,13,13.19,548.75,54.0,0.15,0,1.7,0,1
11244,Noe Sushi Bar,99,6,23.01,511.68,20.0,0.56,1,13.9,0,1
11245,Kobe Sushi,4,7,19.67,430.68,53.0,0.12,0,5.6,0,1
11246,Chef Choy,109,6,15.17,176.81,64.0,0.41,0,0.5,0,0
11247,Noe Sushi Bar,42,6,45.05,992.61,64.0,0.17,0,4.7,0,1
11248,Kobe Sushi,96,5,18.6,213.29,61.0,0.22,0,8.3,1,0
11249,Kobe Sushi,110,8,17.77,353.84,38.0,0.43,1,1.1,0,1
11250,Nubori Experience,70,4,82.8,662.59,27.0,0.29,0,4.0,1,0
11251,Noe Sushi Bar,28,2,41.66,290.12,53.0,0.6,0,12.3,0,0
11252,Noe Sushi Bar,92,6,51.6,634.9,57.0,0.87,2,12.7,0,0
11253,Nubori Experience,40,7,66.09,1068.25,60.0,0.24,0,4.1,0,0
11254,Nubori Experience,51,7,74.82,1389.32,64.0,0.79,0,2.0,0,1
11255,Kobe Sushi,29,5,23.46,323.88,36.0,0.45,0,5.2,0,1
11256,Nubori Experience,42,5,75.65,863.65,44.0,0.18,0,9.5,0,0
11257,Kobe Sushi,118,3,15.87,172.28,26.0,0.11,0,0.5,1,0
11258,Kobe Sushi,69,7,24.82,328.39,47.0,0.26,0,1.7,1,0
11259,Nubori Experience,5,5,49.85,407.29,48.0,0.37,0,0.5,0,1
11260,Kobe Sushi,101,11,16.97,424.97,26.0,0.49,0,6.4,0,1
11261,Kobe Sushi,41,11,17.84,646.99,42.0,0.23,0,5.8,1,0
11262,Kobe Sushi,61,7,10.0,178.0,38.0,0.56,1,3.3,0,1
11263,Noe Sushi Bar,55,7,49.12,1242.4,43.0,0.41,0,0.5,0,0
11264,Noe Sushi Bar,28,7,46.73,573.38,42.0,0.67,0,11.5,1,0
11265,Noe Sushi Bar,41,4,42.88,369.48,51.0,0.02,0,5.5,0,0
11266,Nubori Experience,111,7,72.42,1643.91,43.0,0.69,3,22.1,1,0
11267,Noe Sushi Bar,9,6,40.0,851.29,31.0,0.4,0,0.9,0,1
11268,Kobe Sushi,29,6,17.8,359.91,54.0,0.19,0,0.7,0,0
11269,Nubori Experience,78,7,70.41,771.75,61.0,0.59,1,8.1,0,0
11270,Kobe Sushi,38,8,16.57,485.26,45.0,0.51,0,5.3,0,0
11271,Kobe Sushi,62,8,22.6,448.93,52.0,0.31,0,13.3,0,1
11272,Kobe Sushi,54,4,18.66,131.63,60.0,0.52,0,2.4,1,0
11273,Noe Sushi Bar,52,7,37.36,604.9,50.0,0.5,0,4.9,0,0
11274,Kobe Sushi,104,6,16.75,154.06,51.0,0.17,0,13.1,0,0
11275,Kobe Sushi,34,6,15.48,178.7,33.0,0.14,0,6.3,0,0
11276,Kobe Sushi,37,6,18.68,438.27,33.0,0.32,0,13.6,0,0
11277,Kobe Sushi,49,4,24.9,236.84,46.0,0.58,0,1.7,0,1
11278,Noe Sushi Bar,42,6,44.42,723.07,80.0,0.11,0,1.2,0,0
11279,Nubori Experience,14,6,64.05,786.82,25.0,0.41,0,5.0,0,0
11280,Chef Choy,82,6,25.97,555.08,71.0,0.07,0,25.8,1,0
11281,Kobe Sushi,33,3,21.02,219.95,59.0,0.14,0,5.0,0,0
11282,Kobe Sushi,118,2,26.29,110.35,66.0,0.19,0,2.1,0,0
11283,Nubori Experience,98,8,50.73,925.33,39.0,0.1,1,1.1,1,0
11284,Kobe Sushi,92,6,20.73,470.37,47.0,0.4,2,13.8,1,0
11285,Nubori Experience,100,9,77.76,2605.99,38.0,0.16,0,5.4,0,1
11286,Kobe Sushi,109,6,22.14,338.8,56.0,0.65,0,2.1,0,1
11287,Nubori Experience,112,5,42.24,763.98,20.0,0.43,0,30.0,0,1
11288,Kobe Sushi,101,6,27.94,563.64,56.0,0.59,0,1.6,0,1
11289,Noe Sushi Bar,87,4,42.97,593.15,52.0,0.46,0,3.7,1,0
11290,Noe Sushi Bar,106,4,40.78,283.52,44.0,0.11,0,26.4,0,0
11291,Noe Sushi Bar,17,7,33.2,572.82,35.0,0.24,0,3.2,0,0
11292,Kobe Sushi,75,4,16.28,182.2,57.0,0.5,0,3.1,0,0
11293,Noe Sushi Bar,32,3,32.09,159.38,63.0,0.2,0,3.2,0,0
11294,Noe Sushi Bar,101,10,40.04,1573.69,36.0,0.28,0,2.8,0,1
11295,Kobe Sushi,79,4,15.65,201.62,60.0,0.15,0,2.7,0,1
11296,Kobe Sushi,68,4,13.53,140.39,41.0,0.49,0,9.0,0,0
11297,Noe Sushi Bar,39,8,73.26,1321.41,25.0,0.13,0,5.1,0,1
11298,Kobe Sushi,94,3,26.2,124.97,50.0,0.27,0,1.0,0,1
11299,Noe Sushi Bar,10,9,55.58,1441.94,31.0,0.14,0,1.9,0,0
11300,Kobe Sushi,87,6,16.22,193.02,32.0,0.32,0,5.9,0,0
11301,Noe Sushi Bar,24,7,53.72,1285.24,62.0,0.39,0,2.2,0,1
11302,Kobe Sushi,100,6,21.05,498.96,65.0,0.39,0,2.3,0,1
11303,Noe Sushi Bar,116,6,33.99,485.46,38.0,0.23,0,8.4,0,0
11304,Kobe Sushi,58,3,14.09,70.72,63.0,0.22,0,3.8,0,1
11305,Kobe Sushi,69,2,20.66,77.44,60.0,0.11,0,1.8,0,1
11306,Kobe Sushi,101,9,16.98,392.71,41.0,0.39,0,0.6,0,0
11307,Nubori Experience,107,4,48.04,569.1,43.0,0.4,0,2.5,0,1
11308,Kobe Sushi,64,9,21.3,685.52,59.0,0.4,0,2.2,0,1
11309,Noe Sushi Bar,19,7,44.91,878.12,43.0,0.4,0,11.8,1,0
11310,Kobe Sushi,101,3,17.21,163.3,34.0,0.27,0,1.4,0,0
11311,Kobe Sushi,117,6,16.21,225.86,51.0,0.28,0,5.1,0,0
11312,Noe Sushi Bar,8,7,29.7,815.44,55.0,0.45,0,6.7,0,1
11313,Noe Sushi Bar,71,7,50.84,787.3,20.0,0.34,1,11.6,0,0
11314,Nubori Experience,40,5,47.96,756.84,36.0,0.17,0,4.3,0,1
11315,Nubori Experience,13,8,80.34,1375.66,51.0,0.32,1,13.9,1,1
11316,Chef Choy,101,7,21.71,287.2,48.0,0.6,0,1.0,1,0
11317,Noe Sushi Bar,27,5,43.54,868.59,20.0,0.45,0,4.1,0,0
11318,Noe Sushi Bar,82,2,67.11,349.8,69.0,0.11,0,0.5,0,0
11319,Kobe Sushi,88,7,22.4,551.13,50.0,0.4,0,0.7,0,1
11320,Nubori Experience,105,4,44.91,283.25,23.0,0.4,2,2.1,1,1
11321,Noe Sushi Bar,2,5,43.26,497.91,38.0,0.34,0,4.2,0,1
11322,Noe Sushi Bar,16,4,54.88,451.7,33.0,0.14,0,3.4,1,0
11323,Kobe Sushi,14,7,22.96,376.05,34.0,0.09,1,2.1,0,0
11324,Kobe Sushi,17,2,16.17,51.71,37.0,0.21,0,0.7,0,1
11325,Nubori Experience,60,6,48.16,813.75,38.0,0.16,0,3.1,0,0
11326,Kobe Sushi,70,6,16.25,356.94,30.0,0.65,0,0.5,0,1
11327,Noe Sushi Bar,99,5,40.74,757.47,45.0,0.33,2,4.5,0,1
11328,Kobe Sushi,17,6,21.42,449.28,48.0,0.13,1,3.4,0,1
11329,Nubori Experience,45,5,101.38,1515.11,36.0,0.24,0,4.0,0,1
11330,Kobe Sushi,38,4,11.38,154.49,54.0,0.35,0,0.5,0,0
11331,Nubori Experience,104,7,92.76,1230.25,33.0,0.42,0,4.7,0,1
11332,Kobe Sushi,64,6,26.39,628.29,48.0,0.26,0,8.5,0,0
11333,Nubori Experience,6,7,67.97,1553.13,44.0,0.08,0,21.0,0,0
11334,Noe Sushi Bar,60,5,46.05,693.82,60.0,0.19,0,4.8,0,0
11335,Kobe Sushi,112,7,18.42,425.93,53.0,0.24,0,3.8,1,0
11336,Noe Sushi Bar,102,4,46.51,455.5,61.0,0.31,0,2.8,0,1
11337,Kobe Sushi,49,6,17.21,213.9,44.0,0.34,0,5.2,1,0
11338,Kobe Sushi,21,5,20.27,304.0,32.0,0.24,0,4.7,0,0
11339,Nubori Experience,99,3,85.12,541.04,55.0,0.13,3,17.2,1,0
11340,Noe Sushi Bar,23,5,42.72,425.28,53.0,0.28,0,11.0,0,1
11341,Kobe Sushi,76,6,17.03,318.96,30.0,0.09,0,0.8,1,0
11342,Kobe Sushi,57,5,17.04,330.35,23.0,0.13,0,3.4,0,1
11343,Kobe Sushi,64,7,13.68,323.39,70.0,0.16,0,3.9,0,1
11344,Nubori Experience,29,9,57.93,1584.57,41.0,0.42,0,2.1,1,0
11345,Kobe Sushi,27,5,26.81,213.82,28.0,0.32,0,11.3,1,0
11346,Nubori Experience,6,4,53.74,366.4,41.0,0.36,2,0.8,1,0
11347,Nubori Experience,21,2,42.61,134.49,61.0,0.23,0,6.9,0,0
11348,Kobe Sushi,71,8,24.2,594.07,57.0,0.14,0,4.1,0,0
11349,Kobe Sushi,107,3,16.41,80.77,34.0,0.28,0,1.8,0,1
11350,Nubori Experience,41,10,67.68,1691.38,34.0,0.27,0,2.9,0,1
11351,Kobe Sushi,80,8,12.05,165.86,43.0,0.58,0,1.7,0,0
11352,Kobe Sushi,5,8,13.7,260.51,53.0,0.73,0,1.3,0,1
11353,Kobe Sushi,15,4,15.74,161.9,50.0,0.28,0,5.8,1,0
11354,Noe Sushi Bar,21,7,34.16,745.83,35.0,0.3,0,7.8,0,1
11355,Chef Choy,58,5,24.37,269.71,47.0,0.09,0,10.4,0,0
11356,Kobe Sushi,4,3,20.63,146.93,78.0,0.2,0,5.9,0,0
11357,Kobe Sushi,69,7,23.03,450.99,48.0,0.45,0,1.2,1,0
11358,Nubori Experience,7,4,78.96,883.94,23.0,0.25,0,1.7,0,0
11359,Chef Choy,35,6,45.2,517.76,33.0,0.22,0,4.4,0,0
11360,Noe Sushi Bar,36,4,40.73,544.56,55.0,0.24,0,2.6,0,1
11361,Chef Choy,15,11,26.09,785.59,58.0,0.34,0,15.2,0,0
11362,Noe Sushi Bar,92,8,38.23,766.61,20.0,0.33,0,8.4,1,0
11363,Chef Choy,2,11,17.64,427.75,52.0,0.64,0,0.5,1,0
11364,Kobe Sushi,120,6,23.11,385.68,47.0,0.67,0,27.5,1,0
11365,Kobe Sushi,57,5,22.92,238.97,61.0,0.46,0,9.0,0,1
11366,Noe Sushi Bar,5,5,47.75,622.22,48.0,0.17,0,1.6,0,1
11367,Noe Sushi Bar,71,9,46.77,1062.62,40.0,0.34,0,5.3,0,1
11368,Nubori Experience,86,7,61.72,1568.92,60.0,0.3,0,12.0,0,0
11369,Kobe Sushi,113,5,18.8,244.29,49.0,0.22,0,1.8,1,0
11370,Nubori Experience,95,6,69.84,1326.32,26.0,0.66,0,1.6,1,0
11371,Nubori Experience,32,3,59.34,440.32,46.0,0.59,0,3.7,0,0
11372,Kobe Sushi,72,11,24.95,693.97,66.0,0.53,0,6.5,1,0
11373,Chef Choy,41,9,19.14,520.19,20.0,0.25,0,21.4,0,0
11374,Noe Sushi Bar,42,5,64.27,617.52,46.0,0.41,0,12.1,0,1
11375,Nubori Experience,75,8,56.52,970.37,40.0,0.41,0,7.8,0,0
11376,Noe Sushi Bar,65,7,27.07,467.12,31.0,0.06,0,7.8,1,0
11377,Noe Sushi Bar,111,9,44.41,1190.23,39.0,0.17,0,12.5,1,0
11378,Noe Sushi Bar,40,12,24.58,914.37,51.0,0.59,0,0.5,0,0
11379,Kobe Sushi,83,10,10.0,218.44,24.0,0.66,0,0.5,0,1
11380,Kobe Sushi,108,5,16.74,265.67,38.0,0.45,0,5.5,0,1
11381,Noe Sushi Bar,38,4,48.8,681.57,54.0,0.16,0,14.3,1,0
11382,Chef Choy,42,3,24.74,125.1,42.0,0.43,0,18.1,0,0
11383,Noe Sushi Bar,120,4,39.34,559.67,20.0,0.04,0,15.6,0,0
11384,Noe Sushi Bar,37,5,49.14,839.7,49.0,0.51,0,1.9,0,1
11385,Kobe Sushi,56,6,25.88,584.91,38.0,0.32,0,5.6,0,0
11386,Noe Sushi Bar,71,7,41.38,1083.45,30.0,0.39,2,4.0,0,1
11387,Kobe Sushi,103,5,10.0,199.27,20.0,0.05,0,4.6,0,0
11388,Nubori Experience,55,7,77.77,1310.85,60.0,0.49,0,5.8,0,0
11389,Nubori Experience,89,8,81.09,1787.96,65.0,0.61,0,0.5,0,0
11390,Noe Sushi Bar,54,4,46.29,325.91,47.0,0.27,1,0.5,0,0
11391,Kobe Sushi,22,10,26.59,572.3,27.0,0.52,0,11.9,0,0
11392,Kobe Sushi,27,3,29.41,261.89,62.0,0.32,0,1.2,0,1
11393,Noe Sushi Bar,105,8,43.23,657.69,66.0,0.15,0,0.8,1,0
11394,Noe Sushi Bar,47,6,39.77,476.37,39.0,0.53,0,2.0,0,0
11395,Chef Choy,38,5,16.31,157.77,45.0,0.24,0,12.6,0,1
11396,Kobe Sushi,112,3,15.49,160.91,33.0,0.42,0,10.8,1,0
11397,Chef Choy,39,8,20.6,263.04,20.0,0.25,2,11.8,1,0
11398,Noe Sushi Bar,15,9,46.35,1396.2,55.0,0.49,0,14.6,1,0
11399,Kobe Sushi,119,5,20.01,190.43,54.0,0.53,0,1.7,0,0
11400,Noe Sushi Bar,66,8,51.63,665.63,43.0,0.17,0,1.5,1,0
11401,Kobe Sushi,61,3,14.61,128.94,38.0,0.09,2,10.5,1,0
11402,Noe Sushi Bar,60,4,47.45,378.87,40.0,0.07,0,3.9,1,0
11403,Nubori Experience,8,6,71.92,879.13,42.0,0.02,0,1.3,1,0
11404,Noe Sushi Bar,44,5,59.69,871.58,72.0,0.43,0,1.1,0,1
11405,Nubori Experience,43,9,31.98,955.06,45.0,0.17,0,0.5,0,0
11406,Noe Sushi Bar,6,5,63.75,1056.0,38.0,0.15,0,6.0,0,1
11407,Kobe Sushi,84,7,14.9,288.26,72.0,0.64,2,23.5,1,0
11408,Noe Sushi Bar,27,4,34.8,426.0,60.0,0.6,0,1.0,1,0
11409,Noe Sushi Bar,45,5,42.94,734.7,53.0,0.52,0,20.0,0,0
11410,Kobe Sushi,23,8,26.77,854.13,52.0,0.4,0,2.1,0,1
11411,Kobe Sushi,112,5,17.63,346.81,36.0,0.3,0,7.0,0,1
11412,Noe Sushi Bar,104,4,27.24,266.54,26.0,0.5,2,8.2,0,1
11413,Kobe Sushi,81,4,14.45,195.41,40.0,0.18,0,16.3,0,0
11414,Kobe Sushi,13,4,18.93,269.6,38.0,0.41,0,4.0,0,1
11415,Noe Sushi Bar,68,4,22.94,328.81,67.0,0.21,1,1.8,1,0
11416,Kobe Sushi,84,4,10.0,134.38,37.0,0.5,0,6.8,1,0
11417,Nubori Experience,106,7,49.73,1148.06,40.0,0.12,1,0.7,0,0
11418,Kobe Sushi,64,5,16.29,148.85,79.0,0.12,0,1.0,0,0
11419,Chef Choy,25,4,33.52,510.2,56.0,0.13,0,3.8,1,0
11420,Noe Sushi Bar,86,3,44.14,448.02,30.0,0.15,0,11.5,0,0
11421,Noe Sushi Bar,52,3,58.95,672.07,39.0,0.24,0,21.9,0,1
11422,Kobe Sushi,48,6,15.17,282.89,33.0,0.2,2,6.0,0,0
11423,Nubori Experience,61,7,81.96,2084.72,20.0,0.1,1,22.8,1,0
11424,Noe Sushi Bar,17,4,41.7,508.96,75.0,0.25,0,4.9,0,1
11425,Nubori Experience,40,5,48.74,587.98,48.0,0.09,0,11.6,1,0
11426,Kobe Sushi,75,4,12.51,113.31,47.0,0.22,0,4.9,0,0
11427,Kobe Sushi,89,8,26.55,685.14,53.0,0.55,0,1.5,0,0
11428,Noe Sushi Bar,69,3,38.53,440.68,43.0,0.19,0,0.5,1,0
11429,Kobe Sushi,85,10,16.08,530.84,48.0,0.52,1,14.8,0,1
11430,Noe Sushi Bar,26,8,58.54,1197.77,31.0,0.11,0,6.9,0,1
11431,Kobe Sushi,80,7,22.94,537.78,60.0,0.64,0,0.6,0,0
11432,Noe Sushi Bar,56,7,29.19,566.56,47.0,0.22,2,0.5,1,0
11433,Nubori Experience,40,5,75.24,1018.86,28.0,0.05,0,4.1,0,1
11434,Noe Sushi Bar,85,5,53.94,800.0,63.0,0.58,0,1.5,1,0
11435,Nubori Experience,112,13,67.72,3305.61,38.0,0.08,1,5.0,1,0
11436,Noe Sushi Bar,96,5,41.74,650.1,41.0,0.4,0,0.5,0,1
11437,Noe Sushi Bar,68,6,25.2,571.36,26.0,0.02,0,0.8,0,0
11438,Nubori Experience,102,4,96.81,866.18,66.0,0.59,0,0.5,1,0
11439,Nubori Experience,117,6,74.96,892.8,43.0,0.18,0,4.4,0,0
11440,Chef Choy,8,5,26.21,316.3,38.0,0.11,0,5.4,1,1
11441,Kobe Sushi,73,6,15.14,300.13,20.0,0.21,0,1.2,0,0
11442,Noe Sushi Bar,45,5,35.41,533.88,52.0,0.08,0,1.7,0,1
11443,Kobe Sushi,17,9,21.98,758.78,26.0,0.27,0,1.1,0,0
11444,Noe Sushi Bar,41,10,46.84,803.99,27.0,0.31,0,5.7,0,1
11445,Noe Sushi Bar,77,7,27.82,674.63,28.0,0.51,0,1.1,0,0
11446,Nubori Experience,9,6,69.01,716.71,53.0,0.02,1,2.7,0,1
11447,Nubori Experience,70,4,73.9,1099.89,56.0,0.26,0,10.8,1,0
11448,Noe Sushi Bar,91,10,47.52,1330.25,20.0,0.6,1,1.5,1,0
11449,Kobe Sushi,106,3,21.39,109.86,38.0,0.29,0,11.6,1,0
11450,Nubori Experience,101,8,43.79,1240.06,44.0,0.08,0,9.6,1,0
11451,Kobe Sushi,103,5,19.04,265.22,65.0,0.76,0,8.4,1,0
11452,Noe Sushi Bar,107,8,59.11,1549.02,25.0,0.35,0,0.5,0,0
11453,Kobe Sushi,24,8,16.46,395.36,48.0,0.11,0,11.6,0,1
11454,Kobe Sushi,73,2,15.53,53.7,45.0,0.5,1,24.3,0,0
11455,Nubori Experience,106,5,68.55,926.65,47.0,0.72,0,1.3,0,0
11456,Kobe Sushi,11,4,17.0,216.62,46.0,0.6,0,3.3,0,0
11457,Noe Sushi Bar,35,7,22.18,289.46,49.0,0.21,3,9.8,0,0
11458,Kobe Sushi,29,4,12.52,77.82,66.0,0.11,0,5.9,0,1
11459,Nubori Experience,8,4,43.46,451.0,56.0,0.28,0,3.8,0,0
11460,Nubori Experience,17,8,85.26,1209.17,44.0,0.24,3,3.4,0,0
11461,Kobe Sushi,71,8,14.62,400.11,38.0,0.16,0,9.5,0,0
11462,Kobe Sushi,12,8,28.07,705.89,47.0,0.23,0,7.3,0,0
11463,Noe Sushi Bar,112,5,39.47,433.78,47.0,0.31,0,1.2,0,0
11464,Kobe Sushi,79,5,15.55,249.97,45.0,0.8,0,5.2,0,0
11465,Noe Sushi Bar,117,8,54.97,1740.2,25.0,0.22,1,7.9,1,0
11466,Kobe Sushi,93,10,20.81,470.64,23.0,0.42,0,5.4,0,1
11467,Kobe Sushi,109,3,19.98,108.75,45.0,0.54,0,15.4,0,0
11468,Noe Sushi Bar,50,5,51.49,794.47,48.0,0.73,1,1.8,1,0
11469,Kobe Sushi,114,5,10.87,186.14,55.0,0.27,0,0.5,1,0
11470,Nubori Experience,24,6,66.9,917.42,32.0,0.44,0,1.3,0,0
11471,Kobe Sushi,37,9,29.55,532.17,20.0,0.83,0,8.4,0,0
11472,Kobe Sushi,78,2,11.97,75.45,39.0,0.47,0,12.6,0,0
11473,Nubori Experience,11,5,47.6,892.07,28.0,0.34,0,3.6,0,1
11474,Noe Sushi Bar,99,4,58.01,872.85,46.0,0.17,0,17.5,0,1
11475,Noe Sushi Bar,81,4,40.53,462.46,59.0,0.18,0,3.1,0,1
11476,Kobe Sushi,59,5,12.37,134.39,47.0,0.11,0,2.9,0,1
11477,Noe Sushi Bar,55,3,29.74,254.93,40.0,0.33,0,1.2,0,0
11478,Noe Sushi Bar,27,10,48.38,897.27,41.0,0.35,0,1.5,0,0
11479,Kobe Sushi,108,8,25.97,418.03,44.0,0.21,0,11.9,0,0
11480,Nubori Experience,67,6,71.65,1003.87,29.0,0.35,0,2.9,0,1
11481,Noe Sushi Bar,119,7,52.06,1257.57,20.0,0.44,1,8.4,0,0
11482,Kobe Sushi,60,8,14.81,453.42,31.0,0.57,0,16.5,0,0
11483,Noe Sushi Bar,2,10,23.35,697.99,49.0,0.68,0,6.1,0,0
11484,Noe Sushi Bar,68,4,50.38,665.69,50.0,0.26,0,5.0,0,0
11485,Kobe Sushi,18,4,14.91,134.75,27.0,0.41,0,22.5,0,0
11486,Noe Sushi Bar,20,3,49.38,259.49,55.0,0.31,0,0.7,0,1
11487,Kobe Sushi,85,4,10.0,102.72,30.0,0.35,1,9.3,0,0
11488,Noe Sushi Bar,63,6,66.56,1230.67,38.0,0.01,0,13.4,0,0
11489,Chef Choy,78,4,20.48,226.78,40.0,0.16,0,10.9,0,0
11490,Noe Sushi Bar,72,8,51.96,634.12,47.0,0.18,0,0.5,0,1
11491,Nubori Experience,2,7,68.28,1618.7,59.0,0.3,0,1.9,0,0
11492,Kobe Sushi,90,11,20.72,409.38,30.0,0.45,1,1.0,0,1
11493,Noe Sushi Bar,83,2,44.71,313.21,76.0,0.32,0,1.2,0,0
11494,Chef Choy,42,6,21.61,418.06,21.0,0.44,0,5.6,0,1
11495,Noe Sushi Bar,28,5,39.69,516.08,64.0,0.57,0,2.7,0,1
11496,Noe Sushi Bar,29,7,28.33,314.19,30.0,0.31,0,9.2,0,0
11497,Kobe Sushi,69,9,17.79,461.76,49.0,0.52,0,13.3,0,0
11498,Kobe Sushi,107,12,18.55,731.82,41.0,0.33,0,0.5,0,1
11499,Kobe Sushi,28,4,19.55,300.3,52.0,0.24,0,3.7,0,1
11500,Nubori Experience,60,7,76.1,1590.49,58.0,0.34,0,17.7,0,0
11501,Kobe Sushi,105,6,14.95,307.63,43.0,0.13,1,7.6,0,0
11502,Nubori Experience,112,12,51.5,1888.56,73.0,0.43,0,9.9,1,0
11503,Noe Sushi Bar,90,9,52.49,1026.96,43.0,0.33,0,0.8,0,1
11504,Kobe Sushi,5,6,19.61,235.92,34.0,0.11,0,8.5,0,1
11505,Noe Sushi Bar,15,5,46.74,643.62,47.0,0.24,0,3.1,0,1
11506,Nubori Experience,110,10,62.79,2006.78,36.0,0.53,0,2.5,1,0
11507,Nubori Experience,73,11,79.13,2011.05,41.0,0.55,0,1.8,0,1
11508,Kobe Sushi,32,7,12.69,139.42,27.0,0.42,0,8.0,0,0
11509,Kobe Sushi,52,3,26.37,236.96,57.0,0.54,0,2.1,1,0
11510,Kobe Sushi,90,4,17.26,132.55,34.0,0.13,0,5.3,0,1
11511,Kobe Sushi,37,9,16.37,244.41,64.0,0.36,1,9.0,1,0
11512,Noe Sushi Bar,15,5,44.34,780.86,50.0,0.59,0,2.9,0,0
11513,Nubori Experience,41,7,58.27,885.99,29.0,0.29,2,6.3,1,0
11514,Kobe Sushi,4,6,20.09,275.22,57.0,0.36,0,5.4,0,1
11515,Noe Sushi Bar,117,4,14.19,178.98,41.0,0.12,0,5.4,1,0
11516,Noe Sushi Bar,53,5,28.06,286.33,57.0,0.1,0,5.3,1,0
11517,Kobe Sushi,100,6,27.12,309.06,51.0,0.28,0,3.4,1,0
11518,Kobe Sushi,84,5,10.7,81.49,52.0,0.29,0,1.4,1,0
11519,Noe Sushi Bar,27,6,54.65,1118.17,20.0,0.45,2,5.2,0,0
11520,Nubori Experience,21,6,77.38,1629.62,93.0,0.25,0,3.1,1,1
11521,Noe Sushi Bar,60,3,44.69,446.29,24.0,0.46,0,3.0,0,0
11522,Kobe Sushi,86,5,14.89,205.42,33.0,0.81,0,3.0,0,1
11523,Kobe Sushi,64,9,25.12,697.87,68.0,0.32,0,11.5,1,0
11524,Kobe Sushi,71,4,11.71,77.85,41.0,0.52,0,9.1,0,1
11525,Noe Sushi Bar,47,4,42.05,370.62,48.0,0.18,0,6.4,0,0
11526,Chef Choy,54,7,14.07,246.53,58.0,0.05,0,2.0,0,0
11527,Kobe Sushi,31,7,21.41,249.41,71.0,0.2,0,5.9,0,0
11528,Nubori Experience,17,5,69.16,878.24,37.0,0.19,0,8.9,0,1
11529,Noe Sushi Bar,50,5,33.32,372.32,59.0,0.24,0,11.3,0,0
11530,Noe Sushi Bar,7,7,34.48,372.28,40.0,0.33,0,5.7,1,0
11531,Nubori Experience,83,5,82.2,1232.81,22.0,0.37,0,9.8,0,0
11532,Kobe Sushi,28,7,10.56,290.91,51.0,0.3,0,13.2,1,0
11533,Nubori Experience,10,6,41.23,942.31,43.0,0.75,2,0.5,1,0
11534,Kobe Sushi,27,6,33.17,548.05,20.0,0.18,0,12.4,0,0
11535,Kobe Sushi,13,2,16.99,103.51,56.0,0.48,0,10.5,0,0
11536,Nubori Experience,66,6,39.06,926.75,46.0,0.48,0,0.5,0,0
11537,Nubori Experience,86,7,63.42,1209.41,48.0,0.32,2,1.8,1,0
11538,Noe Sushi Bar,84,9,39.69,1200.16,57.0,0.4,0,2.3,0,1
11539,Noe Sushi Bar,60,8,45.54,980.04,24.0,0.65,0,3.0,0,1
11540,Noe Sushi Bar,43,5,56.29,793.14,36.0,0.16,0,6.3,0,0
11541,Nubori Experience,69,4,76.04,766.93,38.0,0.27,0,4.3,1,0
11542,Kobe Sushi,63,8,20.27,427.56,41.0,0.65,0,0.5,0,1
11543,Nubori Experience,70,4,101.25,965.89,44.0,0.68,1,2.4,1,0
11544,Noe Sushi Bar,99,4,39.57,566.34,39.0,0.32,1,0.7,1,0
11545,Noe Sushi Bar,65,5,52.32,772.76,47.0,0.52,0,18.4,0,0
11546,Noe Sushi Bar,99,4,32.13,371.06,42.0,0.1,0,21.5,0,0
11547,Noe Sushi Bar,67,4,41.75,285.42,44.0,0.26,0,4.4,0,1
11548,Nubori Experience,54,7,66.53,1218.7,47.0,0.17,0,4.0,0,1
11549,Noe Sushi Bar,36,6,56.98,962.59,60.0,0.31,0,9.7,0,0
11550,Nubori Experience,71,7,42.64,1051.16,44.0,0.09,0,0.6,1,0
11551,Kobe Sushi,93,6,16.71,265.85,58.0,0.2,0,0.5,1,0
11552,Noe Sushi Bar,15,4,42.2,569.63,47.0,0.23,0,1.6,0,1
11553,Nubori Experience,75,7,54.35,635.7,76.0,0.16,1,1.4,0,1
11554,Noe Sushi Bar,18,4,45.1,678.73,41.0,0.35,0,1.0,1,0
11555,Noe Sushi Bar,108,5,59.91,541.94,38.0,0.13,0,0.9,1,0
11556,Noe Sushi Bar,4,11,66.26,2732.94,41.0,0.37,0,3.9,0,1
11557,Nubori Experience,88,6,55.67,791.34,41.0,0.42,0,12.3,0,0
11558,Nubori Experience,11,5,66.19,872.67,50.0,0.45,1,7.7,0,1
11559,Kobe Sushi,6,6,11.81,150.69,67.0,0.09,0,26.6,0,1
11560,Nubori Experience,51,4,68.73,684.24,55.0,0.17,3,0.5,1,0
11561,Noe Sushi Bar,58,4,48.37,325.02,47.0,0.28,0,2.2,0,1
11562,Kobe Sushi,60,6,15.22,284.22,51.0,0.46,0,6.8,1,0
11563,Nubori Experience,18,7,60.71,1320.09,48.0,0.5,0,1.8,0,0
11564,Noe Sushi Bar,79,3,46.11,356.42,72.0,0.63,0,4.9,0,0
11565,Nubori Experience,67,6,82.17,1348.42,61.0,0.6,0,2.4,0,1
11566,Kobe Sushi,17,7,11.96,132.37,82.0,0.4,0,6.2,0,0
11567,Kobe Sushi,97,4,18.93,186.52,46.0,0.28,0,0.9,1,0
11568,Noe Sushi Bar,34,5,37.01,499.08,44.0,0.29,0,10.7,0,1
11569,Kobe Sushi,30,5,10.52,83.16,46.0,0.37,0,3.9,0,1
11570,Chef Choy,19,8,38.23,1135.57,39.0,0.7,1,12.4,0,0
11571,Kobe Sushi,9,6,17.86,412.54,54.0,0.32,0,5.2,0,1
11572,Noe Sushi Bar,40,6,55.61,923.08,58.0,0.48,0,4.1,0,1
11573,Kobe Sushi,44,8,11.29,358.76,51.0,0.12,2,7.8,1,0
11574,Kobe Sushi,95,4,11.77,144.26,61.0,0.47,0,2.4,0,1
11575,Chef Choy,59,9,31.65,676.45,29.0,0.89,0,7.8,0,1
11576,Kobe Sushi,91,5,18.56,354.59,22.0,0.28,0,2.7,0,1
11577,Noe Sushi Bar,111,7,43.68,649.16,50.0,0.18,0,4.5,1,0
11578,Nubori Experience,25,12,55.2,1743.45,81.0,0.86,1,0.5,1,0
11579,Noe Sushi Bar,119,8,50.64,1043.03,24.0,0.31,0,1.7,0,1
11580,Nubori Experience,71,6,38.14,502.14,54.0,0.68,0,4.8,0,0
11581,Kobe Sushi,53,7,17.32,363.65,32.0,0.14,0,4.0,0,1
11582,Kobe Sushi,48,7,21.12,537.12,37.0,0.34,0,7.5,1,0
11583,Nubori Experience,71,10,62.31,1056.96,35.0,0.45,0,3.3,0,0
11584,Noe Sushi Bar,84,7,54.25,1086.06,35.0,0.23,0,0.6,1,0
11585,Noe Sushi Bar,53,8,37.87,747.97,54.0,0.41,0,1.9,1,0
11586,Noe Sushi Bar,108,6,69.38,1627.31,41.0,0.33,0,2.5,0,1
11587,Noe Sushi Bar,49,4,50.95,683.84,55.0,0.22,0,1.4,0,0
11588,Kobe Sushi,43,3,20.38,176.75,57.0,0.2,1,12.0,0,1
11589,Chef Choy,100,3,36.74,280.12,23.0,0.26,0,2.6,0,0
11590,Noe Sushi Bar,19,5,54.79,861.39,51.0,0.07,0,2.1,0,1
11591,Noe Sushi Bar,66,6,42.64,880.24,51.0,0.23,0,14.4,1,0
11592,Nubori Experience,34,6,62.96,1507.61,49.0,0.09,0,7.3,1,0
11593,Kobe Sushi,120,7,17.79,278.62,31.0,0.36,0,9.0,0,1
11594,Kobe Sushi,81,8,10.0,156.6,58.0,0.13,0,6.8,0,1
11595,Nubori Experience,88,7,71.18,1879.76,35.0,0.14,0,11.0,0,0
11596,Chef Choy,73,7,10.0,275.09,20.0,0.48,0,3.9,0,0
11597,Noe Sushi Bar,54,5,42.07,685.45,38.0,0.09,0,9.3,0,0
11598,Kobe Sushi,1,4,21.55,209.51,84.0,0.19,0,1.0,0,1
11599,Kobe Sushi,106,8,10.1,271.67,25.0,0.21,0,2.0,0,0
11600,Noe Sushi Bar,92,7,40.65,1101.03,51.0,0.72,0,3.6,1,0
11601,Kobe Sushi,55,10,15.37,357.35,50.0,0.15,0,0.5,0,1
11602,Nubori Experience,15,8,50.31,630.65,62.0,0.12,0,13.8,0,0
11603,Nubori Experience,85,6,25.29,361.52,44.0,0.51,1,13.6,1,0
11604,Nubori Experience,15,6,50.76,475.84,55.0,0.12,0,4.4,0,1
11605,Kobe Sushi,23,6,20.56,385.47,36.0,0.41,1,2.4,1,0
11606,Chef Choy,117,6,20.31,468.0,42.0,0.16,1,6.3,1,0
11607,Kobe Sushi,66,8,28.62,473.56,65.0,0.62,0,0.9,1,0
11608,Kobe Sushi,46,6,10.0,146.99,51.0,0.46,1,2.8,0,0
11609,Kobe Sushi,100,5,17.53,173.6,50.0,0.68,2,2.3,0,0
11610,Kobe Sushi,114,5,20.07,378.51,39.0,0.14,0,3.6,0,1
11611,Nubori Experience,9,8,69.42,1087.34,49.0,0.24,0,1.3,0,1
11612,Kobe Sushi,66,2,14.06,84.75,46.0,0.65,0,9.9,0,0
11613,Kobe Sushi,66,2,19.2,117.46,68.0,0.34,0,0.5,0,0
11614,Nubori Experience,18,7,68.98,1518.09,44.0,0.02,0,8.0,0,0
11615,Kobe Sushi,17,4,11.57,149.23,50.0,0.53,0,6.4,0,0
11616,Chef Choy,105,3,24.84,124.98,69.0,0.53,0,7.2,1,0
11617,Kobe Sushi,72,9,12.38,289.08,59.0,0.05,0,4.4,1,0
11618,Kobe Sushi,98,10,24.13,474.45,59.0,0.28,0,3.8,0,1
11619,Nubori Experience,34,4,71.13,828.84,38.0,0.69,0,6.2,0,0
11620,Kobe Sushi,69,5,15.82,157.28,42.0,0.28,0,16.4,1,0
11621,Noe Sushi Bar,64,10,41.54,1580.66,55.0,0.14,0,4.2,1,0
11622,Kobe Sushi,44,8,24.46,596.14,62.0,0.1,0,6.3,0,1
11623,Kobe Sushi,29,4,10.0,142.75,50.0,0.27,0,7.8,1,0
11624,Kobe Sushi,62,7,20.41,474.17,47.0,0.5,0,8.8,1,0
11625,Kobe Sushi,92,8,22.44,543.2,69.0,0.05,0,7.9,1,0
11626,Kobe Sushi,16,4,18.87,166.21,20.0,0.59,0,0.8,0,0
11627,Chef Choy,78,6,41.86,380.57,20.0,0.42,0,5.9,1,0
11628,Noe Sushi Bar,52,8,45.09,1054.34,39.0,0.43,0,18.1,1,0
11629,Kobe Sushi,2,7,19.0,529.58,39.0,0.21,0,0.5,0,0
11630,Noe Sushi Bar,120,8,53.55,1370.03,48.0,0.24,0,2.8,0,0
11631,Nubori Experience,104,2,41.21,274.01,46.0,0.46,0,1.7,1,0
11632,Nubori Experience,61,6,45.51,461.7,40.0,0.16,0,7.3,0,1
11633,Noe Sushi Bar,4,3,46.09,419.46,28.0,0.24,0,3.7,0,1
11634,Nubori Experience,52,7,60.86,1074.65,51.0,0.38,0,13.5,0,0
11635,Kobe Sushi,41,7,16.71,442.5,48.0,0.38,1,12.7,0,1
11636,Kobe Sushi,52,6,20.36,475.71,69.0,0.49,0,10.8,1,0
11637,Noe Sushi Bar,31,5,42.89,694.93,38.0,0.36,2,3.1,0,1
11638,Noe Sushi Bar,26,8,65.58,2007.56,33.0,0.16,0,3.4,0,1
11639,Noe Sushi Bar,27,5,56.48,672.9,57.0,0.2,0,4.3,0,1
11640,Noe Sushi Bar,51,3,52.39,453.59,28.0,0.09,0,2.8,0,0
11641,Nubori Experience,98,7,51.66,1305.07,56.0,0.67,0,1.8,0,0
11642,Nubori Experience,95,6,93.58,971.77,34.0,0.28,1,13.7,1,0
11643,Noe Sushi Bar,48,3,50.62,237.83,45.0,0.62,0,3.3,0,1
11644,Noe Sushi Bar,11,7,61.25,964.3,28.0,0.31,0,23.0,0,0
11645,Kobe Sushi,8,2,14.44,77.03,62.0,0.1,0,2.7,0,0
11646,Kobe Sushi,12,4,19.98,308.25,56.0,0.4,0,2.3,0,1
11647,Kobe Sushi,99,6,22.01,418.04,29.0,0.27,0,0.5,0,0
11648,Noe Sushi Bar,45,3,50.48,443.74,56.0,0.46,0,2.9,0,0
11649,Kobe Sushi,34,5,28.66,552.21,29.0,0.4,0,2.4,0,0
11650,Nubori Experience,77,4,68.2,465.04,50.0,0.62,0,18.3,0,0
11651,Kobe Sushi,91,5,19.56,189.95,54.0,0.58,0,2.3,1,0
11652,Noe Sushi Bar,72,7,27.63,684.7,40.0,0.38,0,3.7,0,0
11653,Kobe Sushi,47,4,11.47,179.55,72.0,0.17,0,1.5,0,0
11654,Kobe Sushi,120,6,19.46,318.03,46.0,0.36,2,9.9,0,0
11655,Nubori Experience,21,4,59.46,781.13,48.0,0.66,0,2.5,0,1
11656,Noe Sushi Bar,41,11,59.15,1853.59,41.0,0.39,0,9.2,0,1
11657,Nubori Experience,75,2,82.64,505.5,58.0,0.32,0,14.1,0,1
11658,Nubori Experience,22,6,65.36,1347.98,27.0,0.09,0,5.9,0,1
11659,Kobe Sushi,21,6,13.29,285.09,46.0,0.24,0,2.7,1,0
11660,Kobe Sushi,28,4,17.42,278.28,57.0,0.47,1,5.4,0,1
11661,Nubori Experience,67,4,64.94,677.06,20.0,0.24,0,2.9,0,0
11662,Nubori Experience,71,8,62.49,1597.69,52.0,0.53,3,6.5,1,0
11663,Noe Sushi Bar,14,5,49.9,579.36,54.0,0.43,0,7.8,0,1
11664,Chef Choy,79,2,23.44,77.85,58.0,0.36,1,2.9,1,0
11665,Chef Choy,73,9,29.63,451.65,53.0,0.12,1,2.0,0,1
11666,Kobe Sushi,52,3,19.54,167.61,26.0,0.3,0,0.5,1,0
11667,Noe Sushi Bar,43,4,51.81,458.06,37.0,0.23,0,0.5,0,1
11668,Nubori Experience,71,8,52.62,1272.85,63.0,0.42,3,3.3,1,0
11669,Noe Sushi Bar,76,4,49.5,550.64,47.0,0.14,0,9.2,1,0
11670,Kobe Sushi,19,4,20.74,271.37,57.0,0.54,1,12.8,0,0
11671,Kobe Sushi,27,2,18.88,120.89,53.0,0.38,0,6.7,0,0
11672,Kobe Sushi,18,10,18.83,705.3,68.0,0.25,0,8.0,0,1
11673,Kobe Sushi,13,5,14.16,126.92,58.0,0.52,0,0.9,0,1
11674,Nubori Experience,107,7,79.59,1241.85,53.0,0.27,3,3.1,0,1
11675,Kobe Sushi,1,8,12.93,290.57,72.0,0.42,0,2.0,0,0
11676,Kobe Sushi,102,4,15.66,125.57,79.0,0.24,0,0.6,0,1
11677,Kobe Sushi,85,4,12.35,78.41,20.0,0.36,0,2.5,0,1
11678,Noe Sushi Bar,34,7,54.25,934.41,29.0,0.57,0,0.5,0,1
11679,Noe Sushi Bar,13,6,47.27,779.71,55.0,0.6,1,29.2,1,0
11680,Kobe Sushi,109,4,22.96,307.53,34.0,0.67,0,0.5,1,0
11681,Kobe Sushi,115,5,20.12,255.08,53.0,0.54,0,6.4,0,1
11682,Kobe Sushi,105,3,19.78,234.29,29.0,0.26,0,1.2,1,0
11683,Noe Sushi Bar,51,5,61.16,474.72,23.0,0.47,1,5.2,0,1
11684,Kobe Sushi,87,7,18.98,490.6,64.0,0.14,0,4.9,0,1
11685,Nubori Experience,1,4,51.79,355.23,26.0,0.41,0,5.6,0,0
11686,Noe Sushi Bar,87,9,41.75,1192.71,32.0,0.07,0,4.0,0,1
11687,Kobe Sushi,28,9,20.62,406.25,40.0,0.35,0,3.6,0,0
11688,Noe Sushi Bar,32,6,60.74,607.57,37.0,0.58,0,0.8,0,0
11689,Kobe Sushi,72,4,15.24,145.38,50.0,0.61,0,12.9,1,0
11690,Noe Sushi Bar,55,4,53.55,368.57,57.0,0.19,0,14.5,0,1
11691,Kobe Sushi,26,4,15.13,227.73,40.0,0.31,0,4.7,0,0
11692,Noe Sushi Bar,14,4,37.83,351.64,52.0,0.13,0,4.3,0,0
11693,Chef Choy,88,7,23.05,625.84,45.0,0.33,0,2.8,0,0
11694,Nubori Experience,112,7,50.69,1397.71,54.0,0.17,0,0.5,1,0
11695,Kobe Sushi,93,9,10.0,349.26,59.0,0.28,0,18.4,0,0
11696,Kobe Sushi,68,6,12.02,211.17,20.0,0.51,0,4.8,1,0
11697,Noe Sushi Bar,63,7,49.01,945.92,74.0,0.57,0,0.5,1,0
11698,Nubori Experience,82,5,34.28,614.53,38.0,0.4,0,1.2,1,1
11699,Nubori Experience,14,3,48.5,414.51,79.0,0.47,0,4.5,0,0
11700,Kobe Sushi,27,9,24.36,808.17,41.0,0.49,0,0.8,1,0
11701,Kobe Sushi,41,6,10.08,93.13,37.0,0.24,0,1.0,0,0
11702,Noe Sushi Bar,111,5,35.02,631.76,43.0,0.27,0,17.1,1,0
11703,Kobe Sushi,3,9,14.05,401.91,64.0,0.4,0,6.1,0,0
11704,Kobe Sushi,94,3,14.84,166.24,33.0,0.15,0,9.1,0,0
11705,Kobe Sushi,59,4,15.86,104.17,28.0,0.13,0,2.4,0,1
11706,Noe Sushi Bar,100,5,32.57,333.29,30.0,0.53,0,4.6,0,0
11707,Nubori Experience,23,6,59.7,1101.39,43.0,0.05,0,5.4,0,1
11708,Nubori Experience,18,8,58.66,867.73,50.0,0.29,0,7.5,1,0
11709,Kobe Sushi,110,5,12.66,118.11,44.0,0.27,2,10.4,0,0
11710,Noe Sushi Bar,111,6,41.47,488.16,42.0,0.21,1,1.4,1,0
11711,Nubori Experience,104,6,53.74,651.26,26.0,0.64,0,2.9,1,0
11712,Kobe Sushi,74,5,20.74,214.21,60.0,0.38,0,8.6,0,0
11713,Noe Sushi Bar,120,7,33.75,676.95,40.0,0.06,0,5.1,0,1
11714,Noe Sushi Bar,76,4,55.87,875.21,42.0,0.31,0,10.1,0,1
11715,Kobe Sushi,117,4,10.0,77.19,37.0,0.4,0,2.7,1,0
11716,Noe Sushi Bar,41,6,49.9,713.67,30.0,0.32,0,2.2,0,0
11717,Kobe Sushi,8,8,14.6,300.89,20.0,0.16,0,3.2,0,1
11718,Noe Sushi Bar,32,4,56.49,866.23,53.0,0.55,0,9.8,0,1
11719,Kobe Sushi,81,4,21.13,333.22,54.0,0.49,0,1.1,1,0
11720,Kobe Sushi,41,9,14.06,205.46,53.0,0.3,0,1.4,0,1
11721,Kobe Sushi,45,7,14.71,281.04,20.0,0.15,0,0.5,0,1
11722,Nubori Experience,78,7,67.54,1125.42,46.0,0.04,1,5.5,0,0
11723,Noe Sushi Bar,101,2,47.13,197.63,43.0,0.12,0,3.8,0,1
11724,Noe Sushi Bar,9,7,52.3,1188.09,36.0,0.05,0,0.5,1,0
11725,Noe Sushi Bar,90,6,38.21,518.49,36.0,0.4,0,4.0,0,0
11726,Noe Sushi Bar,48,4,49.5,766.15,53.0,0.31,0,3.2,0,1
11727,Kobe Sushi,115,7,22.92,509.31,41.0,0.2,0,10.7,0,0
11728,Noe Sushi Bar,24,5,54.84,702.63,63.0,0.4,0,0.5,1,0
11729,Kobe Sushi,87,10,14.51,246.28,20.0,0.14,0,9.3,0,0
11730,Kobe Sushi,95,7,23.76,460.29,31.0,0.12,0,3.7,1,0
11731,Noe Sushi Bar,103,5,38.68,547.42,40.0,0.13,0,4.7,1,0
11732,Kobe Sushi,44,10,10.45,361.2,47.0,0.26,0,4.0,0,0
11733,Kobe Sushi,58,4,11.98,145.35,50.0,0.26,0,6.2,0,0
11734,Noe Sushi Bar,66,6,53.37,1045.76,26.0,0.21,0,0.5,0,1
11735,Noe Sushi Bar,114,6,38.11,793.6,65.0,0.11,0,5.1,0,0
11736,Noe Sushi Bar,18,9,24.06,399.31,51.0,0.36,0,7.7,0,0
11737,Noe Sushi Bar,80,9,38.54,1024.17,50.0,0.46,2,5.6,1,0
11738,Noe Sushi Bar,29,10,39.09,698.96,51.0,0.32,0,1.2,1,0
11739,Noe Sushi Bar,75,6,68.95,1132.27,44.0,0.52,0,3.2,0,1
11740,Kobe Sushi,2,6,12.52,199.91,36.0,0.51,0,8.3,0,1
11741,Kobe Sushi,78,5,23.44,433.27,47.0,0.57,0,3.2,1,0
11742,Noe Sushi Bar,68,12,45.36,1229.41,50.0,0.42,0,30.0,0,0
11743,Kobe Sushi,103,6,21.82,460.62,47.0,0.59,3,1.1,0,1
11744,Nubori Experience,98,3,62.95,600.82,35.0,0.43,0,15.4,1,0
11745,Nubori Experience,117,7,52.86,785.46,37.0,0.26,0,11.9,1,0
11746,Kobe Sushi,110,5,22.18,342.28,50.0,0.42,0,10.5,0,0
11747,Kobe Sushi,39,5,21.31,267.3,41.0,0.56,0,0.5,0,1
11748,Kobe Sushi,73,2,25.6,122.96,53.0,0.18,0,16.5,0,0
11749,Kobe Sushi,104,6,19.87,444.75,84.0,0.03,0,3.0,0,0
11750,Kobe Sushi,41,6,13.15,158.25,45.0,0.01,0,5.2,0,1
11751,Noe Sushi Bar,71,4,37.01,331.38,44.0,0.13,0,4.4,0,0
11752,Nubori Experience,115,6,51.68,1119.95,35.0,0.29,0,2.9,1,0
11753,Noe Sushi Bar,81,7,28.18,477.85,63.0,0.41,0,11.5,0,0
11754,Kobe Sushi,87,2,16.54,123.94,30.0,0.11,0,0.5,0,1
11755,Kobe Sushi,109,3,11.81,121.69,56.0,0.4,0,15.9,1,0
11756,Noe Sushi Bar,75,11,31.36,554.63,60.0,0.23,1,1.2,1,0
11757,Nubori Experience,22,4,65.65,544.41,57.0,0.62,0,2.0,1,0
11758,Nubori Experience,82,6,54.14,802.6,20.0,0.45,0,8.9,1,0
11759,Nubori Experience,49,4,92.51,1025.46,71.0,0.24,0,2.4,0,1
11760,Noe Sushi Bar,28,7,44.86,676.64,79.0,0.16,0,3.6,0,0
11761,Noe Sushi Bar,16,5,60.86,979.02,49.0,0.16,0,2.1,0,1
11762,Kobe Sushi,106,5,20.39,323.44,61.0,0.35,0,5.8,1,0
11763,Noe Sushi Bar,68,12,22.66,744.39,33.0,0.55,0,6.3,0,1
11764,Kobe Sushi,62,8,16.9,272.8,20.0,0.23,0,3.1,0,0
11765,Noe Sushi Bar,36,4,42.34,510.16,48.0,0.59,0,6.5,0,0
11766,Noe Sushi Bar,22,6,43.86,1041.23,27.0,0.41,1,14.4,0,0
11767,Kobe Sushi,11,3,13.5,81.14,66.0,0.04,1,8.5,0,1
11768,Kobe Sushi,85,6,15.33,340.33,31.0,0.57,0,11.3,1,0
11769,Kobe Sushi,104,4,21.06,277.95,72.0,0.2,1,6.0,1,0
11770,Kobe Sushi,105,4,21.99,169.34,62.0,0.62,0,1.1,1,0
11771,Kobe Sushi,80,2,24.08,120.07,44.0,0.28,2,0.8,0,1
11772,Kobe Sushi,42,6,13.85,241.9,47.0,0.26,0,6.9,0,0
11773,Kobe Sushi,55,7,18.9,450.66,27.0,0.27,0,0.8,0,0
11774,Kobe Sushi,73,3,21.46,182.82,49.0,0.34,0,19.5,0,0
11775,Nubori Experience,35,6,60.47,607.13,54.0,0.06,0,1.1,0,1
11776,Kobe Sushi,57,8,20.06,257.5,71.0,0.57,0,5.8,0,0
11777,Kobe Sushi,34,2,21.35,80.28,39.0,0.36,0,6.0,1,0
11778,Noe Sushi Bar,73,5,41.31,403.36,22.0,0.63,0,6.4,0,0
11779,Nubori Experience,77,5,56.65,528.38,70.0,0.22,0,2.8,0,0
11780,Noe Sushi Bar,70,6,34.35,380.92,39.0,0.37,1,1.9,1,0
11781,Kobe Sushi,4,11,30.82,646.41,55.0,0.4,0,5.8,0,1
11782,Noe Sushi Bar,46,5,25.33,351.2,59.0,0.23,0,0.5,0,0
11783,Noe Sushi Bar,92,6,38.72,401.89,39.0,0.15,0,5.2,0,1
11784,Noe Sushi Bar,11,5,49.33,718.86,58.0,0.45,0,7.3,0,1
11785,Noe Sushi Bar,98,5,57.21,494.87,54.0,0.14,0,2.8,0,0
11786,Nubori Experience,61,9,50.88,1683.16,51.0,0.13,1,8.1,0,0
11787,Nubori Experience,35,11,82.36,2500.02,26.0,0.15,1,0.5,0,1
11788,Noe Sushi Bar,69,9,57.25,1383.08,51.0,0.41,1,6.1,1,0
11789,Noe Sushi Bar,57,8,43.61,1317.89,25.0,0.6,1,10.1,1,0
11790,Noe Sushi Bar,103,7,15.72,371.68,35.0,0.54,0,0.5,0,1
11791,Nubori Experience,11,5,61.61,819.33,36.0,0.11,0,3.7,0,0
11792,Kobe Sushi,12,2,14.67,116.08,41.0,0.49,0,6.2,1,0
11793,Nubori Experience,43,7,63.36,1260.52,47.0,0.18,0,2.7,0,1
11794,Kobe Sushi,19,4,20.65,169.21,63.0,0.36,1,1.0,1,1
11795,Noe Sushi Bar,77,6,40.65,859.2,54.0,0.44,0,11.4,0,0
11796,Nubori Experience,68,9,84.89,1919.77,35.0,0.17,0,0.8,0,1
11797,Kobe Sushi,78,5,16.1,199.15,21.0,0.6,0,3.2,1,0
11798,Noe Sushi Bar,108,7,23.18,327.73,52.0,0.06,0,1.5,1,0
11799,Kobe Sushi,59,9,10.0,187.32,60.0,0.55,0,2.4,0,1
11800,Kobe Sushi,2,7,14.27,391.59,38.0,0.35,0,2.5,0,1
11801,Kobe Sushi,8,10,10.0,220.02,43.0,0.53,0,15.8,0,0
11802,Kobe Sushi,22,4,11.66,90.26,69.0,0.41,0,4.0,0,1
11803,Kobe Sushi,115,8,12.25,214.36,49.0,0.16,1,11.4,0,1
11804,Nubori Experience,77,5,55.16,617.09,59.0,0.59,0,5.1,0,0
11805,Nubori Experience,21,2,70.9,548.92,61.0,0.31,3,6.2,1,1
11806,Kobe Sushi,85,5,27.61,404.07,55.0,0.25,1,3.6,0,1
11807,Noe Sushi Bar,92,9,48.91,1100.93,34.0,0.41,0,0.5,1,0
11808,Kobe Sushi,97,3,12.26,86.01,62.0,0.59,0,0.5,1,0
11809,Kobe Sushi,29,6,17.52,246.29,45.0,0.21,0,0.5,0,1
11810,Kobe Sushi,101,5,24.36,312.64,33.0,0.13,0,2.3,0,1
11811,Nubori Experience,86,8,80.49,2201.39,43.0,0.33,0,1.2,0,0
11812,Nubori Experience,90,6,50.6,1105.21,48.0,0.24,0,8.1,0,1
11813,Kobe Sushi,75,10,20.45,561.38,33.0,0.09,0,0.5,0,1
11814,Kobe Sushi,75,6,16.34,383.73,45.0,0.08,0,13.1,1,0
11815,Kobe Sushi,109,1,16.95,31.23,43.0,0.12,2,2.7,1,0
11816,Noe Sushi Bar,98,7,41.1,1142.15,51.0,0.16,0,7.9,0,0
11817,Noe Sushi Bar,83,7,48.04,1289.55,65.0,0.29,0,13.3,0,0
11818,Kobe Sushi,112,9,22.84,432.9,40.0,0.3,0,3.0,1,0
11819,Chef Choy,37,7,21.93,437.35,36.0,0.33,0,5.1,0,0
11820,Kobe Sushi,78,6,13.65,269.05,38.0,0.19,0,11.8,0,0
11821,Nubori Experience,29,8,93.22,1979.62,34.0,0.13,0,2.7,0,1
11822,Noe Sushi Bar,83,4,24.6,244.9,30.0,0.22,0,6.0,1,0
11823,Noe Sushi Bar,37,4,50.56,524.92,34.0,0.29,1,5.3,1,0
11824,Chef Choy,21,6,40.17,702.16,78.0,0.11,0,7.4,1,0
11825,Nubori Experience,88,5,77.12,1355.8,56.0,0.56,0,1.1,0,1
11826,Kobe Sushi,90,5,22.47,324.14,28.0,0.54,0,2.9,0,1
11827,Kobe Sushi,105,6,28.29,469.5,31.0,0.31,0,3.3,0,1
11828,Nubori Experience,120,9,65.24,1427.63,46.0,0.08,0,4.3,0,0
11829,Kobe Sushi,12,7,17.8,430.53,33.0,0.4,0,13.5,0,0
11830,Kobe Sushi,48,3,16.13,103.03,29.0,0.47,0,0.8,0,1
11831,Noe Sushi Bar,83,9,48.95,1410.31,44.0,0.23,3,1.3,0,1
11832,Nubori Experience,47,6,49.63,1148.17,45.0,0.37,0,7.2,0,0
11833,Chef Choy,113,10,35.13,1314.19,66.0,0.8,0,2.7,1,0
11834,Nubori Experience,94,6,79.15,1672.86,36.0,0.3,0,0.9,0,1
11835,Noe Sushi Bar,15,11,66.24,1241.93,62.0,0.23,0,2.9,1,0
11836,Kobe Sushi,67,5,14.05,214.8,29.0,0.23,3,11.8,1,0
11837,Noe Sushi Bar,113,8,64.0,1942.46,20.0,0.68,0,6.3,0,1
11838,Chef Choy,13,5,28.69,283.92,36.0,0.34,0,9.5,0,1
11839,Kobe Sushi,59,5,10.56,136.89,22.0,0.42,1,1.7,1,0
11840,Kobe Sushi,73,7,22.76,492.94,32.0,0.56,0,10.8,0,1
11841,Kobe Sushi,13,5,10.0,145.91,49.0,0.4,0,2.2,0,0
11842,Noe Sushi Bar,80,6,52.28,626.74,60.0,0.36,0,2.0,1,0
11843,Nubori Experience,115,8,89.52,2640.6,28.0,0.73,2,1.1,1,1
11844,Noe Sushi Bar,78,2,33.26,208.59,21.0,0.75,0,13.1,1,0
11845,Nubori Experience,72,6,86.48,1716.33,73.0,0.05,0,0.8,0,0
11846,Kobe Sushi,118,6,19.84,180.35,54.0,0.18,0,3.8,1,0
11847,Nubori Experience,19,7,76.95,1110.94,38.0,0.48,1,2.1,1,0
11848,Nubori Experience,57,5,90.44,1386.93,43.0,0.05,0,2.1,1,0
11849,Kobe Sushi,120,4,11.83,102.92,70.0,0.26,1,3.3,0,1
11850,Nubori Experience,32,8,39.5,477.93,21.0,0.12,1,8.4,1,0
11851,Kobe Sushi,99,4,14.75,190.5,39.0,0.63,0,7.7,0,0
11852,Nubori Experience,87,7,61.81,864.36,51.0,0.54,2,12.1,1,0
11853,Nubori Experience,21,6,62.79,1155.49,71.0,0.28,0,7.0,0,1
11854,Chef Choy,82,4,22.26,213.2,20.0,0.53,0,0.6,0,0
11855,Noe Sushi Bar,112,5,73.9,655.71,53.0,0.55,0,9.8,0,0
11856,Kobe Sushi,14,5,14.86,161.69,43.0,0.38,0,4.5,1,0
11857,Noe Sushi Bar,80,7,43.25,1102.83,45.0,0.32,1,0.7,1,1
11858,Kobe Sushi,24,5,17.55,150.2,45.0,0.13,0,9.5,0,0
11859,Chef Choy,49,7,18.94,342.64,45.0,0.14,0,0.7,1,0
11860,Chef Choy,116,7,29.84,740.26,37.0,0.56,0,3.8,0,0
11861,Nubori Experience,32,8,70.06,1262.3,26.0,0.37,0,0.8,0,1
11862,Kobe Sushi,75,5,14.29,215.11,59.0,0.11,0,0.5,0,0
11863,Nubori Experience,109,5,62.66,480.94,20.0,0.07,0,0.7,0,0
11864,Nubori Experience,11,6,92.86,1099.13,47.0,0.55,0,5.5,0,0
11865,Chef Choy,60,7,26.87,647.4,58.0,0.31,0,2.2,0,1
11866,Kobe Sushi,68,5,22.08,251.55,28.0,0.18,0,6.7,0,1
11867,Kobe Sushi,61,6,17.23,325.68,53.0,0.23,0,1.4,1,0
11868,Kobe Sushi,90,2,19.02,107.4,36.0,0.35,0,0.5,0,0
11869,Noe Sushi Bar,110,8,52.19,838.72,51.0,0.12,1,9.6,1,0
11870,Noe Sushi Bar,5,5,38.49,298.78,51.0,0.65,0,2.9,0,0
11871,Nubori Experience,36,9,77.91,1949.93,59.0,0.46,1,8.0,0,1
11872,Kobe Sushi,97,2,18.32,107.76,34.0,0.43,0,5.4,0,1
11873,Kobe Sushi,64,8,13.24,363.23,31.0,0.6,0,5.1,1,0
11874,Noe Sushi Bar,78,8,44.31,770.09,56.0,0.13,1,7.8,1,0
11875,Nubori Experience,32,10,73.35,2275.13,46.0,0.24,1,1.6,0,0
11876,Nubori Experience,71,4,67.69,899.93,39.0,0.36,0,8.1,0,1
11877,Nubori Experience,74,5,66.16,1087.47,60.0,0.33,1,7.5,1,0
11878,Noe Sushi Bar,66,8,64.0,1522.16,58.0,0.46,3,6.9,0,0
11879,Noe Sushi Bar,10,8,54.73,1343.71,20.0,0.19,0,14.7,0,0
11880,Nubori Experience,99,7,46.42,739.11,39.0,0.14,0,3.0,0,1
11881,Noe Sushi Bar,21,5,43.21,402.01,45.0,0.5,0,8.8,0,1
11882,Kobe Sushi,40,5,18.57,272.9,34.0,0.57,0,24.0,0,1
11883,Kobe Sushi,42,9,10.0,232.86,50.0,0.65,0,0.7,0,0
11884,Kobe Sushi,72,8,16.09,498.01,30.0,0.28,0,1.6,1,0
11885,Noe Sushi Bar,46,3,39.45,411.6,35.0,0.52,0,10.1,0,1
11886,Kobe Sushi,82,2,29.26,178.7,50.0,0.17,0,7.9,0,1
11887,Kobe Sushi,73,5,22.28,351.23,26.0,0.19,1,1.0,1,0
11888,Kobe Sushi,118,6,12.86,171.97,39.0,0.35,0,1.7,1,0
11889,Noe Sushi Bar,41,5,41.6,688.27,34.0,0.38,0,15.2,0,1
11890,Kobe Sushi,94,6,25.1,440.5,48.0,0.09,1,15.2,0,0
11891,Noe Sushi Bar,4,10,41.95,892.6,49.0,0.26,0,1.2,0,1
11892,Kobe Sushi,99,5,10.0,185.27,54.0,0.36,0,0.5,0,0
11893,Kobe Sushi,14,7,10.0,164.5,38.0,0.68,1,8.4,1,0
11894,Noe Sushi Bar,14,5,36.25,658.22,54.0,0.16,0,4.4,0,0
11895,Kobe Sushi,53,10,19.04,445.49,64.0,0.25,0,0.5,1,0
11896,Kobe Sushi,112,4,15.62,153.4,57.0,0.32,0,0.5,1,0
11897,Kobe Sushi,101,5,10.0,140.89,43.0,0.17,0,13.2,1,0
11898,Nubori Experience,84,10,28.93,570.81,42.0,0.26,2,0.5,1,1
11899,Noe Sushi Bar,29,4,68.11,1001.23,23.0,0.16,0,1.7,0,1
11900,Kobe Sushi,23,5,19.65,392.98,47.0,0.35,1,0.9,0,1
11901,Kobe Sushi,120,6,15.96,339.47,47.0,0.3,0,7.9,1,0
11902,Nubori Experience,111,5,67.27,1160.88,81.0,0.34,0,1.2,0,1
11903,Noe Sushi Bar,85,7,62.34,1035.83,26.0,0.28,0,3.8,1,0
11904,Noe Sushi Bar,31,5,63.32,1058.35,48.0,0.73,1,6.9,0,0
11905,Noe Sushi Bar,96,2,23.78,100.48,44.0,0.58,0,11.2,0,1
11906,Chef Choy,105,5,12.11,120.16,67.0,0.18,0,17.1,0,0
11907,Chef Choy,71,5,10.0,79.62,29.0,0.26,0,3.6,1,0
11908,Noe Sushi Bar,77,7,41.47,541.8,57.0,0.19,0,8.0,0,0
11909,Noe Sushi Bar,61,7,29.58,525.74,36.0,0.35,0,14.2,0,0
11910,Kobe Sushi,23,5,17.36,266.22,25.0,0.43,0,7.1,0,0
11911,Nubori Experience,8,6,88.85,998.66,60.0,0.24,0,2.9,0,0
11912,Noe Sushi Bar,76,5,44.62,399.28,42.0,0.04,0,1.4,0,0
11913,Kobe Sushi,100,9,14.39,325.71,22.0,0.23,1,0.5,1,0
11914,Nubori Experience,16,7,71.96,1972.02,55.0,0.16,0,2.5,0,0
11915,Nubori Experience,26,7,62.91,900.2,21.0,0.33,0,4.6,0,1
11916,Nubori Experience,29,7,53.94,756.86,59.0,0.44,0,2.5,0,0
11917,Nubori Experience,93,11,70.72,1809.22,59.0,0.34,0,0.5,0,1
11918,Nubori Experience,6,8,72.68,1247.24,55.0,0.35,0,3.4,0,1
11919,Kobe Sushi,37,8,11.74,273.78,59.0,0.33,0,21.4,0,0
11920,Nubori Experience,33,5,98.6,1948.68,57.0,0.51,0,1.0,0,1
11921,Nubori Experience,95,4,83.3,1283.87,58.0,0.28,1,1.1,0,1
11922,Kobe Sushi,46,1,15.31,32.27,36.0,0.38,1,14.5,0,1
11923,Kobe Sushi,61,6,15.25,242.26,43.0,0.33,0,4.8,0,0
11924,Nubori Experience,41,8,79.96,1755.42,49.0,0.65,0,5.1,0,1
11925,Kobe Sushi,18,4,16.57,231.74,21.0,0.51,0,1.2,0,0
11926,Nubori Experience,102,3,64.1,501.73,42.0,0.09,0,7.3,0,1
11927,Kobe Sushi,111,4,15.59,202.86,39.0,0.18,0,6.3,1,0
11928,Kobe Sushi,95,10,21.14,667.96,38.0,0.12,0,7.4,1,0
11929,Noe Sushi Bar,16,6,42.89,536.36,63.0,0.19,0,0.5,0,0
11930,Kobe Sushi,104,11,13.59,361.94,35.0,0.15,0,13.9,0,1
11931,Noe Sushi Bar,51,7,54.75,869.96,53.0,0.07,0,1.4,0,1
11932,Noe Sushi Bar,37,9,26.8,455.04,37.0,0.16,2,0.7,1,0
11933,Kobe Sushi,14,7,27.25,753.13,37.0,0.2,0,13.6,0,1
11934,Kobe Sushi,103,7,17.33,249.28,54.0,0.32,1,1.3,1,0
11935,Kobe Sushi,68,2,21.76,110.89,37.0,0.38,0,1.1,0,0
11936,Kobe Sushi,30,6,30.66,351.65,54.0,0.05,0,7.8,0,0
11937,Chef Choy,60,6,21.08,395.86,49.0,0.34,0,4.4,0,0
11938,Noe Sushi Bar,53,6,41.63,710.51,55.0,0.34,1,5.6,0,0
11939,Kobe Sushi,97,4,17.23,197.58,55.0,0.2,0,4.2,0,1
11940,Noe Sushi Bar,36,3,24.16,194.81,44.0,0.32,0,16.7,0,1
11941,Kobe Sushi,30,5,10.35,81.86,41.0,0.61,0,25.4,0,0
11942,Kobe Sushi,64,8,18.33,501.11,44.0,0.16,0,0.5,0,1
11943,Kobe Sushi,14,5,20.34,212.98,44.0,0.15,0,7.1,0,1
11944,Nubori Experience,23,2,43.84,207.18,39.0,0.42,0,6.8,0,1
11945,Nubori Experience,48,8,68.3,1707.09,47.0,0.3,0,6.5,0,1
11946,Nubori Experience,28,4,56.87,553.07,57.0,0.22,1,6.6,1,0
11947,Kobe Sushi,7,4,18.72,277.56,55.0,0.17,1,4.5,0,0
11948,Kobe Sushi,42,4,12.8,204.7,24.0,0.6,0,1.8,0,1
11949,Noe Sushi Bar,10,5,51.76,560.96,37.0,0.09,0,0.5,0,0
11950,Noe Sushi Bar,68,4,36.8,368.62,33.0,0.17,0,3.4,0,1
11951,Nubori Experience,44,7,68.39,1857.62,40.0,0.18,1,1.2,0,0
11952,Kobe Sushi,102,6,15.19,334.62,25.0,0.3,0,5.4,0,0
11953,Kobe Sushi,13,4,13.37,204.63,42.0,0.28,0,29.7,0,0
11954,Noe Sushi Bar,85,6,42.68,460.55,38.0,0.44,0,1.2,0,1
11955,Nubori Experience,33,6,59.31,1123.53,47.0,0.44,0,4.2,1,0
11956,Nubori Experience,104,10,64.68,1721.19,63.0,0.55,0,6.4,0,0
11957,Noe Sushi Bar,92,4,48.46,649.71,50.0,0.42,2,3.8,1,0
11958,Nubori Experience,87,12,64.55,2880.82,73.0,0.03,1,3.9,1,0
11959,Noe Sushi Bar,32,9,62.9,1366.19,75.0,0.5,0,7.5,1,0
11960,Nubori Experience,48,6,63.73,693.75,65.0,0.66,0,7.2,0,0
11961,Nubori Experience,5,6,71.6,736.46,49.0,0.21,0,0.5,0,1
11962,Nubori Experience,61,7,69.94,1323.45,37.0,0.5,0,2.2,1,0
11963,Kobe Sushi,90,10,24.25,444.35,44.0,0.07,0,6.7,0,1
11964,Kobe Sushi,103,6,10.72,111.23,31.0,0.18,0,2.9,1,0
11965,Noe Sushi Bar,90,8,60.03,722.43,40.0,0.19,0,8.7,1,0
11966,Noe Sushi Bar,3,9,43.77,1482.7,24.0,0.19,0,2.9,0,0
11967,Nubori Experience,24,6,79.78,994.93,20.0,0.11,1,1.3,0,1
11968,Kobe Sushi,117,8,14.3,172.55,39.0,0.56,0,15.8,0,0
11969,Kobe Sushi,98,7,19.07,302.96,64.0,0.43,0,5.3,1,0
11970,Chef Choy,34,5,41.39,688.11,42.0,0.07,0,2.4,0,0
11971,Kobe Sushi,84,7,11.37,171.78,34.0,0.47,0,1.2,1,0
11972,Kobe Sushi,119,7,16.56,428.4,63.0,0.32,0,30.0,1,0
11973,Kobe Sushi,94,2,25.29,122.4,46.0,0.37,1,12.3,1,0
11974,Noe Sushi Bar,42,3,40.38,389.3,32.0,0.48,0,3.5,0,1
11975,Kobe Sushi,20,9,19.01,266.31,20.0,0.38,0,0.9,0,1
11976,Nubori Experience,41,7,57.54,1481.06,53.0,0.49,0,0.8,0,1
11977,Noe Sushi Bar,82,8,43.38,1265.89,35.0,0.12,2,5.0,1,0
11978,Nubori Experience,102,4,61.53,858.21,57.0,0.52,0,5.3,0,1
11979,Noe Sushi Bar,20,9,58.64,1819.74,44.0,0.08,0,7.6,0,1
11980,Kobe Sushi,6,5,16.59,193.59,66.0,0.2,0,9.4,1,0
11981,Kobe Sushi,57,6,23.76,430.85,42.0,0.27,0,5.1,0,0
11982,Kobe Sushi,42,8,22.94,626.19,68.0,0.04,0,6.6,0,1
11983,Noe Sushi Bar,25,8,39.86,669.43,44.0,0.46,0,4.7,0,0
11984,Kobe Sushi,41,4,25.82,231.75,55.0,0.26,0,2.2,0,1
11985,Kobe Sushi,41,7,20.33,257.42,38.0,0.46,0,3.4,0,1
11986,Noe Sushi Bar,3,6,58.43,722.68,61.0,0.32,0,4.0,0,1
11987,Kobe Sushi,108,5,14.14,257.4,51.0,0.47,1,12.6,1,0
11988,Kobe Sushi,43,8,13.7,224.65,48.0,0.18,0,6.5,0,1
11989,Chef Choy,46,12,22.66,642.52,38.0,0.31,0,3.4,1,0
11990,Nubori Experience,57,5,74.3,718.86,63.0,0.66,3,4.5,1,0
11991,Kobe Sushi,83,2,13.12,103.42,53.0,0.2,1,3.1,1,0
11992,Kobe Sushi,74,7,18.65,359.16,46.0,0.21,0,3.4,1,0
11993,Nubori Experience,51,11,43.75,1334.66,68.0,0.04,0,5.2,1,0
11994,Kobe Sushi,5,6,21.79,464.0,59.0,0.51,0,10.9,0,0
11995,Nubori Experience,86,9,94.01,1851.56,20.0,0.51,0,14.2,0,0
11996,Kobe Sushi,73,4,21.49,306.89,20.0,0.04,0,3.4,0,1
11997,Nubori Experience,97,7,64.03,874.5,47.0,0.39,0,0.5,0,1
11998,Kobe Sushi,15,6,10.0,134.42,39.0,0.41,0,0.8,0,1
11999,Nubori Experience,88,8,68.77,1842.48,45.0,0.44,0,9.8,1,0
12000,Kobe Sushi,94,4,20.8,252.71,42.0,0.06,0,6.3,0,0
12001,Noe Sushi Bar,100,5,44.66,836.14,54.0,0.23,0,1.2,0,1
12002,Kobe Sushi,39,5,18.08,257.42,58.0,0.06,0,0.5,0,1
12003,Kobe Sushi,70,1,16.5,26.59,42.0,0.73,0,1.8,0,0
12004,Chef Choy,79,11,20.05,759.82,43.0,0.17,1,5.1,1,0
12005,Noe Sushi Bar,38,4,40.83,584.94,20.0,0.53,2,12.0,0,0
12006,Nubori Experience,39,3,64.74,534.18,73.0,0.48,0,5.4,0,1
12007,Noe Sushi Bar,52,6,39.33,882.36,45.0,0.31,0,10.1,0,0
12008,Nubori Experience,86,7,44.36,526.51,63.0,0.2,0,2.9,0,1
12009,Noe Sushi Bar,3,3,74.69,796.79,53.0,0.02,1,0.5,1,0
12010,Nubori Experience,117,7,59.72,962.77,61.0,0.25,0,5.3,1,0
12011,Nubori Experience,29,12,65.56,2119.51,55.0,0.29,0,3.7,0,0
12012,Kobe Sushi,93,8,22.17,335.87,20.0,0.32,0,10.1,0,0
12013,Nubori Experience,31,8,75.5,1767.79,48.0,0.83,0,1.3,1,1
12014,Nubori Experience,109,5,48.14,901.25,23.0,0.54,1,6.5,0,1
12015,Kobe Sushi,66,6,16.28,256.67,60.0,0.24,0,14.2,1,0
12016,Noe Sushi Bar,99,6,52.8,588.73,37.0,0.14,1,4.1,1,0
12017,Kobe Sushi,45,11,21.22,395.06,54.0,0.17,0,4.8,0,1
12018,Nubori Experience,73,3,75.53,391.3,51.0,0.06,0,0.5,0,1
12019,Kobe Sushi,22,1,25.23,94.04,28.0,0.22,1,0.5,0,1
12020,Kobe Sushi,83,6,19.13,367.1,31.0,0.14,1,16.5,1,0
12021,Noe Sushi Bar,114,6,37.91,683.26,76.0,0.12,1,14.4,0,0
12022,Noe Sushi Bar,101,5,41.61,704.58,31.0,0.61,1,20.2,1,0
12023,Nubori Experience,10,5,68.41,515.53,24.0,0.48,1,17.0,0,0
12024,Nubori Experience,110,3,73.65,587.01,47.0,0.61,2,7.9,1,0
12025,Noe Sushi Bar,21,2,58.76,416.48,61.0,0.11,0,1.1,0,1
12026,Kobe Sushi,17,6,26.15,471.29,59.0,0.44,1,0.6,0,1
12027,Noe Sushi Bar,67,8,32.36,533.73,20.0,0.16,0,1.2,0,1
12028,Noe Sushi Bar,7,6,45.71,695.59,49.0,0.28,0,1.6,0,1
12029,Noe Sushi Bar,105,3,42.57,316.54,37.0,0.67,0,16.5,1,0
12030,Kobe Sushi,101,5,26.65,506.9,60.0,0.36,0,5.1,0,1
12031,Noe Sushi Bar,36,2,54.29,375.74,71.0,0.29,0,15.3,1,0
12032,Kobe Sushi,67,8,10.0,256.61,24.0,0.48,0,0.9,0,0
12033,Chef Choy,77,6,18.05,306.31,60.0,0.23,0,2.0,1,0
12034,Noe Sushi Bar,105,7,54.42,785.81,44.0,0.15,1,1.4,0,0
12035,Nubori Experience,30,5,49.94,879.0,44.0,0.43,1,11.9,0,0
12036,Noe Sushi Bar,87,6,47.88,649.47,26.0,0.33,0,1.1,0,1
12037,Kobe Sushi,71,6,18.12,175.1,54.0,0.39,3,2.6,1,0
12038,Nubori Experience,94,4,59.6,400.38,27.0,0.41,0,4.4,0,0
12039,Noe Sushi Bar,29,8,64.22,1447.99,32.0,0.25,0,2.5,0,1
12040,Kobe Sushi,72,7,28.68,398.14,50.0,0.31,1,1.0,0,1
12041,Noe Sushi Bar,74,4,20.32,122.36,38.0,0.48,0,5.7,0,1
12042,Kobe Sushi,33,4,11.92,170.78,70.0,0.38,0,4.7,0,0
12043,Nubori Experience,59,6,47.29,763.33,45.0,0.56,0,3.4,0,0
12044,Noe Sushi Bar,20,10,57.66,2296.81,54.0,0.16,0,0.9,0,1
12045,Noe Sushi Bar,93,10,51.08,1881.7,26.0,0.06,1,18.3,1,0
12046,Kobe Sushi,29,3,25.73,147.48,37.0,0.7,0,12.1,0,0
12047,Kobe Sushi,53,9,27.01,570.63,52.0,0.38,0,6.2,0,0
12048,Nubori Experience,85,6,61.12,1098.63,45.0,0.27,0,0.7,0,0
12049,Nubori Experience,1,10,68.01,1833.35,64.0,0.41,0,6.4,1,0
12050,Kobe Sushi,115,5,14.51,281.6,48.0,0.17,0,1.2,0,0
12051,Kobe Sushi,34,3,19.42,128.07,37.0,0.14,0,5.4,0,1
12052,Kobe Sushi,44,6,22.34,347.83,48.0,0.25,0,2.7,0,1
12053,Noe Sushi Bar,119,5,43.55,502.23,33.0,0.38,0,6.3,0,1
12054,Chef Choy,96,2,30.17,105.83,57.0,0.2,0,1.1,0,1
12055,Noe Sushi Bar,109,7,48.17,1323.67,24.0,0.46,0,2.1,1,0
12056,Noe Sushi Bar,14,6,43.13,613.79,66.0,0.59,0,0.5,0,0
12057,Nubori Experience,37,4,72.96,782.44,42.0,0.05,0,1.9,1,0
12058,Noe Sushi Bar,35,5,39.48,307.08,47.0,0.18,0,3.3,0,0
12059,Kobe Sushi,59,4,18.66,225.65,37.0,0.7,1,5.8,0,1
12060,Noe Sushi Bar,24,4,56.92,438.79,36.0,0.25,3,4.0,0,1
12061,Nubori Experience,113,3,53.13,250.96,59.0,0.42,0,9.3,0,0
12062,Chef Choy,65,7,13.43,359.78,56.0,0.48,1,1.7,0,1
12063,Noe Sushi Bar,110,9,31.39,886.67,77.0,0.57,0,1.7,0,1
12064,Noe Sushi Bar,6,4,56.11,819.08,30.0,0.44,0,0.8,0,1
12065,Nubori Experience,113,7,49.12,1110.86,72.0,0.21,0,0.5,0,0
12066,Noe Sushi Bar,68,6,48.52,566.61,37.0,0.36,1,13.2,1,0
12067,Kobe Sushi,38,5,24.03,321.54,63.0,0.32,0,1.1,0,1
12068,Nubori Experience,1,7,72.46,1298.32,55.0,0.13,0,11.3,0,0
12069,Nubori Experience,41,8,65.45,1815.32,56.0,0.19,1,1.3,1,0
12070,Kobe Sushi,31,5,22.92,229.06,46.0,0.72,0,10.2,0,0
12071,Noe Sushi Bar,36,10,48.27,1095.09,46.0,0.14,3,11.4,0,1
12072,Noe Sushi Bar,73,5,45.08,692.32,22.0,0.47,0,0.5,0,1
12073,Kobe Sushi,105,8,20.51,369.24,32.0,0.13,0,3.1,0,1
12074,Nubori Experience,54,5,68.42,1294.89,70.0,0.66,0,4.2,0,0
12075,Noe Sushi Bar,109,4,40.0,536.85,20.0,0.53,0,2.6,1,0
12076,Nubori Experience,87,2,63.53,287.69,69.0,0.32,0,0.5,0,0
12077,Kobe Sushi,31,6,14.38,311.8,50.0,0.3,0,16.4,0,0
12078,Noe Sushi Bar,29,3,42.14,310.75,49.0,0.71,0,6.3,0,0
12079,Kobe Sushi,113,1,21.66,64.9,20.0,0.21,0,15.9,0,1
12080,Chef Choy,85,7,27.42,412.39,51.0,0.07,0,1.8,0,1
12081,Noe Sushi Bar,3,6,51.14,671.16,30.0,0.13,0,3.0,0,1
12082,Noe Sushi Bar,58,6,47.57,924.83,65.0,0.35,0,3.8,0,1
12083,Kobe Sushi,90,3,19.7,226.7,26.0,0.72,2,24.3,1,0
12084,Kobe Sushi,61,8,13.91,194.55,42.0,0.16,0,1.0,0,0
12085,Kobe Sushi,6,4,14.67,102.52,43.0,0.24,1,4.5,0,0
12086,Kobe Sushi,20,4,13.96,191.58,74.0,0.15,2,2.4,0,1
12087,Noe Sushi Bar,111,9,33.0,1123.51,42.0,0.06,0,2.3,0,1
12088,Noe Sushi Bar,61,2,44.41,238.9,21.0,0.15,1,1.7,1,0
12089,Noe Sushi Bar,46,4,43.98,419.93,69.0,0.24,0,22.9,1,0
12090,Noe Sushi Bar,13,6,46.31,445.53,40.0,0.16,0,0.5,0,1
12091,Kobe Sushi,105,4,25.43,239.24,46.0,0.26,0,8.7,0,1
12092,Kobe Sushi,23,7,13.61,261.44,43.0,0.33,0,0.5,0,1
12093,Kobe Sushi,79,7,21.35,453.64,26.0,0.52,0,1.2,0,0
12094,Nubori Experience,110,9,61.63,1144.36,48.0,0.49,0,1.5,0,1
12095,Noe Sushi Bar,31,4,48.29,577.45,72.0,0.45,0,4.1,0,0
12096,Kobe Sushi,4,9,19.41,301.15,43.0,0.2,0,24.7,0,0
12097,Kobe Sushi,75,2,22.21,138.25,50.0,0.06,0,9.6,0,0
12098,Nubori Experience,118,6,72.97,1172.75,45.0,0.56,0,1.3,1,0
12099,Noe Sushi Bar,66,4,44.35,529.66,45.0,0.09,0,3.2,1,0
12100,Noe Sushi Bar,16,4,31.34,436.51,53.0,0.28,1,8.3,0,0
12101,Noe Sushi Bar,115,5,43.81,525.62,26.0,0.24,0,1.7,0,0
12102,Kobe Sushi,31,7,20.96,454.68,39.0,0.46,0,11.3,0,1
12103,Nubori Experience,48,4,90.86,922.99,48.0,0.27,0,23.7,0,0
12104,Chef Choy,103,8,23.69,626.14,57.0,0.6,0,9.4,1,0
12105,Kobe Sushi,43,13,12.25,566.33,39.0,0.37,0,3.1,1,0
12106,Nubori Experience,108,5,40.0,509.68,38.0,0.23,0,5.3,0,0
12107,Chef Choy,4,9,21.12,525.01,46.0,0.3,0,3.9,0,0
12108,Kobe Sushi,62,6,20.7,189.59,60.0,0.14,0,0.6,0,1
12109,Noe Sushi Bar,48,2,58.11,398.34,56.0,0.66,0,1.7,0,1
12110,Kobe Sushi,28,3,21.94,174.88,43.0,0.36,0,1.6,0,0
12111,Kobe Sushi,16,8,10.0,305.83,21.0,0.37,1,11.1,0,0
12112,Noe Sushi Bar,103,3,29.02,300.78,49.0,0.5,1,2.4,0,1
12113,Kobe Sushi,89,2,16.34,56.22,55.0,0.41,0,2.0,0,1
12114,Nubori Experience,77,5,72.81,1088.47,57.0,0.64,0,2.4,1,0
12115,Nubori Experience,69,5,90.8,861.65,37.0,0.07,0,3.6,0,1
12116,Kobe Sushi,30,8,20.39,399.01,50.0,0.25,0,10.6,0,1
12117,Noe Sushi Bar,65,7,58.59,912.3,77.0,0.35,0,4.9,1,0
12118,Nubori Experience,69,9,38.79,701.8,47.0,0.78,0,6.0,0,1
12119,Chef Choy,118,5,11.14,161.47,50.0,0.22,0,1.2,1,0
12120,Chef Choy,14,7,18.51,297.02,62.0,0.3,0,3.2,0,1
12121,Kobe Sushi,75,2,12.24,76.73,66.0,0.28,0,11.3,1,0
12122,Noe Sushi Bar,34,2,45.85,351.66,42.0,0.18,0,2.5,0,1
12123,Noe Sushi Bar,56,5,45.16,760.68,50.0,0.03,0,7.0,0,1
12124,Nubori Experience,29,7,76.69,1147.66,51.0,0.71,0,2.7,0,1
12125,Kobe Sushi,82,7,15.67,207.09,63.0,0.67,0,0.5,1,0
12126,Nubori Experience,79,6,37.56,729.58,52.0,0.41,0,0.5,1,0
12127,Kobe Sushi,110,3,23.6,270.93,56.0,0.47,0,11.0,0,1
12128,Nubori Experience,25,7,57.38,1413.94,66.0,0.47,0,2.5,0,1
12129,Noe Sushi Bar,94,8,28.8,554.44,20.0,0.07,0,25.1,0,1
12130,Noe Sushi Bar,109,6,43.28,951.79,25.0,0.24,0,0.5,1,0
12131,Noe Sushi Bar,66,2,36.54,175.44,23.0,0.43,0,8.8,1,0
12132,Kobe Sushi,115,7,29.92,772.37,28.0,0.22,0,21.5,1,0
12133,Kobe Sushi,40,2,17.62,139.92,50.0,0.38,0,4.7,0,1
12134,Kobe Sushi,91,8,16.29,255.4,39.0,0.43,0,1.6,0,1
12135,Kobe Sushi,118,5,18.1,191.62,51.0,0.68,0,10.4,0,0
12136,Kobe Sushi,113,6,12.32,233.18,43.0,0.1,0,0.5,0,1
12137,Chef Choy,15,3,21.61,255.93,27.0,0.07,1,2.7,0,0
12138,Noe Sushi Bar,32,8,43.39,1133.54,29.0,0.43,1,0.5,0,1
12139,Kobe Sushi,20,11,10.0,175.45,30.0,0.08,1,4.7,1,0
12140,Nubori Experience,53,8,81.11,1404.2,58.0,0.28,0,1.6,0,0
12141,Noe Sushi Bar,78,4,36.85,509.8,52.0,0.55,0,3.2,0,1
12142,Nubori Experience,91,7,87.71,1392.51,54.0,0.25,0,0.9,1,0
12143,Noe Sushi Bar,67,10,46.52,1366.29,47.0,0.64,1,2.4,0,0
12144,Kobe Sushi,49,8,19.65,316.53,47.0,0.74,0,6.5,1,0
12145,Noe Sushi Bar,67,4,45.08,309.69,51.0,0.1,0,11.0,1,0
12146,Noe Sushi Bar,77,6,40.93,648.24,39.0,0.49,0,5.8,0,0
12147,Kobe Sushi,89,10,20.29,359.45,67.0,0.42,0,4.9,0,1
12148,Kobe Sushi,82,10,24.51,776.97,57.0,0.08,0,4.5,1,0
12149,Kobe Sushi,1,8,27.21,585.61,46.0,0.42,0,2.3,0,1
12150,Kobe Sushi,39,5,23.45,346.23,50.0,0.5,0,2.3,0,0
12151,Noe Sushi Bar,61,6,48.5,897.27,53.0,0.25,0,16.0,0,0
12152,Noe Sushi Bar,55,3,46.57,466.99,43.0,0.21,0,0.5,0,0
12153,Kobe Sushi,69,10,10.84,199.76,42.0,0.38,0,6.7,0,0
12154,Noe Sushi Bar,2,4,59.27,854.99,62.0,0.16,0,3.4,0,1
12155,Noe Sushi Bar,94,3,55.02,597.66,37.0,0.16,0,1.9,1,0
12156,Kobe Sushi,17,4,21.79,188.57,22.0,0.28,3,2.7,0,0
12157,Kobe Sushi,29,6,15.58,372.54,30.0,0.12,0,1.1,0,1
12158,Kobe Sushi,117,3,24.08,154.57,65.0,0.74,0,9.5,1,0
12159,Kobe Sushi,106,5,23.11,238.2,34.0,0.55,0,0.5,0,0
12160,Kobe Sushi,4,3,10.02,77.36,31.0,0.18,0,6.1,0,0
12161,Kobe Sushi,73,3,10.0,63.21,33.0,0.15,0,5.8,0,1
12162,Noe Sushi Bar,64,5,64.57,637.1,57.0,0.28,0,2.4,0,1
12163,Noe Sushi Bar,85,9,35.32,677.66,57.0,0.31,1,3.5,0,0
12164,Kobe Sushi,43,4,28.32,220.04,38.0,0.53,0,0.8,0,0
12165,Kobe Sushi,76,7,15.55,235.48,50.0,0.44,3,3.2,0,0
12166,Noe Sushi Bar,12,10,50.77,1407.37,47.0,0.25,1,15.1,0,1
12167,Nubori Experience,50,5,68.83,762.6,67.0,0.28,0,8.7,1,0
12168,Chef Choy,68,3,31.07,227.01,43.0,0.16,0,3.1,0,1
12169,Noe Sushi Bar,61,7,37.01,900.33,36.0,0.35,0,5.2,0,1
12170,Kobe Sushi,92,7,23.0,329.16,53.0,0.37,2,9.2,1,0
12171,Kobe Sushi,73,4,15.95,219.68,54.0,0.41,0,2.1,0,1
12172,Nubori Experience,104,9,46.72,1549.01,48.0,0.62,0,0.5,0,1
12173,Kobe Sushi,51,8,12.79,355.69,37.0,0.27,0,17.7,1,1
12174,Nubori Experience,120,5,66.29,536.74,40.0,0.83,0,12.1,1,0
12175,Noe Sushi Bar,96,4,27.59,240.88,45.0,0.77,0,5.1,0,1
12176,Noe Sushi Bar,77,9,68.13,2043.59,29.0,0.16,0,1.3,0,0
12177,Kobe Sushi,98,5,16.82,134.05,45.0,0.59,0,11.5,1,0
12178,Noe Sushi Bar,83,9,47.0,642.75,70.0,0.23,0,7.8,0,1
12179,Noe Sushi Bar,78,8,16.45,496.6,56.0,0.64,0,22.5,1,0
12180,Kobe Sushi,5,4,17.2,103.38,24.0,0.65,0,5.4,0,1
12181,Kobe Sushi,91,7,15.44,246.72,55.0,0.23,0,9.0,1,0
12182,Nubori Experience,28,7,73.08,1604.84,44.0,0.58,0,0.9,0,1
12183,Noe Sushi Bar,90,5,73.28,1358.93,40.0,0.65,0,1.2,0,1
12184,Noe Sushi Bar,10,9,43.26,744.08,67.0,0.27,0,2.9,0,1
12185,Kobe Sushi,88,8,21.31,524.21,50.0,0.12,0,0.8,0,0
12186,Noe Sushi Bar,81,4,28.16,290.08,63.0,0.24,0,4.2,0,1
12187,Noe Sushi Bar,52,6,59.24,1132.03,54.0,0.16,0,5.2,1,0
12188,Noe Sushi Bar,80,5,37.04,734.87,35.0,0.13,0,1.7,0,1
12189,Noe Sushi Bar,17,8,35.15,430.05,45.0,0.08,0,2.4,0,1
12190,Noe Sushi Bar,65,7,46.85,1008.32,56.0,0.35,0,4.4,0,1
12191,Noe Sushi Bar,21,4,48.14,631.38,40.0,0.24,0,2.9,0,0
12192,Kobe Sushi,54,2,21.91,137.68,41.0,0.07,0,3.4,0,0
12193,Nubori Experience,111,6,84.44,1226.86,20.0,0.56,1,10.6,1,0
12194,Noe Sushi Bar,49,6,31.95,563.15,70.0,0.3,0,8.0,1,0
12195,Kobe Sushi,107,6,18.63,301.45,33.0,0.27,3,13.9,1,0
12196,Noe Sushi Bar,22,7,31.87,551.96,38.0,0.39,0,10.3,0,1
12197,Nubori Experience,69,3,44.42,371.2,20.0,0.57,2,0.5,1,0
12198,Kobe Sushi,64,6,17.23,286.22,55.0,0.57,0,1.6,0,0
12199,Kobe Sushi,36,2,21.43,144.53,64.0,0.1,0,7.6,1,0
12200,Noe Sushi Bar,21,4,41.89,494.46,55.0,0.4,0,9.9,0,0
12201,Kobe Sushi,56,6,16.17,346.01,44.0,0.34,0,11.8,1,0
12202,Chef Choy,73,4,30.32,455.77,24.0,0.04,0,1.3,0,1
12203,Kobe Sushi,91,8,15.22,348.39,25.0,0.56,0,1.4,0,1
12204,Chef Choy,48,5,34.26,684.23,41.0,0.48,0,1.5,0,1
12205,Kobe Sushi,76,5,18.36,141.44,32.0,0.26,0,2.2,1,0
12206,Kobe Sushi,18,6,16.8,211.78,43.0,0.48,0,2.0,0,1
12207,Nubori Experience,118,7,78.62,841.95,27.0,0.16,0,6.1,0,0
12208,Noe Sushi Bar,99,3,42.47,411.59,67.0,0.3,0,15.7,1,0
12209,Kobe Sushi,15,4,25.75,253.57,22.0,0.16,0,5.0,0,0
12210,Kobe Sushi,114,5,15.52,192.65,42.0,0.26,0,1.0,0,1
12211,Noe Sushi Bar,44,9,25.71,779.9,61.0,0.5,0,7.0,0,0
12212,Noe Sushi Bar,94,8,44.86,932.7,39.0,0.55,0,3.4,1,0
12213,Nubori Experience,45,9,62.14,2160.94,58.0,0.2,0,12.3,0,0
12214,Nubori Experience,97,6,92.6,1596.9,43.0,0.53,0,18.3,0,0
12215,Noe Sushi Bar,36,8,28.65,437.4,38.0,0.38,0,0.5,0,0
12216,Noe Sushi Bar,40,5,28.23,476.59,60.0,0.09,1,28.5,0,0
12217,Noe Sushi Bar,51,5,35.24,653.88,20.0,0.56,0,16.7,0,0
12218,Noe Sushi Bar,117,9,86.03,1609.51,32.0,0.35,0,0.9,0,1
12219,Kobe Sushi,30,9,12.94,450.79,48.0,0.38,1,8.8,1,0
12220,Kobe Sushi,26,6,25.99,544.61,31.0,0.29,0,1.5,0,1
12221,Kobe Sushi,85,5,16.02,297.6,56.0,0.18,0,0.9,0,0
12222,Kobe Sushi,101,9,18.0,481.34,61.0,0.61,0,1.9,1,0
12223,Kobe Sushi,107,5,26.66,404.63,50.0,0.45,1,5.4,0,1
12224,Noe Sushi Bar,31,7,40.2,805.39,39.0,0.57,0,4.4,1,0
12225,Chef Choy,120,5,34.01,659.36,20.0,0.38,0,1.8,1,0
12226,Noe Sushi Bar,56,7,48.44,1260.46,52.0,0.66,0,0.9,0,0
12227,Kobe Sushi,61,7,20.65,302.79,66.0,0.31,0,0.5,0,1
12228,Kobe Sushi,17,7,14.34,331.54,38.0,0.28,1,0.5,0,1
12229,Noe Sushi Bar,81,9,22.26,347.45,61.0,0.51,0,10.4,0,1
12230,Kobe Sushi,98,5,27.71,211.22,68.0,0.52,0,2.4,1,0
12231,Noe Sushi Bar,24,6,59.49,929.64,43.0,0.46,0,5.6,0,1
12232,Nubori Experience,97,4,66.11,608.96,53.0,0.32,0,9.4,1,0
12233,Kobe Sushi,4,7,18.13,489.05,65.0,0.29,0,3.4,1,0
12234,Kobe Sushi,9,7,23.13,453.34,20.0,0.52,0,1.4,0,0
12235,Noe Sushi Bar,2,10,47.76,724.75,49.0,0.46,0,10.8,0,0
12236,Nubori Experience,35,4,56.95,474.32,35.0,0.35,0,2.4,0,0
12237,Chef Choy,38,4,18.41,167.35,54.0,0.38,1,10.1,0,0
12238,Nubori Experience,45,10,57.23,886.0,20.0,0.07,0,0.5,0,1
12239,Kobe Sushi,15,6,14.8,291.25,29.0,0.33,0,1.5,0,0
12240,Nubori Experience,107,4,50.9,739.06,51.0,0.55,0,4.7,1,0
12241,Kobe Sushi,42,8,11.94,187.56,42.0,0.5,0,30.0,1,0
12242,Kobe Sushi,3,6,23.43,291.89,26.0,0.06,0,4.0,0,1
12243,Nubori Experience,31,4,84.53,1110.36,53.0,0.49,0,0.6,0,1
12244,Nubori Experience,52,10,64.0,2495.96,48.0,0.29,1,3.1,1,1
12245,Kobe Sushi,41,5,15.5,216.02,46.0,0.38,0,4.0,0,0
12246,Kobe Sushi,57,3,20.42,94.2,22.0,0.69,0,23.1,0,1
12247,Kobe Sushi,42,8,21.04,608.54,42.0,0.27,0,6.0,0,0
12248,Kobe Sushi,53,5,22.84,434.57,72.0,0.22,1,5.9,0,0
12249,Kobe Sushi,119,7,16.33,339.51,32.0,0.13,0,1.4,0,1
12250,Nubori Experience,56,2,45.63,320.85,63.0,0.82,0,8.1,0,1
12251,Noe Sushi Bar,87,4,66.01,411.51,36.0,0.36,0,8.9,0,1
12252,Chef Choy,76,9,42.92,918.14,28.0,0.17,0,4.6,0,0
12253,Chef Choy,72,8,47.15,959.57,39.0,0.55,0,12.4,0,0
12254,Noe Sushi Bar,53,4,32.54,420.11,56.0,0.05,0,13.0,0,0
12255,Chef Choy,85,1,26.13,92.11,69.0,0.6,0,1.2,0,1
12256,Noe Sushi Bar,85,4,47.21,512.5,23.0,0.17,0,0.9,0,0
12257,Kobe Sushi,32,11,20.04,678.04,37.0,0.14,0,27.0,0,0
12258,Noe Sushi Bar,81,1,50.81,201.56,37.0,0.26,1,6.1,0,0
12259,Noe Sushi Bar,54,7,41.09,623.42,40.0,0.29,0,4.7,0,0
12260,Nubori Experience,37,3,88.25,964.6,31.0,0.21,1,6.8,1,0
12261,Nubori Experience,88,4,73.99,511.88,63.0,0.37,0,3.9,0,1
12262,Noe Sushi Bar,8,10,33.93,563.64,59.0,0.59,0,9.2,1,0
12263,Chef Choy,82,2,41.93,305.76,42.0,0.35,0,1.2,0,0
12264,Kobe Sushi,11,6,19.84,370.43,35.0,0.3,0,8.7,0,0
12265,Chef Choy,54,10,11.32,424.96,27.0,0.21,0,5.8,0,0
12266,Kobe Sushi,60,3,16.35,104.54,54.0,0.33,0,0.7,0,0
12267,Kobe Sushi,10,4,10.29,164.31,51.0,0.26,0,2.2,0,1
12268,Kobe Sushi,90,4,16.69,192.83,51.0,0.67,0,0.5,1,0
12269,Noe Sushi Bar,111,5,32.32,275.3,46.0,0.38,0,4.7,0,1
12270,Kobe Sushi,70,9,18.0,422.0,45.0,0.34,0,1.8,0,1
12271,Nubori Experience,115,6,91.25,2078.48,46.0,0.27,0,0.8,1,0
12272,Kobe Sushi,81,5,20.21,195.63,65.0,0.65,0,3.1,0,1
12273,Nubori Experience,87,7,73.63,1567.37,50.0,0.39,0,0.5,1,0
12274,Noe Sushi Bar,42,9,40.12,928.8,55.0,0.28,0,19.1,0,1
12275,Kobe Sushi,37,9,24.56,357.51,36.0,0.36,0,0.5,0,1
12276,Kobe Sushi,92,5,22.92,357.64,47.0,0.09,1,2.1,0,1
12277,Noe Sushi Bar,80,9,37.83,1167.45,63.0,0.33,0,2.5,0,1
12278,Noe Sushi Bar,76,6,40.08,532.81,52.0,0.66,0,9.4,1,0
12279,Noe Sushi Bar,58,3,55.61,664.1,32.0,0.33,0,2.1,1,0
12280,Kobe Sushi,85,8,24.67,750.27,36.0,0.75,0,22.0,1,0
12281,Noe Sushi Bar,59,3,52.61,340.9,47.0,0.63,1,0.8,0,1
12282,Nubori Experience,24,8,56.59,745.65,34.0,0.56,0,1.6,0,1
12283,Kobe Sushi,28,8,16.6,328.11,20.0,0.29,1,5.7,0,0
12284,Noe Sushi Bar,37,7,29.81,566.27,68.0,0.54,0,4.1,0,1
12285,Kobe Sushi,21,8,10.26,165.11,51.0,0.36,1,8.6,0,0
12286,Chef Choy,33,11,17.24,312.4,20.0,0.03,0,0.5,1,0
12287,Chef Choy,2,5,29.86,318.37,27.0,0.12,0,4.8,0,1
12288,Kobe Sushi,101,4,23.31,154.94,61.0,0.39,0,2.6,1,0
12289,Kobe Sushi,119,6,21.8,345.3,50.0,0.45,1,20.8,1,0
12290,Kobe Sushi,83,7,17.37,258.17,50.0,0.39,0,2.5,0,0
12291,Noe Sushi Bar,28,5,49.73,949.86,60.0,0.15,0,1.7,0,0
12292,Noe Sushi Bar,15,3,18.2,153.99,29.0,0.31,0,2.4,1,0
12293,Nubori Experience,1,9,88.19,2835.67,86.0,0.64,0,10.4,0,0
12294,Noe Sushi Bar,107,6,49.62,885.25,30.0,0.17,0,8.7,0,0
12295,Kobe Sushi,28,8,18.96,486.51,41.0,0.6,0,0.5,0,1
12296,Nubori Experience,50,8,84.96,1907.9,62.0,0.43,0,0.7,0,1
12297,Noe Sushi Bar,35,5,49.23,886.61,66.0,0.45,2,1.4,1,0
12298,Noe Sushi Bar,96,6,44.3,418.28,48.0,0.47,0,3.2,1,0
12299,Kobe Sushi,28,4,15.36,195.74,39.0,0.44,0,11.5,0,0
12300,Kobe Sushi,9,6,17.68,299.1,35.0,0.56,0,6.0,0,0
12301,Nubori Experience,24,5,58.18,858.46,57.0,0.77,2,3.8,1,0
12302,Noe Sushi Bar,63,4,75.68,781.93,32.0,0.42,0,4.0,1,0
12303,Kobe Sushi,4,5,18.95,244.32,25.0,0.1,0,5.9,0,0
12304,Noe Sushi Bar,56,5,43.09,736.75,83.0,0.18,0,2.1,1,0
12305,Nubori Experience,109,6,53.78,629.7,42.0,0.69,0,2.9,0,1
12306,Kobe Sushi,41,8,17.21,340.67,27.0,0.4,0,4.0,0,0
12307,Noe Sushi Bar,67,7,38.37,1045.03,41.0,0.45,0,1.0,1,0
12308,Nubori Experience,48,4,54.55,630.41,49.0,0.49,0,3.7,1,0
12309,Kobe Sushi,86,6,12.65,122.52,28.0,0.38,0,4.6,1,1
12310,Noe Sushi Bar,104,1,49.17,174.03,39.0,0.26,1,10.9,0,0
12311,Noe Sushi Bar,58,8,46.51,1015.61,31.0,0.43,1,0.9,0,0
12312,Noe Sushi Bar,39,8,50.76,632.42,21.0,0.42,1,14.4,0,1
12313,Kobe Sushi,119,7,16.91,280.91,31.0,0.82,0,1.5,1,0
12314,Kobe Sushi,113,7,12.88,256.41,55.0,0.49,0,9.4,1,0
12315,Noe Sushi Bar,25,7,40.93,1136.21,58.0,0.27,2,1.4,1,0
12316,Kobe Sushi,60,10,19.72,600.67,47.0,0.28,2,0.5,0,1
12317,Noe Sushi Bar,112,7,56.89,1241.92,59.0,0.62,0,0.5,0,0
12318,Kobe Sushi,117,9,13.26,346.38,48.0,0.28,1,11.9,1,0
12319,Kobe Sushi,86,2,10.0,74.35,20.0,0.15,0,14.0,0,1
12320,Nubori Experience,114,10,85.6,1365.38,25.0,0.26,1,2.2,1,0
12321,Noe Sushi Bar,112,6,14.95,175.87,54.0,0.52,0,0.5,1,0
12322,Nubori Experience,47,8,73.81,1987.39,20.0,0.71,0,3.2,1,0
12323,Kobe Sushi,98,6,20.47,276.98,75.0,0.12,0,11.8,1,0
12324,Noe Sushi Bar,61,11,51.02,1073.47,40.0,0.4,3,8.4,1,0
12325,Kobe Sushi,84,9,21.12,349.02,61.0,0.37,2,0.5,1,0
12326,Chef Choy,100,6,20.99,205.04,56.0,0.09,0,9.8,1,0
12327,Chef Choy,101,8,41.37,1292.94,55.0,0.11,0,8.4,0,0
12328,Kobe Sushi,103,8,13.12,345.96,52.0,0.19,0,1.4,1,0
12329,Nubori Experience,27,7,59.63,720.39,51.0,0.41,1,1.5,1,0
12330,Kobe Sushi,111,2,13.23,75.22,60.0,0.51,0,9.9,1,0
12331,Noe Sushi Bar,113,8,36.15,467.81,39.0,0.5,0,3.6,0,1
12332,Nubori Experience,96,2,70.83,532.57,40.0,0.32,0,5.6,0,1
12333,Nubori Experience,42,4,45.51,320.26,30.0,0.72,0,0.5,0,1
12334,Nubori Experience,52,8,62.24,1699.57,38.0,0.26,0,9.7,0,0
12335,Kobe Sushi,93,8,19.87,586.25,20.0,0.12,0,0.5,0,1
12336,Kobe Sushi,105,8,14.82,370.32,62.0,0.12,0,4.8,0,1
12337,Kobe Sushi,48,4,20.63,321.46,50.0,0.54,0,0.5,0,1
12338,Noe Sushi Bar,32,7,34.69,415.42,40.0,0.07,0,0.5,0,0
12339,Chef Choy,24,6,27.69,620.71,49.0,0.26,0,3.3,0,1
12340,Kobe Sushi,3,7,14.97,209.97,54.0,0.54,0,4.6,1,0
12341,Noe Sushi Bar,118,5,47.3,695.08,32.0,0.59,2,0.6,1,0
12342,Kobe Sushi,27,5,26.37,483.85,29.0,0.35,0,10.1,0,0
12343,Kobe Sushi,73,5,15.31,278.89,43.0,0.12,1,5.1,1,0
12344,Noe Sushi Bar,40,6,49.52,626.9,56.0,0.26,2,0.5,0,1
12345,Noe Sushi Bar,23,6,46.89,717.86,34.0,0.22,0,12.0,0,0
12346,Nubori Experience,7,8,46.78,1359.27,44.0,0.52,0,6.7,1,0
12347,Kobe Sushi,81,9,17.41,240.5,36.0,0.33,0,4.3,1,0
12348,Chef Choy,37,2,17.37,71.94,46.0,0.42,0,3.7,0,1
12349,Kobe Sushi,7,6,17.45,217.3,43.0,0.22,0,9.4,0,1
12350,Kobe Sushi,94,6,20.38,242.65,66.0,0.25,0,2.0,1,1
12351,Noe Sushi Bar,77,6,33.13,673.07,45.0,0.52,0,2.1,1,0
12352,Nubori Experience,82,6,65.76,1443.62,44.0,0.68,0,2.7,0,0
12353,Kobe Sushi,95,6,22.61,213.17,85.0,0.0,3,4.6,1,0
12354,Kobe Sushi,22,3,19.49,155.41,47.0,0.41,1,1.8,0,0
12355,Noe Sushi Bar,78,7,22.25,407.06,51.0,0.69,0,1.6,0,0
12356,Kobe Sushi,82,7,20.97,303.11,37.0,0.26,1,3.5,0,0
12357,Nubori Experience,99,4,66.9,866.1,47.0,0.22,0,10.4,1,0
12358,Chef Choy,17,4,30.03,220.7,41.0,0.3,0,5.6,0,1
12359,Kobe Sushi,19,5,10.23,159.44,43.0,0.63,0,3.1,1,0
12360,Noe Sushi Bar,95,3,35.74,182.47,50.0,0.06,0,2.2,1,0
12361,Chef Choy,39,6,17.06,212.61,24.0,0.08,0,5.9,0,0
12362,Kobe Sushi,117,8,18.86,234.9,20.0,0.44,0,10.5,0,0
12363,Noe Sushi Bar,36,6,47.82,975.85,20.0,0.52,0,6.6,1,0
12364,Kobe Sushi,15,6,17.18,330.53,33.0,0.37,0,12.0,0,0
12365,Noe Sushi Bar,63,8,50.38,965.07,64.0,0.54,1,1.7,1,0
12366,Kobe Sushi,29,4,15.72,199.38,39.0,0.54,0,2.6,0,1
12367,Nubori Experience,60,5,55.46,709.31,74.0,0.1,0,2.2,1,0
12368,Kobe Sushi,56,5,17.84,317.26,33.0,0.3,0,3.5,0,0
12369,Kobe Sushi,40,7,10.14,154.57,34.0,0.03,0,4.4,0,1
12370,Nubori Experience,16,7,50.0,948.13,52.0,0.46,0,2.3,0,1
12371,Kobe Sushi,33,8,23.78,517.9,39.0,0.7,0,1.5,0,0
12372,Kobe Sushi,89,6,11.73,252.02,21.0,0.28,0,5.3,0,0
12373,Kobe Sushi,16,3,12.74,130.69,28.0,0.75,0,5.7,0,0
12374,Kobe Sushi,30,6,16.67,162.52,50.0,0.37,0,2.1,0,1
12375,Nubori Experience,98,3,25.83,166.83,59.0,0.5,0,12.4,0,0
12376,Chef Choy,66,9,16.25,483.98,61.0,0.09,0,2.6,0,1
12377,Kobe Sushi,104,8,14.13,178.81,55.0,0.35,2,2.6,1,0
12378,Noe Sushi Bar,44,5,54.23,863.71,60.0,0.38,0,3.0,0,0
12379,Noe Sushi Bar,107,5,44.11,776.45,26.0,0.44,0,0.5,0,0
12380,Nubori Experience,38,11,61.3,2070.91,35.0,0.49,0,0.5,1,0
12381,Kobe Sushi,51,7,13.4,212.38,48.0,0.63,0,1.5,0,1
12382,Noe Sushi Bar,60,7,37.79,669.12,41.0,0.18,0,0.5,1,0
12383,Noe Sushi Bar,18,9,45.3,1122.57,21.0,0.17,1,16.9,0,0
12384,Noe Sushi Bar,5,11,55.71,1603.4,84.0,0.32,0,11.0,0,0
12385,Noe Sushi Bar,111,13,24.93,860.3,38.0,0.09,0,9.6,0,0
12386,Kobe Sushi,40,9,24.82,383.87,53.0,0.24,3,3.8,0,0
12387,Chef Choy,6,9,33.32,500.82,22.0,0.27,0,6.5,0,1
12388,Noe Sushi Bar,76,4,53.98,624.43,84.0,0.42,0,0.5,0,1
12389,Nubori Experience,115,9,74.38,2348.19,41.0,0.04,0,1.1,1,0
12390,Kobe Sushi,12,2,23.61,97.91,42.0,0.36,0,3.8,0,0
12391,Noe Sushi Bar,12,4,48.22,681.87,47.0,0.12,0,6.9,0,1
12392,Nubori Experience,73,6,52.15,733.15,63.0,0.2,0,0.5,1,0
12393,Noe Sushi Bar,120,7,63.8,1573.34,44.0,0.52,0,1.8,0,1
12394,Nubori Experience,106,7,31.11,451.28,49.0,0.33,0,8.5,1,0
12395,Nubori Experience,22,5,79.32,1078.64,29.0,0.26,0,26.8,0,0
12396,Kobe Sushi,49,4,10.0,142.65,44.0,0.12,0,30.0,0,0
12397,Noe Sushi Bar,50,4,66.37,858.78,20.0,0.16,0,11.9,1,0
12398,Kobe Sushi,80,5,18.16,356.94,66.0,0.55,0,13.3,0,1
12399,Noe Sushi Bar,4,5,34.92,390.45,51.0,0.4,0,3.0,0,0
12400,Kobe Sushi,50,9,21.85,699.65,24.0,0.27,0,11.8,1,0
12401,Noe Sushi Bar,3,2,42.02,137.96,45.0,0.28,3,1.1,1,0
12402,Noe Sushi Bar,16,3,41.84,492.47,20.0,0.56,0,2.2,1,1
12403,Noe Sushi Bar,14,7,33.54,366.02,50.0,0.34,0,1.5,0,1
12404,Kobe Sushi,64,2,13.14,101.62,49.0,0.56,0,15.7,0,0
12405,Nubori Experience,120,8,54.58,691.88,39.0,0.42,0,0.7,1,0
12406,Kobe Sushi,41,4,20.76,280.52,47.0,0.43,0,2.4,1,0
12407,Kobe Sushi,102,7,20.33,453.46,42.0,0.43,0,14.2,1,0
12408,Kobe Sushi,68,4,13.19,129.2,50.0,0.19,2,18.1,0,0
12409,Nubori Experience,59,4,73.83,1114.47,49.0,0.17,0,5.1,0,0
12410,Nubori Experience,2,2,71.81,551.93,50.0,0.16,0,5.6,0,0
12411,Noe Sushi Bar,119,6,46.98,1049.62,21.0,0.36,0,1.6,0,1
12412,Nubori Experience,10,4,66.14,1054.45,46.0,0.66,0,2.8,0,1
12413,Kobe Sushi,75,4,15.93,186.23,79.0,0.75,0,7.9,0,0
12414,Nubori Experience,103,6,61.54,1140.01,31.0,0.29,0,4.5,1,0
12415,Kobe Sushi,90,9,10.72,263.34,31.0,0.21,0,10.2,0,0
12416,Kobe Sushi,101,4,10.91,167.85,30.0,0.3,0,17.9,1,0
12417,Kobe Sushi,26,3,14.41,148.76,53.0,0.44,0,3.1,1,0
12418,Noe Sushi Bar,4,6,29.2,670.16,64.0,0.54,0,19.8,0,0
12419,Chef Choy,90,6,16.76,373.82,60.0,0.26,0,1.6,0,0
12420,Kobe Sushi,102,5,27.22,279.47,29.0,0.14,2,2.5,0,0
12421,Nubori Experience,28,8,51.63,888.33,70.0,0.36,0,0.5,1,1
12422,Noe Sushi Bar,2,6,48.04,1035.83,47.0,0.14,0,3.4,0,0
12423,Kobe Sushi,66,5,17.01,265.23,33.0,0.17,0,30.0,0,0
12424,Noe Sushi Bar,16,5,34.53,550.65,41.0,0.13,0,0.5,0,0
12425,Noe Sushi Bar,57,5,29.05,329.28,52.0,0.71,2,12.4,1,0
12426,Nubori Experience,23,6,74.63,1745.39,39.0,0.26,0,7.8,0,1
12427,Noe Sushi Bar,23,3,46.3,331.12,65.0,0.1,0,8.1,0,0
12428,Noe Sushi Bar,77,4,55.89,746.29,49.0,0.09,1,6.7,0,1
12429,Kobe Sushi,21,8,16.6,245.37,37.0,0.15,1,7.4,0,1
12430,Noe Sushi Bar,103,2,60.25,393.49,45.0,0.05,0,18.0,1,0
12431,Nubori Experience,25,4,59.73,593.39,64.0,0.28,0,4.3,1,0
12432,Kobe Sushi,58,4,11.82,75.47,40.0,0.17,0,7.0,0,0
12433,Nubori Experience,37,5,68.85,570.11,21.0,0.33,0,1.5,0,0
12434,Noe Sushi Bar,49,6,17.62,350.61,34.0,0.28,0,20.5,0,0
12435,Kobe Sushi,77,6,13.59,149.45,44.0,0.26,0,8.2,0,0
12436,Nubori Experience,15,4,72.64,1111.06,50.0,0.36,0,1.3,0,1
12437,Noe Sushi Bar,28,6,67.21,1375.81,45.0,0.36,0,3.6,1,0
12438,Kobe Sushi,67,6,22.91,409.81,24.0,0.38,0,14.6,0,0
12439,Kobe Sushi,87,7,13.93,265.8,38.0,0.39,0,3.1,1,0
12440,Kobe Sushi,4,8,18.44,318.05,47.0,0.33,0,8.0,1,0
12441,Nubori Experience,47,6,71.02,1371.2,24.0,0.11,0,1.3,0,0
12442,Noe Sushi Bar,50,8,19.23,573.53,35.0,0.33,1,4.6,0,0
12443,Nubori Experience,60,5,46.09,548.06,29.0,0.11,1,0.9,1,0
12444,Kobe Sushi,62,4,20.68,241.3,30.0,0.17,0,0.9,0,1
12445,Kobe Sushi,67,5,20.49,281.34,65.0,0.7,0,7.9,0,1
12446,Kobe Sushi,103,7,17.85,289.57,49.0,0.23,1,9.8,0,1
12447,Noe Sushi Bar,72,3,35.11,306.88,55.0,0.46,0,4.5,0,0
12448,Nubori Experience,43,8,76.99,1743.57,38.0,0.08,0,2.2,0,0
12449,Noe Sushi Bar,89,4,40.16,509.74,31.0,0.46,0,2.3,1,0
12450,Kobe Sushi,118,8,20.14,487.84,32.0,0.46,0,6.6,0,1
12451,Nubori Experience,58,7,82.41,1794.92,48.0,0.14,0,4.6,0,0
12452,Chef Choy,105,2,25.8,127.46,26.0,0.08,3,0.5,0,1
12453,Kobe Sushi,52,9,16.94,560.08,63.0,0.39,0,3.6,0,1
12454,Nubori Experience,76,5,80.81,769.78,63.0,0.29,0,0.5,1,0
12455,Kobe Sushi,69,5,16.73,157.6,20.0,0.24,1,2.8,0,1
12456,Kobe Sushi,97,5,16.36,302.65,35.0,0.18,0,22.6,1,0
12457,Kobe Sushi,46,10,17.03,542.69,41.0,0.62,1,1.8,1,0
12458,Noe Sushi Bar,25,6,43.31,391.92,56.0,0.2,0,6.3,1,0
12459,Noe Sushi Bar,25,5,38.69,416.16,31.0,0.68,0,3.1,0,1
12460,Kobe Sushi,35,9,29.09,842.64,38.0,0.09,0,6.1,0,0
12461,Kobe Sushi,61,3,13.14,77.95,29.0,0.7,0,21.3,0,0
12462,Chef Choy,15,3,26.5,138.19,39.0,0.22,1,5.1,0,0
12463,Nubori Experience,106,7,58.86,718.82,37.0,0.03,0,2.0,0,0
12464,Chef Choy,90,10,27.53,783.12,42.0,0.06,2,10.3,1,0
12465,Kobe Sushi,74,6,11.28,247.7,34.0,0.07,0,3.2,1,0
12466,Kobe Sushi,88,6,24.36,332.27,41.0,0.44,0,10.2,1,0
12467,Kobe Sushi,35,9,22.91,625.69,91.0,0.78,0,10.1,0,1
12468,Kobe Sushi,29,11,14.67,635.28,51.0,0.27,0,3.9,0,0
12469,Noe Sushi Bar,38,5,43.23,617.13,33.0,0.18,0,17.2,0,0
12470,Noe Sushi Bar,69,6,64.31,673.12,64.0,0.36,0,0.7,0,1
12471,Noe Sushi Bar,24,7,44.54,610.03,28.0,0.24,0,6.0,0,1
12472,Noe Sushi Bar,19,12,50.57,1373.35,63.0,0.22,3,10.4,1,0
12473,Kobe Sushi,46,5,13.24,125.58,27.0,0.27,2,0.5,0,0
12474,Kobe Sushi,49,5,19.84,233.89,59.0,0.39,0,0.8,0,1
12475,Noe Sushi Bar,44,4,49.77,550.32,38.0,0.63,1,1.6,1,1
12476,Kobe Sushi,73,5,22.59,286.93,49.0,0.42,0,2.4,0,1
12477,Kobe Sushi,26,5,20.79,236.17,51.0,0.12,0,4.6,0,0
12478,Kobe Sushi,25,6,12.97,302.62,26.0,0.33,1,2.8,1,0
12479,Kobe Sushi,35,7,17.17,413.49,46.0,0.27,1,4.7,1,0
12480,Kobe Sushi,114,7,14.81,350.35,51.0,0.14,0,1.5,1,0
12481,Nubori Experience,36,3,69.62,415.34,31.0,0.22,0,5.9,1,0
12482,Nubori Experience,14,7,68.97,1166.82,21.0,0.55,0,2.6,0,1
12483,Kobe Sushi,56,3,23.02,268.46,55.0,0.54,1,11.4,1,0
12484,Kobe Sushi,6,8,20.17,264.15,62.0,0.53,0,9.6,0,0
12485,Noe Sushi Bar,32,3,56.82,450.33,72.0,0.56,0,3.7,1,0
12486,Kobe Sushi,26,5,23.1,243.5,39.0,0.15,0,19.5,0,0
12487,Kobe Sushi,15,6,27.61,507.0,48.0,0.29,0,6.9,0,0
12488,Kobe Sushi,49,11,10.0,297.63,50.0,0.52,0,2.2,0,0
12489,Kobe Sushi,95,6,17.3,365.24,48.0,0.29,0,0.6,0,0
12490,Chef Choy,56,6,25.41,234.32,40.0,0.25,0,6.3,0,1
12491,Nubori Experience,37,5,49.93,396.89,21.0,0.5,1,2.4,0,1
12492,Kobe Sushi,102,8,16.19,334.04,20.0,0.68,0,0.5,0,0
12493,Kobe Sushi,53,3,19.57,215.7,42.0,0.31,3,1.4,1,0
12494,Kobe Sushi,58,5,22.3,302.29,32.0,0.37,0,2.4,0,0
12495,Kobe Sushi,101,6,17.13,371.36,44.0,0.3,0,12.2,0,0
12496,Nubori Experience,83,2,88.09,655.01,50.0,0.53,0,0.5,1,0
12497,Noe Sushi Bar,78,6,42.63,749.01,40.0,0.3,0,5.7,1,0
12498,Noe Sushi Bar,36,5,37.0,409.07,50.0,0.05,0,2.8,0,1
12499,Chef Choy,101,4,25.34,302.61,59.0,0.18,0,1.5,1,0
12500,Nubori Experience,11,7,75.65,1045.98,34.0,0.27,0,0.7,1,0
12501,Nubori Experience,27,5,38.39,527.72,64.0,0.05,0,9.4,0,0
12502,Kobe Sushi,2,2,15.98,54.03,53.0,0.13,2,7.5,0,1
12503,Kobe Sushi,22,4,19.19,140.23,69.0,0.37,0,1.5,1,1
12504,Noe Sushi Bar,66,7,50.99,750.36,36.0,0.4,3,6.1,1,0
12505,Kobe Sushi,84,7,19.64,341.77,42.0,0.31,0,19.0,1,0
12506,Nubori Experience,108,6,81.94,1100.46,42.0,0.5,0,7.5,0,1
12507,Noe Sushi Bar,112,6,59.23,626.21,47.0,0.4,0,2.9,0,0
12508,Nubori Experience,17,4,72.69,447.12,57.0,0.38,0,6.9,1,0
12509,Kobe Sushi,4,7,19.02,284.31,33.0,0.4,1,2.9,0,1
12510,Nubori Experience,14,4,42.06,369.53,25.0,0.35,1,2.3,0,0
12511,Kobe Sushi,7,7,20.48,293.69,53.0,0.34,0,2.5,0,1
12512,Nubori Experience,79,7,83.09,2211.6,44.0,0.35,0,2.1,0,1
12513,Kobe Sushi,94,5,14.57,135.15,68.0,0.49,1,6.1,1,0
12514,Noe Sushi Bar,16,11,60.18,1307.39,23.0,0.25,0,1.8,0,1
12515,Chef Choy,104,4,20.69,195.04,45.0,0.49,0,2.0,0,1
12516,Noe Sushi Bar,66,8,39.77,1074.08,51.0,0.64,0,2.4,0,1
12517,Noe Sushi Bar,19,6,43.88,397.91,47.0,0.71,0,3.0,0,1
12518,Nubori Experience,1,4,50.04,705.0,24.0,0.16,1,0.5,0,0
12519,Noe Sushi Bar,31,6,43.69,409.27,54.0,0.48,0,3.3,0,1
12520,Noe Sushi Bar,119,9,36.46,868.55,33.0,0.37,0,0.7,1,0
12521,Kobe Sushi,4,3,20.92,139.29,50.0,0.41,2,3.8,1,0
12522,Nubori Experience,91,7,23.46,267.91,57.0,0.52,0,1.5,1,0
12523,Noe Sushi Bar,58,7,40.34,530.93,55.0,0.52,0,5.2,0,1
12524,Noe Sushi Bar,56,8,53.63,1639.9,39.0,0.26,0,1.0,0,1
12525,Kobe Sushi,53,3,27.4,178.5,38.0,0.62,3,15.7,0,1
12526,Noe Sushi Bar,89,9,53.17,1784.4,43.0,0.1,0,1.9,1,0
12527,Kobe Sushi,86,7,18.91,493.44,37.0,0.12,1,3.2,1,0
12528,Kobe Sushi,43,6,18.93,331.07,63.0,0.24,0,11.2,1,0
12529,Noe Sushi Bar,74,11,32.42,630.96,50.0,0.23,1,1.5,1,0
12530,Kobe Sushi,114,3,18.78,186.35,33.0,0.67,0,12.3,0,0
12531,Kobe Sushi,97,5,23.86,297.96,30.0,0.51,0,1.3,0,0
12532,Noe Sushi Bar,49,7,47.25,1087.57,31.0,0.59,0,1.7,0,1
12533,Kobe Sushi,112,6,17.28,220.41,45.0,0.15,0,1.7,1,0
12534,Kobe Sushi,108,5,11.39,140.72,29.0,0.6,0,4.3,1,0
12535,Kobe Sushi,60,6,15.7,364.74,25.0,0.15,0,1.9,0,0
12536,Noe Sushi Bar,94,8,35.38,620.05,52.0,0.24,0,2.4,0,0
12537,Noe Sushi Bar,94,4,50.9,577.28,44.0,0.4,0,2.4,0,1
12538,Noe Sushi Bar,16,3,48.89,234.1,39.0,0.14,0,0.8,0,1
12539,Kobe Sushi,73,5,20.5,164.6,54.0,0.09,0,7.4,0,1
12540,Kobe Sushi,81,3,13.76,129.18,83.0,0.74,0,1.8,1,0
12541,Kobe Sushi,99,6,16.65,238.09,25.0,0.25,0,2.8,1,0
12542,Noe Sushi Bar,60,9,54.48,1747.9,63.0,0.35,0,4.4,0,1
12543,Nubori Experience,114,10,31.94,1244.48,27.0,0.19,0,8.5,0,1
12544,Kobe Sushi,47,7,10.0,246.91,36.0,0.13,0,12.9,1,0
12545,Kobe Sushi,15,10,18.72,646.31,61.0,0.6,0,3.8,0,0
12546,Kobe Sushi,63,3,24.07,226.45,53.0,0.36,0,0.8,0,1
12547,Noe Sushi Bar,112,6,45.6,850.86,34.0,0.21,0,8.6,0,0
12548,Noe Sushi Bar,28,5,71.43,711.22,20.0,0.36,1,0.9,0,1
12549,Noe Sushi Bar,20,11,32.79,1320.6,21.0,0.31,0,1.2,0,1
12550,Nubori Experience,97,8,56.06,1594.49,35.0,0.36,0,2.7,1,1
12551,Noe Sushi Bar,63,4,35.0,260.32,42.0,0.36,0,2.5,0,1
12552,Kobe Sushi,33,8,16.12,298.43,33.0,0.56,0,9.6,0,1
12553,Kobe Sushi,36,6,24.8,593.2,47.0,0.37,1,17.7,0,0
12554,Noe Sushi Bar,13,8,51.98,858.88,57.0,0.53,0,8.6,0,1
12555,Noe Sushi Bar,62,8,37.85,1058.68,50.0,0.2,1,14.1,0,1
12556,Noe Sushi Bar,68,3,36.41,234.2,48.0,0.37,0,6.9,0,1
12557,Noe Sushi Bar,23,2,52.65,359.67,43.0,0.17,0,2.1,0,1
12558,Noe Sushi Bar,72,5,30.45,374.83,46.0,0.44,0,2.4,1,0
12559,Nubori Experience,13,6,42.66,763.04,28.0,0.21,0,8.1,0,0
12560,Noe Sushi Bar,88,7,47.98,1302.56,58.0,0.19,1,2.2,1,0
12561,Chef Choy,40,4,27.31,297.83,45.0,0.15,0,9.1,0,1
12562,Kobe Sushi,110,6,18.88,366.9,39.0,0.5,0,5.9,0,0
12563,Noe Sushi Bar,30,13,29.41,1270.13,39.0,0.61,0,4.9,0,0
12564,Nubori Experience,94,9,66.16,2152.62,57.0,0.28,2,0.5,1,0
12565,Kobe Sushi,25,3,13.81,136.86,20.0,0.04,0,18.0,0,0
12566,Chef Choy,97,4,15.6,209.27,32.0,0.18,0,3.5,1,0
12567,Noe Sushi Bar,73,8,58.27,715.56,41.0,0.5,0,5.6,1,0
12568,Kobe Sushi,26,9,11.54,162.27,22.0,0.44,1,0.8,1,0
12569,Noe Sushi Bar,24,5,40.88,617.34,31.0,0.21,0,1.6,0,0
12570,Kobe Sushi,97,6,18.2,164.99,63.0,0.35,1,11.2,1,0
12571,Nubori Experience,39,8,57.86,729.65,44.0,0.31,1,3.3,1,0
12572,Nubori Experience,89,3,68.33,580.04,58.0,0.14,0,8.3,1,0
12573,Kobe Sushi,116,5,16.88,162.88,57.0,0.43,0,8.0,1,0
12574,Kobe Sushi,109,6,13.59,221.54,39.0,0.88,0,0.5,1,0
12575,Noe Sushi Bar,79,2,42.89,339.0,56.0,0.46,0,0.5,0,0
12576,Kobe Sushi,61,7,10.0,211.7,63.0,0.02,0,7.9,1,0
12577,Kobe Sushi,105,5,11.43,104.18,49.0,0.45,1,4.7,0,1
12578,Noe Sushi Bar,112,8,61.83,1703.04,53.0,0.11,0,2.8,1,0
12579,Kobe Sushi,49,5,10.83,112.2,34.0,0.49,1,17.8,0,0
12580,Kobe Sushi,41,9,15.58,503.32,87.0,0.3,0,10.9,0,0
12581,Nubori Experience,70,8,111.29,2676.3,24.0,0.67,0,1.7,0,0
12582,Nubori Experience,20,5,77.47,773.0,41.0,0.26,0,0.5,0,1
12583,Chef Choy,44,7,18.45,293.42,67.0,0.62,0,22.2,0,0
12584,Nubori Experience,16,2,75.72,277.0,39.0,0.53,0,3.5,0,1
12585,Kobe Sushi,21,10,19.8,472.83,63.0,0.24,0,1.9,1,0
12586,Kobe Sushi,15,7,13.98,272.24,33.0,0.06,0,0.6,0,0
12587,Kobe Sushi,39,6,16.35,296.08,40.0,0.28,0,0.5,1,0
12588,Chef Choy,42,10,30.48,1010.09,20.0,0.86,0,2.3,0,1
12589,Nubori Experience,61,6,70.33,961.03,32.0,0.2,0,8.6,0,0
12590,Noe Sushi Bar,4,5,43.47,545.6,95.0,0.08,0,2.6,0,0
12591,Nubori Experience,24,9,63.68,1487.4,51.0,0.59,0,3.0,0,1
12592,Noe Sushi Bar,3,3,31.04,179.34,59.0,0.41,1,7.8,0,1
12593,Kobe Sushi,114,11,22.96,956.37,61.0,0.48,0,0.5,0,1
12594,Noe Sushi Bar,1,6,57.47,728.46,23.0,0.3,0,4.9,0,0
12595,Kobe Sushi,94,3,24.44,166.81,40.0,0.57,0,15.2,0,0
12596,Kobe Sushi,13,3,21.24,209.23,53.0,0.17,0,0.8,1,0
12597,Noe Sushi Bar,54,1,35.65,62.61,42.0,0.47,0,14.9,0,1
12598,Noe Sushi Bar,82,5,39.51,400.15,44.0,0.08,0,2.1,0,1
12599,Noe Sushi Bar,40,10,28.69,877.31,59.0,0.38,0,9.8,0,0
12600,Noe Sushi Bar,11,5,52.54,914.12,36.0,0.51,0,4.1,0,1
12601,Kobe Sushi,42,5,16.92,154.86,20.0,0.09,1,5.5,0,0
12602,Noe Sushi Bar,93,7,10.0,224.29,48.0,0.16,0,1.4,0,0
12603,Noe Sushi Bar,4,5,44.59,413.03,52.0,0.34,0,11.3,0,1
12604,Kobe Sushi,25,10,14.91,449.41,60.0,0.44,0,2.1,0,1
12605,Nubori Experience,100,6,67.67,1541.79,53.0,0.14,0,6.2,0,1
12606,Noe Sushi Bar,36,6,39.07,568.79,20.0,0.73,0,0.5,0,1
12607,Noe Sushi Bar,64,4,41.98,618.56,50.0,0.22,1,1.7,0,0
12608,Nubori Experience,44,5,74.74,1211.05,37.0,0.2,0,5.1,0,0
12609,Nubori Experience,40,5,67.99,1195.3,63.0,0.43,0,5.7,0,1
12610,Nubori Experience,92,7,61.15,1405.88,50.0,0.62,2,3.0,1,0
12611,Kobe Sushi,45,12,20.84,851.67,20.0,0.36,0,3.3,0,0
12612,Kobe Sushi,8,7,20.73,262.89,68.0,0.32,1,7.4,0,0
12613,Kobe Sushi,85,8,10.62,192.01,44.0,0.41,0,15.6,0,1
12614,Kobe Sushi,35,5,20.52,249.99,51.0,0.3,0,9.7,1,0
12615,Nubori Experience,44,5,54.35,797.37,20.0,0.53,0,8.0,1,0
12616,Noe Sushi Bar,18,7,58.86,1238.51,30.0,0.47,0,2.4,0,0
12617,Kobe Sushi,47,6,23.57,228.45,45.0,0.23,0,2.5,1,0
12618,Kobe Sushi,25,5,29.69,383.2,37.0,0.15,0,21.3,0,0
12619,Kobe Sushi,110,1,12.28,24.68,62.0,0.63,0,0.5,0,0
12620,Noe Sushi Bar,41,6,51.46,662.94,47.0,0.77,0,6.8,1,0
12621,Noe Sushi Bar,5,8,38.63,501.56,35.0,0.28,2,3.8,1,0
12622,Nubori Experience,64,4,61.06,369.67,35.0,0.2,0,5.8,1,0
12623,Nubori Experience,62,11,67.01,2494.88,64.0,0.3,0,4.5,0,1
12624,Kobe Sushi,111,10,10.0,342.12,31.0,0.41,1,1.9,0,1
12625,Kobe Sushi,72,7,22.64,240.41,46.0,0.04,2,0.5,1,0
12626,Kobe Sushi,87,7,18.29,203.93,45.0,0.36,0,9.1,0,0
12627,Kobe Sushi,3,4,24.5,196.16,55.0,0.35,0,1.7,0,1
12628,Nubori Experience,108,6,76.0,1088.24,32.0,0.38,0,7.2,1,0
12629,Noe Sushi Bar,37,5,63.64,603.55,30.0,0.28,0,3.4,0,0
12630,Noe Sushi Bar,95,9,28.96,662.48,58.0,0.45,0,3.8,0,0
12631,Noe Sushi Bar,93,2,39.95,297.36,53.0,0.3,0,12.3,0,0
12632,Kobe Sushi,41,6,24.88,305.53,41.0,0.12,0,2.1,0,1
12633,Kobe Sushi,20,5,19.54,365.95,29.0,0.23,0,6.0,0,0
12634,Noe Sushi Bar,67,4,39.77,539.98,47.0,0.53,0,2.9,0,1
12635,Noe Sushi Bar,87,6,39.11,534.51,50.0,0.05,0,0.7,0,0
12636,Kobe Sushi,40,7,17.62,437.24,59.0,0.43,0,3.1,0,0
12637,Noe Sushi Bar,85,5,70.67,971.7,63.0,0.29,0,15.5,1,0
12638,Nubori Experience,77,5,42.59,633.74,20.0,0.31,0,14.5,1,0
12639,Noe Sushi Bar,8,7,57.17,644.02,63.0,0.17,0,10.2,0,0
12640,Noe Sushi Bar,5,5,40.82,350.78,52.0,0.58,0,1.4,1,0
12641,Noe Sushi Bar,25,7,23.14,500.48,87.0,0.09,0,1.4,0,0
12642,Noe Sushi Bar,39,6,56.62,1022.39,34.0,0.42,2,13.9,0,0
12643,Chef Choy,37,7,30.46,537.23,28.0,0.37,0,2.5,0,1
12644,Nubori Experience,105,7,64.34,883.8,57.0,0.24,0,15.7,1,0
12645,Kobe Sushi,5,10,13.72,471.64,28.0,0.48,0,10.7,0,1
12646,Noe Sushi Bar,8,12,49.71,1733.48,39.0,0.71,0,22.3,1,0
12647,Kobe Sushi,108,6,21.95,509.51,75.0,0.14,0,11.2,0,1
12648,Kobe Sushi,4,7,23.4,599.99,36.0,0.4,0,16.4,0,0
12649,Noe Sushi Bar,41,6,49.67,917.84,39.0,0.36,0,3.2,1,0
12650,Nubori Experience,60,10,79.62,1227.46,39.0,0.13,0,10.1,0,1
12651,Kobe Sushi,54,6,10.0,237.44,40.0,0.03,0,2.1,1,0
12652,Kobe Sushi,22,4,12.83,96.93,35.0,0.56,1,0.5,1,0
12653,Kobe Sushi,78,5,10.0,94.4,47.0,0.22,0,1.8,0,1
12654,Noe Sushi Bar,19,8,41.79,967.7,89.0,0.36,0,6.7,0,1
12655,Kobe Sushi,77,5,19.86,285.45,70.0,0.36,0,5.9,0,0
12656,Kobe Sushi,99,8,18.99,321.54,39.0,0.56,0,2.1,0,0
12657,Noe Sushi Bar,68,6,39.34,660.55,35.0,0.55,0,2.3,0,1
12658,Kobe Sushi,33,5,26.29,405.9,30.0,0.36,0,9.2,0,0
12659,Noe Sushi Bar,22,8,38.46,952.57,35.0,0.09,0,5.8,0,0
12660,Chef Choy,65,6,24.83,374.67,46.0,0.52,0,6.2,1,0
12661,Kobe Sushi,11,2,11.92,84.19,51.0,0.36,0,2.5,0,0
12662,Noe Sushi Bar,16,7,49.15,922.25,39.0,0.11,0,6.6,0,1
12663,Noe Sushi Bar,68,7,33.33,641.04,34.0,0.41,0,4.2,0,0
12664,Noe Sushi Bar,93,5,56.98,501.02,62.0,0.33,1,6.4,1,0
12665,Noe Sushi Bar,103,4,34.54,280.32,20.0,0.13,0,8.2,0,0
12666,Kobe Sushi,44,2,22.25,174.0,75.0,0.03,0,0.5,0,0
12667,Nubori Experience,102,6,95.27,2008.95,66.0,0.04,1,3.0,0,0
12668,Chef Choy,88,7,21.83,497.76,48.0,0.27,0,9.5,1,0
12669,Kobe Sushi,116,7,12.77,265.55,52.0,0.27,0,5.3,0,0
12670,Kobe Sushi,9,8,14.75,425.61,59.0,0.04,0,0.9,0,1
12671,Kobe Sushi,72,4,25.24,387.49,42.0,0.26,1,2.7,0,1
12672,Kobe Sushi,78,4,17.96,234.79,42.0,0.35,1,0.5,0,1
12673,Noe Sushi Bar,79,2,39.36,282.04,53.0,0.14,0,5.2,1,0
12674,Kobe Sushi,117,5,16.07,299.92,40.0,0.17,0,4.0,1,0
12675,Kobe Sushi,62,4,18.6,219.95,41.0,0.07,0,0.5,0,0
12676,Chef Choy,86,5,25.65,443.46,69.0,0.44,0,2.5,1,0
12677,Kobe Sushi,101,6,17.8,333.74,55.0,0.38,2,28.1,1,0
12678,Chef Choy,15,4,26.42,349.09,48.0,0.08,0,17.8,1,0
12679,Noe Sushi Bar,6,9,49.87,1387.52,20.0,0.36,0,1.6,0,1
12680,Kobe Sushi,1,4,31.41,321.62,38.0,0.49,0,6.1,0,1
12681,Noe Sushi Bar,20,9,33.61,1051.1,53.0,0.27,0,30.0,0,0
12682,Noe Sushi Bar,105,5,29.89,555.98,34.0,0.39,0,15.5,0,0
12683,Kobe Sushi,36,2,15.3,89.04,53.0,0.18,1,9.1,0,1
12684,Kobe Sushi,2,7,20.84,547.09,20.0,0.57,0,7.2,0,1
12685,Noe Sushi Bar,70,5,54.16,885.66,44.0,0.24,1,11.7,1,0
12686,Nubori Experience,2,2,15.49,107.39,71.0,0.09,0,4.2,0,0
12687,Noe Sushi Bar,3,9,25.61,720.3,35.0,0.21,0,19.0,0,1
12688,Kobe Sushi,7,11,23.92,614.62,48.0,0.18,0,3.3,0,0
12689,Noe Sushi Bar,84,6,52.29,682.03,20.0,0.44,1,4.1,0,0
12690,Noe Sushi Bar,113,7,51.16,1035.53,56.0,0.18,0,8.8,0,0
12691,Noe Sushi Bar,64,5,59.89,1065.09,60.0,0.36,0,8.0,0,1
12692,Noe Sushi Bar,41,4,44.94,624.52,39.0,0.29,0,6.7,0,1
12693,Noe Sushi Bar,54,5,44.51,398.89,51.0,0.19,2,7.5,0,0
12694,Nubori Experience,41,9,55.2,1549.29,53.0,0.74,0,0.5,0,1
12695,Noe Sushi Bar,115,7,51.61,1173.04,30.0,0.17,0,1.7,0,0
12696,Noe Sushi Bar,5,4,36.64,339.87,47.0,0.23,0,11.4,1,0
12697,Kobe Sushi,89,4,17.81,242.64,53.0,0.69,0,15.4,0,0
12698,Nubori Experience,102,12,47.93,1371.59,38.0,0.45,0,8.2,0,1
12699,Nubori Experience,82,4,39.84,634.21,58.0,0.19,0,1.8,1,0
12700,Kobe Sushi,63,3,13.76,62.37,44.0,0.29,0,0.5,0,1
12701,Noe Sushi Bar,1,6,53.59,1012.0,42.0,0.3,0,1.6,0,1
12702,Kobe Sushi,25,5,18.48,165.8,35.0,0.37,1,2.8,0,0
12703,Chef Choy,81,6,16.14,170.93,41.0,0.17,0,11.9,1,0
12704,Noe Sushi Bar,46,7,32.06,858.3,35.0,0.2,0,9.4,0,0
12705,Kobe Sushi,15,6,13.88,282.43,46.0,0.1,0,5.1,0,0
12706,Nubori Experience,69,6,49.22,521.03,44.0,0.13,0,12.2,0,1
12707,Kobe Sushi,17,7,18.9,238.41,44.0,0.31,1,1.3,0,0
12708,Chef Choy,21,1,31.31,81.41,25.0,0.35,0,2.8,0,0
12709,Noe Sushi Bar,53,4,32.88,363.89,45.0,0.39,0,7.3,0,1
12710,Kobe Sushi,55,10,25.12,720.12,37.0,0.19,0,19.2,1,0
12711,Kobe Sushi,87,8,13.19,271.61,83.0,0.27,0,14.1,1,0
12712,Kobe Sushi,107,8,12.26,245.34,53.0,0.19,1,7.0,1,0
12713,Noe Sushi Bar,10,4,63.57,967.77,46.0,0.11,1,1.6,0,1
12714,Noe Sushi Bar,81,6,50.09,856.58,25.0,0.13,3,1.1,1,0
12715,Kobe Sushi,57,7,21.29,416.84,20.0,0.36,0,0.5,0,1
12716,Kobe Sushi,65,6,16.35,222.91,39.0,0.45,0,4.2,0,0
12717,Kobe Sushi,37,6,17.7,380.71,45.0,0.11,0,4.1,1,0
12718,Noe Sushi Bar,112,8,56.55,1543.11,59.0,0.28,0,2.0,0,0
12719,Noe Sushi Bar,7,7,44.31,756.96,29.0,0.2,0,0.5,0,1
12720,Kobe Sushi,76,7,14.02,165.96,38.0,0.24,0,4.7,1,0
12721,Noe Sushi Bar,40,2,48.71,231.23,43.0,0.35,0,11.1,0,1
12722,Kobe Sushi,50,2,13.56,103.92,57.0,0.65,0,20.0,0,1
12723,Nubori Experience,1,3,83.88,389.42,32.0,0.21,3,11.6,0,0
12724,Nubori Experience,20,1,49.16,187.39,44.0,0.06,1,4.3,1,0
12725,Noe Sushi Bar,108,6,43.99,751.96,36.0,0.57,3,0.5,1,0
12726,Nubori Experience,31,4,62.35,744.36,59.0,0.53,3,3.9,0,1
12727,Nubori Experience,68,5,81.69,697.23,37.0,0.5,0,3.6,1,0
12728,Nubori Experience,90,4,61.17,442.89,58.0,0.12,0,3.3,0,1
12729,Noe Sushi Bar,12,7,36.79,894.7,62.0,0.31,0,5.7,1,0
12730,Kobe Sushi,22,7,10.12,161.84,39.0,0.47,0,13.8,0,0
12731,Kobe Sushi,1,4,20.67,170.66,49.0,0.21,0,12.3,0,0
12732,Kobe Sushi,1,6,16.32,188.63,47.0,0.49,0,0.5,0,0
12733,Noe Sushi Bar,3,6,56.82,623.73,20.0,0.25,0,1.1,0,0
12734,Kobe Sushi,117,8,10.0,189.38,30.0,0.3,0,8.0,0,1
12735,Kobe Sushi,76,4,16.9,201.73,32.0,0.83,0,1.3,0,1
12736,Noe Sushi Bar,118,4,46.25,480.74,39.0,0.45,1,11.1,0,0
12737,Kobe Sushi,21,5,22.55,180.15,49.0,0.07,0,18.0,0,1
12738,Noe Sushi Bar,13,8,30.35,724.04,43.0,0.16,0,14.8,0,1
12739,Nubori Experience,61,6,40.68,744.72,48.0,0.43,0,0.8,0,0
12740,Noe Sushi Bar,13,8,25.12,684.65,37.0,0.23,0,0.5,0,1
12741,Noe Sushi Bar,117,2,47.2,301.83,49.0,0.28,1,7.6,1,0
12742,Noe Sushi Bar,105,7,43.49,813.42,47.0,0.31,0,11.4,0,0
12743,Noe Sushi Bar,82,8,56.58,1750.68,45.0,0.09,0,1.1,1,0
12744,Kobe Sushi,33,7,17.87,208.53,44.0,0.35,0,2.8,1,0
12745,Nubori Experience,6,5,75.85,969.41,47.0,0.61,0,1.8,1,0
12746,Kobe Sushi,25,7,14.69,259.32,49.0,0.51,0,3.1,0,1
12747,Kobe Sushi,23,11,16.88,430.57,34.0,0.61,0,8.2,0,0
12748,Chef Choy,88,4,35.4,541.95,56.0,0.67,0,0.5,1,0
12749,Kobe Sushi,101,5,17.94,328.94,36.0,0.33,1,1.6,0,0
12750,Kobe Sushi,26,3,20.64,228.11,26.0,0.17,0,11.5,0,0
12751,Kobe Sushi,4,10,14.38,249.77,38.0,0.1,0,2.3,0,0
12752,Kobe Sushi,102,5,22.75,260.25,32.0,0.32,0,13.7,0,0
12753,Kobe Sushi,35,4,22.0,236.03,44.0,0.3,3,2.0,0,0
12754,Kobe Sushi,113,10,16.74,559.31,52.0,0.46,3,1.3,1,0
12755,Noe Sushi Bar,75,3,66.64,500.22,66.0,0.61,0,0.5,1,0
12756,Nubori Experience,100,4,43.41,660.72,52.0,0.32,0,10.8,0,1
12757,Kobe Sushi,25,9,20.7,373.34,66.0,0.19,0,16.3,0,1
12758,Nubori Experience,20,7,41.14,557.18,20.0,0.13,0,5.3,0,0
12759,Kobe Sushi,1,7,17.03,307.82,45.0,0.38,0,12.6,0,0
12760,Kobe Sushi,94,9,17.07,404.68,33.0,0.17,0,14.7,1,0
12761,Kobe Sushi,68,4,18.54,125.33,58.0,0.23,0,4.5,0,1
12762,Noe Sushi Bar,23,6,25.04,331.72,46.0,0.45,0,8.9,0,0
12763,Noe Sushi Bar,99,5,35.31,531.47,57.0,0.5,0,3.1,1,0
12764,Noe Sushi Bar,106,5,31.83,370.08,35.0,0.25,1,1.3,1,0
12765,Chef Choy,22,7,28.72,464.31,37.0,0.48,0,13.9,0,0
12766,Noe Sushi Bar,95,6,34.39,752.24,37.0,0.36,2,5.9,1,0
12767,Noe Sushi Bar,62,11,48.08,927.53,48.0,0.25,1,6.5,1,0
12768,Nubori Experience,1,7,53.16,1034.34,24.0,0.09,1,1.3,0,1
12769,Kobe Sushi,59,3,16.68,182.29,61.0,0.39,2,14.2,1,0
12770,Kobe Sushi,68,8,20.81,254.41,71.0,0.3,1,8.5,0,0
12771,Noe Sushi Bar,19,7,55.73,1157.4,37.0,0.25,2,0.6,0,0
12772,Noe Sushi Bar,30,7,42.07,756.99,53.0,0.12,3,5.0,1,0
12773,Kobe Sushi,1,7,22.0,318.35,38.0,0.08,0,3.0,0,1
12774,Kobe Sushi,48,8,17.56,279.32,42.0,0.39,0,6.8,0,1
12775,Noe Sushi Bar,19,2,55.99,258.67,23.0,0.09,0,6.7,0,1
12776,Noe Sushi Bar,52,6,60.27,800.88,45.0,0.06,0,3.0,0,1
12777,Kobe Sushi,85,4,14.36,216.3,41.0,0.37,0,5.1,1,0
12778,Nubori Experience,22,4,69.32,608.6,31.0,0.44,1,0.5,0,0
12779,Chef Choy,50,7,14.92,375.03,59.0,0.48,0,3.4,0,1
12780,Noe Sushi Bar,66,9,26.65,851.23,57.0,0.13,3,3.9,1,0
12781,Noe Sushi Bar,6,5,40.99,366.34,37.0,0.31,2,5.3,0,1
12782,Nubori Experience,64,9,77.0,1293.64,51.0,0.25,0,1.2,1,0
12783,Kobe Sushi,21,7,24.77,520.57,54.0,0.2,0,15.0,0,0
12784,Kobe Sushi,97,5,23.92,284.15,71.0,0.21,0,6.9,1,0
12785,Noe Sushi Bar,19,5,43.16,333.36,51.0,0.04,0,7.9,1,0
12786,Chef Choy,91,10,23.98,924.7,56.0,0.43,1,11.0,0,0
12787,Kobe Sushi,37,8,13.93,268.3,34.0,0.33,1,0.5,1,0
12788,Nubori Experience,63,9,67.29,1943.93,34.0,0.13,0,0.5,0,1
12789,Noe Sushi Bar,29,6,59.43,568.24,20.0,0.26,0,4.4,0,1
12790,Kobe Sushi,60,3,19.75,167.83,43.0,0.24,0,5.6,0,0
12791,Kobe Sushi,92,7,10.63,262.86,43.0,0.58,0,1.8,1,0
12792,Kobe Sushi,34,6,16.54,315.24,34.0,0.53,0,1.3,1,1
12793,Chef Choy,1,5,18.94,344.38,43.0,0.15,0,0.9,0,1
12794,Nubori Experience,48,8,59.63,1728.44,46.0,0.27,0,3.1,0,1
12795,Noe Sushi Bar,89,8,33.86,883.9,55.0,0.47,2,13.1,0,0
12796,Nubori Experience,21,6,66.35,1020.54,51.0,0.08,0,1.4,0,0
12797,Nubori Experience,34,4,92.13,995.11,56.0,0.27,0,0.9,0,0
12798,Noe Sushi Bar,26,4,71.08,930.62,40.0,0.54,0,5.9,0,1
12799,Noe Sushi Bar,36,9,66.53,2255.86,32.0,0.14,0,0.8,0,1
12800,Noe Sushi Bar,99,11,53.84,1771.31,49.0,0.63,1,4.7,1,0
12801,Noe Sushi Bar,23,3,23.12,228.33,49.0,0.03,0,0.9,0,0
12802,Kobe Sushi,81,4,10.0,143.29,61.0,0.27,0,4.4,1,0
12803,Noe Sushi Bar,47,5,62.61,537.65,34.0,0.31,2,1.8,1,0
12804,Kobe Sushi,106,4,19.69,200.86,43.0,0.78,1,20.8,1,0
12805,Nubori Experience,76,4,57.85,701.47,49.0,0.23,0,6.0,0,0
12806,Nubori Experience,44,2,44.09,296.24,48.0,0.33,0,12.7,0,0
12807,Kobe Sushi,20,4,18.02,272.56,34.0,0.41,0,4.9,1,0
12808,Kobe Sushi,103,5,25.64,285.33,51.0,0.02,0,2.3,0,1
12809,Noe Sushi Bar,27,6,36.93,637.75,57.0,0.15,0,4.2,0,0
12810,Noe Sushi Bar,106,6,53.83,1247.39,55.0,0.19,0,4.3,0,0
12811,Kobe Sushi,61,4,18.1,213.0,20.0,0.16,3,4.8,1,0
12812,Noe Sushi Bar,37,6,45.77,712.03,60.0,0.13,0,3.4,1,0
12813,Kobe Sushi,84,7,19.36,360.41,20.0,0.28,0,8.2,1,0
12814,Kobe Sushi,52,7,19.91,546.63,31.0,0.3,0,17.2,0,0
12815,Kobe Sushi,75,5,16.63,181.23,53.0,0.25,0,8.6,0,1
12816,Kobe Sushi,92,11,18.49,338.93,49.0,0.14,0,2.4,1,0
12817,Chef Choy,62,8,16.14,221.06,28.0,0.14,0,1.7,0,0
12818,Nubori Experience,66,6,71.03,1117.24,43.0,0.26,0,5.0,0,1
12819,Noe Sushi Bar,24,7,44.61,693.0,48.0,0.45,0,4.4,1,0
12820,Noe Sushi Bar,80,4,58.6,845.14,48.0,0.55,0,4.1,0,1
12821,Kobe Sushi,12,3,19.49,231.01,26.0,0.03,0,5.0,0,1
12822,Noe Sushi Bar,16,5,36.07,544.2,41.0,0.81,0,0.8,0,1
12823,Kobe Sushi,36,4,16.42,259.97,34.0,0.1,0,3.1,1,0
12824,Noe Sushi Bar,2,5,46.64,543.1,65.0,0.66,0,8.6,0,1
12825,Nubori Experience,89,5,82.75,1316.39,36.0,0.32,0,3.1,1,0
12826,Kobe Sushi,62,8,23.19,656.45,54.0,0.1,0,1.3,0,1
12827,Chef Choy,64,8,31.33,845.37,20.0,0.24,0,1.8,0,1
12828,Kobe Sushi,29,6,19.08,297.03,39.0,0.06,0,1.5,0,1
12829,Kobe Sushi,92,9,18.1,366.64,50.0,0.08,3,9.0,1,1
12830,Kobe Sushi,74,8,18.43,260.58,73.0,0.46,0,0.5,0,0
12831,Kobe Sushi,109,7,18.3,267.62,44.0,0.45,0,23.2,0,1
12832,Kobe Sushi,87,5,26.33,376.86,35.0,0.31,0,6.4,0,0
12833,Kobe Sushi,96,6,22.33,294.81,41.0,0.09,0,8.8,0,0
12834,Noe Sushi Bar,31,6,25.71,253.1,54.0,0.5,0,5.7,0,1
12835,Kobe Sushi,83,8,12.16,170.01,74.0,0.46,0,0.5,1,0
12836,Noe Sushi Bar,15,4,39.74,383.23,34.0,0.44,0,0.7,0,0
12837,Nubori Experience,55,5,65.02,1204.69,48.0,0.38,0,1.3,0,1
12838,Noe Sushi Bar,33,8,44.58,992.42,41.0,0.17,1,12.3,1,0
12839,Kobe Sushi,81,9,12.61,373.86,48.0,0.24,1,7.4,0,1
12840,Kobe Sushi,52,8,17.04,391.58,38.0,0.29,0,1.1,1,0
12841,Nubori Experience,100,10,67.64,2507.61,51.0,0.17,0,1.1,0,0
12842,Noe Sushi Bar,20,7,47.0,726.35,46.0,0.34,0,1.1,0,1
12843,Noe Sushi Bar,73,3,44.87,515.4,55.0,0.13,2,1.5,1,0
12844,Kobe Sushi,38,6,24.47,257.91,39.0,0.2,0,26.0,0,0
12845,Noe Sushi Bar,3,3,46.2,504.45,63.0,0.45,0,14.1,0,0
12846,Kobe Sushi,54,4,18.92,173.92,23.0,0.13,0,7.7,1,0
12847,Nubori Experience,66,5,80.24,1536.09,36.0,0.39,0,4.1,0,0
12848,Nubori Experience,18,8,51.8,992.62,45.0,0.39,1,15.1,0,0
12849,Kobe Sushi,87,5,16.57,235.47,48.0,0.58,1,0.5,1,0
12850,Noe Sushi Bar,83,6,41.97,775.35,47.0,0.49,0,0.7,0,0
12851,Kobe Sushi,7,6,14.0,283.54,27.0,0.53,1,2.4,0,1
12852,Noe Sushi Bar,35,6,56.06,678.85,45.0,0.65,0,11.3,0,0
12853,Nubori Experience,114,6,58.91,1142.35,46.0,0.28,0,2.8,0,1
12854,Noe Sushi Bar,84,4,36.13,381.24,46.0,0.08,0,2.9,0,1
12855,Kobe Sushi,84,4,12.16,98.3,56.0,0.21,0,5.4,0,1
12856,Kobe Sushi,83,4,19.46,299.99,68.0,0.47,0,4.6,0,1
12857,Nubori Experience,105,6,61.86,1297.99,67.0,0.64,0,2.2,1,0
12858,Noe Sushi Bar,80,5,41.58,516.86,58.0,0.31,0,1.5,0,0
12859,Noe Sushi Bar,102,4,45.07,506.39,60.0,0.73,1,0.9,1,0
12860,Kobe Sushi,85,6,20.78,389.57,25.0,0.43,0,4.1,0,1
12861,Kobe Sushi,93,8,16.25,277.04,63.0,0.33,0,2.7,0,0
12862,Nubori Experience,108,8,87.25,1516.58,53.0,0.3,0,1.0,1,0
12863,Noe Sushi Bar,60,5,58.61,682.9,21.0,0.22,0,1.6,0,1
12864,Noe Sushi Bar,102,3,51.15,241.79,70.0,0.2,0,3.9,0,1
12865,Noe Sushi Bar,109,5,51.02,953.64,24.0,0.34,0,7.2,1,0
12866,Chef Choy,24,7,18.0,481.56,67.0,0.46,0,14.2,0,0
12867,Kobe Sushi,101,7,19.28,218.5,41.0,0.25,0,2.0,0,1
12868,Kobe Sushi,93,3,15.44,156.4,45.0,0.41,0,3.0,0,1
12869,Noe Sushi Bar,95,4,42.26,628.56,50.0,0.57,0,3.3,1,0
12870,Noe Sushi Bar,109,4,29.76,311.47,72.0,0.16,0,2.0,1,0
12871,Noe Sushi Bar,116,3,51.67,239.84,39.0,0.47,2,5.5,0,1
12872,Nubori Experience,39,3,74.13,832.83,40.0,0.23,0,3.2,0,1
12873,Kobe Sushi,12,5,18.22,237.01,23.0,0.42,0,4.3,1,0
12874,Kobe Sushi,94,8,19.14,252.05,40.0,0.28,0,3.1,1,0
12875,Nubori Experience,53,3,68.35,700.11,53.0,0.4,0,3.3,0,0
12876,Noe Sushi Bar,64,6,45.39,878.22,32.0,0.73,0,6.4,0,0
12877,Noe Sushi Bar,4,9,36.9,1043.06,31.0,0.05,0,0.5,0,1
12878,Noe Sushi Bar,94,8,53.04,964.99,33.0,0.42,0,7.4,0,1
12879,Noe Sushi Bar,5,5,54.62,774.03,59.0,0.42,0,6.6,1,0
12880,Kobe Sushi,16,9,14.84,221.4,41.0,0.23,0,17.5,0,1
12881,Chef Choy,27,11,27.95,1116.66,55.0,0.05,2,8.5,0,1
12882,Nubori Experience,4,3,82.44,729.84,70.0,0.17,0,8.5,1,0
12883,Noe Sushi Bar,72,5,35.66,403.94,33.0,0.05,1,0.5,0,1
12884,Noe Sushi Bar,48,7,53.17,871.65,50.0,0.5,0,30.0,0,0
12885,Kobe Sushi,8,8,13.63,276.1,47.0,0.2,0,5.8,0,0
12886,Kobe Sushi,81,5,24.34,238.64,61.0,0.16,1,23.2,1,0
12887,Kobe Sushi,46,6,19.15,348.81,27.0,0.11,1,5.7,0,0
12888,Kobe Sushi,44,5,13.59,261.68,20.0,0.25,0,0.5,1,0
12889,Nubori Experience,67,6,64.7,1503.96,41.0,0.38,0,1.3,0,0
12890,Chef Choy,91,5,29.86,272.52,20.0,0.42,2,9.9,1,0
12891,Noe Sushi Bar,52,6,57.06,770.9,37.0,0.06,0,5.6,0,0
12892,Noe Sushi Bar,34,6,34.28,735.62,39.0,0.33,0,7.1,0,1
12893,Kobe Sushi,62,5,20.49,353.49,55.0,0.32,0,15.1,1,0
12894,Nubori Experience,109,7,77.71,1400.28,53.0,0.24,1,1.5,1,0
12895,Kobe Sushi,21,8,13.11,274.22,50.0,0.52,0,0.5,0,1
12896,Kobe Sushi,107,7,12.04,251.77,22.0,0.26,0,13.9,0,0
12897,Noe Sushi Bar,24,12,28.2,675.93,41.0,0.19,1,14.7,0,1
12898,Nubori Experience,44,6,64.77,1286.02,51.0,0.05,0,21.9,0,0
12899,Nubori Experience,114,5,79.77,1140.03,58.0,0.28,0,0.5,0,1
12900,Kobe Sushi,41,7,23.99,324.6,42.0,0.17,0,6.3,0,0
12901,Nubori Experience,29,5,55.31,923.93,38.0,0.19,0,30.0,0,0
12902,Kobe Sushi,103,3,20.82,227.75,60.0,0.17,0,13.1,0,0
12903,Kobe Sushi,6,9,20.43,305.78,45.0,0.39,0,3.4,0,0
12904,Nubori Experience,56,9,40.34,1097.52,38.0,0.13,0,3.6,0,1
12905,Nubori Experience,14,6,38.55,549.47,37.0,0.17,0,5.8,0,0
12906,Noe Sushi Bar,50,3,70.94,692.4,49.0,0.06,0,2.9,0,1
12907,Noe Sushi Bar,78,9,41.77,568.62,41.0,0.53,0,20.6,1,0
12908,Nubori Experience,101,4,82.16,1193.97,37.0,0.19,0,6.4,1,0
12909,Chef Choy,52,5,13.4,173.38,54.0,0.45,2,5.1,1,0
12910,Nubori Experience,88,4,65.85,1045.26,60.0,0.23,2,1.3,1,0
12911,Noe Sushi Bar,77,5,57.12,858.26,52.0,0.41,0,0.5,0,1
12912,Nubori Experience,1,10,57.8,1095.24,43.0,0.23,0,1.1,1,0
12913,Nubori Experience,12,5,58.87,859.38,29.0,0.57,0,1.3,0,1
12914,Kobe Sushi,115,7,16.27,313.84,45.0,0.78,0,7.9,0,1
12915,Nubori Experience,106,7,66.61,1539.78,30.0,0.48,0,18.4,0,1
12916,Noe Sushi Bar,24,7,42.8,755.71,35.0,0.09,0,2.7,0,0
12917,Kobe Sushi,37,5,21.96,192.7,56.0,0.12,1,0.8,1,0
12918,Noe Sushi Bar,84,8,65.04,1677.49,54.0,0.27,0,25.4,1,0
12919,Kobe Sushi,70,13,25.36,1310.38,58.0,0.51,0,0.5,0,1
12920,Noe Sushi Bar,76,8,51.01,992.21,73.0,0.41,0,0.8,0,1
12921,Nubori Experience,85,5,30.7,236.19,53.0,0.28,1,0.6,1,0
12922,Kobe Sushi,3,5,18.85,185.46,62.0,0.22,0,15.4,0,1
12923,Noe Sushi Bar,27,8,48.51,1386.86,53.0,0.1,3,1.6,0,1
12924,Nubori Experience,110,10,104.51,3882.34,72.0,0.28,0,0.5,1,0
12925,Noe Sushi Bar,53,9,46.6,1214.95,70.0,0.2,1,5.6,0,0
12926,Kobe Sushi,100,6,26.94,589.71,46.0,0.49,0,2.6,0,1
12927,Noe Sushi Bar,17,8,48.44,1145.42,56.0,0.62,0,0.8,0,0
12928,Noe Sushi Bar,113,4,47.78,506.16,25.0,0.07,0,2.3,0,1
12929,Noe Sushi Bar,110,5,56.61,981.87,34.0,0.25,0,15.2,0,0
12930,Nubori Experience,15,5,53.16,689.07,73.0,0.27,0,0.5,0,1
12931,Noe Sushi Bar,39,7,42.47,477.68,32.0,0.08,0,2.3,0,0
12932,Nubori Experience,4,7,47.71,646.01,32.0,0.37,0,2.3,0,0
12933,Noe Sushi Bar,17,4,41.05,295.74,85.0,0.09,0,15.0,0,1
12934,Kobe Sushi,102,7,23.4,255.0,39.0,0.11,0,2.3,1,0
12935,Noe Sushi Bar,11,5,36.77,376.96,62.0,0.15,2,3.5,0,1
12936,Noe Sushi Bar,12,7,35.05,558.84,60.0,0.27,2,3.6,1,0
12937,Noe Sushi Bar,111,6,44.29,924.39,43.0,0.59,1,18.5,0,1
12938,Kobe Sushi,32,7,14.65,256.68,71.0,0.32,0,10.5,0,0
12939,Kobe Sushi,27,9,23.9,854.57,56.0,0.17,0,4.3,0,1
12940,Kobe Sushi,44,4,17.71,148.71,43.0,0.3,0,29.1,1,0
12941,Kobe Sushi,43,5,16.0,167.0,56.0,0.35,0,6.5,0,1
12942,Noe Sushi Bar,91,7,56.55,1228.45,28.0,0.26,0,11.7,0,0
12943,Kobe Sushi,49,8,21.44,633.4,59.0,0.53,0,12.6,0,1
12944,Chef Choy,104,7,18.46,438.23,37.0,0.11,0,3.5,1,0
12945,Kobe Sushi,108,7,15.07,389.59,45.0,0.32,0,6.6,0,1
12946,Kobe Sushi,93,6,20.41,406.65,51.0,0.02,1,0.6,0,1
12947,Noe Sushi Bar,73,4,45.81,314.32,40.0,0.66,0,0.9,1,0
12948,Kobe Sushi,43,9,19.65,461.26,55.0,0.24,0,10.9,1,0
12949,Nubori Experience,3,8,60.87,897.26,68.0,0.54,3,6.4,0,0
12950,Kobe Sushi,103,7,14.91,400.15,64.0,0.27,0,0.5,0,1
12951,Noe Sushi Bar,29,5,40.56,433.57,49.0,0.36,0,14.4,0,0
12952,Nubori Experience,85,5,66.55,905.05,72.0,0.33,0,2.6,0,1
12953,Noe Sushi Bar,35,8,24.52,342.69,45.0,0.24,2,7.9,1,0
12954,Kobe Sushi,117,4,17.63,228.08,61.0,0.13,0,4.6,1,0
12955,Noe Sushi Bar,48,6,32.18,467.96,32.0,0.66,0,7.4,1,0
12956,Noe Sushi Bar,74,6,36.24,623.79,68.0,0.74,0,7.3,0,0
12957,Nubori Experience,87,7,84.38,928.47,51.0,0.64,0,7.4,0,0
12958,Nubori Experience,39,7,51.72,592.88,66.0,0.09,0,17.4,0,1
12959,Kobe Sushi,89,7,16.79,392.16,50.0,0.03,0,4.6,0,0
12960,Nubori Experience,24,8,75.4,1940.47,35.0,0.25,0,0.5,0,1
12961,Kobe Sushi,20,8,24.83,303.52,44.0,0.57,0,4.5,0,0
12962,Kobe Sushi,15,12,16.18,768.56,56.0,0.07,0,12.8,0,0
12963,Nubori Experience,85,5,52.46,985.85,48.0,0.2,0,9.3,0,0
12964,Kobe Sushi,117,9,20.14,274.07,34.0,0.11,0,5.3,1,0
12965,Kobe Sushi,106,6,19.86,300.74,42.0,0.19,0,1.6,1,0
12966,Kobe Sushi,76,4,21.97,168.82,20.0,0.41,0,4.1,1,0
12967,Noe Sushi Bar,18,4,48.99,366.12,58.0,0.17,0,30.0,0,0
12968,Noe Sushi Bar,60,7,59.39,1011.7,80.0,0.16,0,2.8,0,0
12969,Noe Sushi Bar,87,9,48.66,952.82,27.0,0.34,1,9.9,0,1
12970,Kobe Sushi,119,7,26.89,346.11,52.0,0.18,0,5.7,0,0
12971,Noe Sushi Bar,105,3,51.11,583.17,41.0,0.59,0,2.4,0,1
12972,Nubori Experience,93,8,53.17,833.58,31.0,0.51,0,1.1,0,1
12973,Nubori Experience,41,11,85.57,2936.8,63.0,0.43,0,3.8,0,0
12974,Kobe Sushi,100,6,19.87,207.97,53.0,0.92,0,2.0,0,0
12975,Nubori Experience,69,4,82.67,903.24,42.0,0.4,1,17.0,1,0
12976,Noe Sushi Bar,103,3,52.46,250.71,20.0,0.17,0,0.9,1,0
12977,Kobe Sushi,90,4,17.7,135.72,68.0,0.02,0,1.8,1,0
12978,Kobe Sushi,103,4,19.17,186.34,49.0,0.24,0,8.3,0,1
12979,Kobe Sushi,75,3,24.28,198.64,20.0,0.26,0,2.6,1,0
12980,Noe Sushi Bar,106,4,35.78,447.95,21.0,0.37,0,13.8,0,0
12981,Kobe Sushi,11,4,12.0,92.91,49.0,0.2,0,5.8,0,1
12982,Noe Sushi Bar,120,6,52.2,615.32,50.0,0.38,0,0.5,1,0
12983,Kobe Sushi,56,8,10.0,132.76,40.0,0.16,0,1.1,1,0
12984,Nubori Experience,18,6,48.79,548.99,58.0,0.03,0,8.0,0,1
12985,Kobe Sushi,12,7,22.81,469.65,24.0,0.38,0,7.8,0,0
12986,Nubori Experience,16,3,41.39,207.84,34.0,0.14,0,2.4,1,0
12987,Nubori Experience,27,2,71.07,254.04,45.0,0.41,0,2.9,0,1
12988,Kobe Sushi,100,5,23.03,210.08,50.0,0.36,0,1.1,0,0
12989,Noe Sushi Bar,17,9,41.82,1148.18,25.0,0.3,0,12.4,0,1
12990,Kobe Sushi,113,4,25.34,285.35,41.0,0.33,1,7.3,1,0
12991,Nubori Experience,85,6,61.19,830.15,48.0,0.32,0,14.1,0,0
12992,Noe Sushi Bar,119,5,51.7,983.73,36.0,0.11,0,1.1,1,0
12993,Kobe Sushi,101,5,15.67,262.74,28.0,0.32,0,6.8,1,0
12994,Kobe Sushi,31,5,17.46,138.65,23.0,0.4,0,23.5,0,0
12995,Kobe Sushi,109,5,23.08,458.06,31.0,0.26,1,6.4,0,1
12996,Nubori Experience,35,7,109.45,2201.44,36.0,0.38,0,2.8,0,1
12997,Noe Sushi Bar,27,7,39.66,734.99,32.0,0.4,0,8.5,0,0
12998,Nubori Experience,87,2,80.59,342.69,46.0,0.44,0,0.9,1,0
12999,Kobe Sushi,32,3,19.93,157.96,67.0,0.72,1,13.3,0,0
13000,Kobe Sushi,17,11,15.49,556.2,26.0,0.02,0,17.2,0,0
13001,Nubori Experience,11,6,67.3,1411.81,50.0,0.09,0,4.3,0,0
13002,Kobe Sushi,1,3,22.68,228.22,36.0,0.33,0,0.5,0,0
13003,Nubori Experience,92,9,66.95,2238.21,20.0,0.42,0,16.1,0,1
13004,Kobe Sushi,82,4,20.55,214.98,48.0,0.61,0,8.1,0,1
13005,Kobe Sushi,49,6,22.96,460.27,46.0,0.12,0,0.5,1,0
13006,Noe Sushi Bar,41,8,37.05,943.32,56.0,0.12,0,9.3,1,0
13007,Nubori Experience,20,6,79.48,1151.19,40.0,0.3,0,9.1,0,1
13008,Nubori Experience,71,7,53.12,754.02,62.0,0.63,0,6.3,0,1
13009,Kobe Sushi,37,5,13.19,255.11,56.0,0.22,0,4.9,1,0
13010,Kobe Sushi,16,8,16.78,325.69,20.0,0.57,0,0.5,0,1
13011,Noe Sushi Bar,39,10,50.68,771.8,29.0,0.29,0,6.9,0,1
13012,Noe Sushi Bar,109,5,51.11,473.09,26.0,0.23,0,7.2,0,0
13013,Noe Sushi Bar,45,4,39.51,337.48,56.0,0.1,1,0.5,1,0
13014,Kobe Sushi,64,7,23.4,500.13,45.0,0.21,0,3.6,0,0
13015,Nubori Experience,47,10,74.64,1295.97,45.0,0.59,0,0.5,1,0
13016,Noe Sushi Bar,23,8,41.23,855.39,20.0,0.07,0,21.9,1,0
13017,Nubori Experience,32,7,51.71,1206.81,57.0,0.43,0,5.3,1,0
13018,Noe Sushi Bar,49,2,32.7,180.7,88.0,0.53,2,4.0,1,0
13019,Noe Sushi Bar,81,6,37.44,692.61,20.0,0.39,0,3.1,0,0
13020,Nubori Experience,19,6,63.49,692.35,38.0,0.23,0,10.5,1,0
13021,Noe Sushi Bar,106,5,31.35,256.49,65.0,0.48,0,3.4,1,1
13022,Nubori Experience,98,4,72.46,1073.8,37.0,0.27,0,0.5,1,1
13023,Nubori Experience,78,5,56.64,764.38,20.0,0.23,1,2.8,0,0
13024,Noe Sushi Bar,119,7,56.14,992.12,43.0,0.27,0,15.4,1,0
13025,Noe Sushi Bar,67,8,48.7,1077.65,84.0,0.38,0,11.0,1,0
13026,Kobe Sushi,39,6,20.32,351.76,70.0,0.09,0,2.3,0,1
13027,Kobe Sushi,89,9,13.85,261.05,34.0,0.3,0,4.7,0,1
13028,Kobe Sushi,60,5,10.0,94.94,55.0,0.6,0,1.2,1,0
13029,Kobe Sushi,11,4,14.49,148.51,31.0,0.27,0,17.5,0,0
13030,Kobe Sushi,49,5,15.14,158.57,38.0,0.66,1,9.2,0,0
13031,Kobe Sushi,15,9,13.1,283.0,39.0,0.29,0,11.5,0,0
13032,Kobe Sushi,83,6,16.86,308.46,57.0,0.42,0,15.0,1,0
13033,Noe Sushi Bar,61,4,42.36,523.34,28.0,0.46,2,5.9,1,0
13034,Kobe Sushi,43,6,12.2,247.46,53.0,0.4,0,15.3,0,0
13035,Kobe Sushi,15,10,12.86,309.18,33.0,0.37,0,0.5,0,0
13036,Noe Sushi Bar,79,4,38.47,393.39,50.0,0.38,0,1.7,0,1
13037,Noe Sushi Bar,102,8,31.66,630.56,50.0,0.07,0,24.7,1,0
13038,Noe Sushi Bar,79,3,33.76,155.12,57.0,0.17,0,1.0,0,1
13039,Noe Sushi Bar,73,7,61.06,1557.13,50.0,0.37,0,4.8,0,1
13040,Nubori Experience,5,4,67.37,529.6,46.0,0.28,0,0.8,0,0
13041,Noe Sushi Bar,83,7,53.0,783.18,66.0,0.52,0,2.8,1,0
13042,Noe Sushi Bar,88,9,38.05,835.56,39.0,0.51,0,4.1,0,1
13043,Nubori Experience,29,5,87.01,1499.09,26.0,0.53,2,14.4,0,1
13044,Nubori Experience,62,8,65.52,2002.62,37.0,0.71,2,9.2,0,0
13045,Noe Sushi Bar,60,5,40.22,553.9,47.0,0.02,1,5.5,0,0
13046,Noe Sushi Bar,69,4,38.9,576.13,62.0,0.25,0,6.8,0,1
13047,Kobe Sushi,22,4,16.63,182.42,40.0,0.13,0,2.3,1,0
13048,Noe Sushi Bar,13,7,65.84,1430.69,41.0,0.54,0,13.3,0,1
13049,Nubori Experience,50,7,63.77,905.04,83.0,0.21,0,27.9,0,0
13050,Noe Sushi Bar,116,5,37.5,426.36,25.0,0.49,0,28.8,0,0
13051,Nubori Experience,113,7,69.51,1279.81,54.0,0.06,3,4.9,1,0
13052,Noe Sushi Bar,47,5,55.96,443.0,46.0,0.39,0,7.9,0,1
13053,Nubori Experience,110,9,54.25,1810.56,28.0,0.35,1,0.8,1,0
13054,Noe Sushi Bar,29,7,30.71,740.08,46.0,0.55,0,2.1,0,0
13055,Kobe Sushi,80,5,20.68,214.95,54.0,0.35,1,2.4,1,0
13056,Noe Sushi Bar,100,4,31.67,481.31,48.0,0.06,0,2.8,1,0
13057,Kobe Sushi,17,3,19.51,232.76,40.0,0.25,0,5.4,0,0
13058,Kobe Sushi,20,2,17.06,100.95,20.0,0.32,0,1.6,0,0
13059,Nubori Experience,78,5,51.22,615.15,60.0,0.17,0,18.3,1,0
13060,Kobe Sushi,114,6,16.26,225.27,46.0,0.64,0,1.9,1,1
13061,Chef Choy,6,9,35.69,906.42,51.0,0.42,2,1.2,1,0
13062,Kobe Sushi,22,6,14.08,336.5,48.0,0.16,0,20.5,0,0
13063,Kobe Sushi,104,5,31.31,415.78,43.0,0.43,0,0.5,0,0
13064,Nubori Experience,9,5,49.15,374.39,43.0,0.22,0,6.6,0,1
13065,Kobe Sushi,32,5,27.2,278.25,43.0,0.55,0,3.5,0,0
13066,Noe Sushi Bar,88,8,36.72,529.03,40.0,0.29,0,1.4,0,1
13067,Noe Sushi Bar,33,4,55.72,709.89,45.0,0.73,0,0.9,0,0
13068,Noe Sushi Bar,77,10,50.6,772.36,78.0,0.36,2,16.3,1,0
13069,Nubori Experience,99,4,70.03,1089.73,33.0,0.28,0,10.8,1,1
13070,Noe Sushi Bar,70,4,43.45,312.04,46.0,0.2,0,18.4,1,0
13071,Noe Sushi Bar,49,3,53.64,259.87,50.0,0.35,0,2.6,1,0
13072,Nubori Experience,104,9,47.35,677.84,36.0,0.16,0,3.0,1,0
13073,Kobe Sushi,30,3,17.14,182.37,26.0,0.25,0,8.4,0,1
13074,Noe Sushi Bar,102,3,57.5,401.67,46.0,0.22,0,0.9,1,0
13075,Nubori Experience,16,5,66.61,572.14,60.0,0.19,0,2.5,1,0
13076,Noe Sushi Bar,65,5,25.81,440.05,52.0,0.29,0,0.5,0,1
13077,Nubori Experience,106,7,62.05,1686.34,42.0,0.45,0,6.2,0,0
13078,Noe Sushi Bar,82,10,42.3,1026.1,41.0,0.46,0,1.9,1,0
13079,Nubori Experience,86,6,79.34,1844.0,50.0,0.17,0,2.9,0,0
13080,Nubori Experience,90,9,51.35,755.2,49.0,0.42,0,13.4,1,0
13081,Kobe Sushi,14,5,15.1,182.98,50.0,0.19,1,8.2,0,0
13082,Kobe Sushi,56,8,13.84,391.91,67.0,0.45,0,8.0,0,1
13083,Noe Sushi Bar,37,4,36.2,469.78,43.0,0.6,0,1.2,1,0
13084,Noe Sushi Bar,49,7,69.05,1020.61,62.0,0.43,0,5.2,0,1
13085,Kobe Sushi,78,9,21.6,468.98,47.0,0.34,0,1.7,0,1
13086,Kobe Sushi,90,7,24.49,593.18,39.0,0.29,0,8.1,1,0
13087,Kobe Sushi,50,5,14.61,222.12,32.0,0.71,0,9.6,1,0
13088,Nubori Experience,36,3,38.35,221.47,37.0,0.55,0,1.0,0,1
13089,Noe Sushi Bar,52,2,27.34,207.24,23.0,0.29,0,10.8,0,0
13090,Noe Sushi Bar,23,6,13.9,290.83,48.0,0.51,0,3.1,0,0
13091,Kobe Sushi,66,2,19.77,126.78,56.0,0.33,0,24.1,1,0
13092,Kobe Sushi,103,3,19.1,141.06,62.0,0.62,0,4.4,0,1
13093,Kobe Sushi,71,4,15.58,129.24,25.0,0.05,0,0.5,1,0
13094,Kobe Sushi,103,7,13.99,351.12,82.0,0.14,0,1.9,0,0
13095,Nubori Experience,45,5,57.41,720.38,54.0,0.36,0,7.0,0,1
13096,Nubori Experience,115,2,91.59,302.37,47.0,0.46,1,4.6,1,0
13097,Kobe Sushi,86,4,20.74,174.31,20.0,0.35,0,18.8,0,0
13098,Kobe Sushi,28,9,10.0,291.72,51.0,0.4,0,1.2,0,0
13099,Kobe Sushi,102,1,12.99,51.88,73.0,0.27,1,10.0,0,1
13100,Noe Sushi Bar,20,6,58.69,1032.02,38.0,0.03,0,8.6,0,0
13101,Kobe Sushi,49,5,22.08,399.46,52.0,0.35,0,4.6,0,0
13102,Kobe Sushi,57,5,18.3,237.28,20.0,0.21,0,1.3,1,0
13103,Kobe Sushi,82,5,11.72,183.46,30.0,0.24,0,1.2,0,0
13104,Chef Choy,88,7,27.59,464.8,53.0,0.26,1,4.7,1,0
13105,Noe Sushi Bar,97,3,52.16,236.55,44.0,0.6,0,14.3,1,0
13106,Noe Sushi Bar,59,9,58.19,1196.08,41.0,0.12,0,2.5,0,1
13107,Kobe Sushi,119,2,17.39,133.63,77.0,0.16,0,3.6,1,0
13108,Nubori Experience,109,5,62.03,975.35,20.0,0.22,0,12.6,1,0
13109,Nubori Experience,26,9,41.88,906.66,60.0,0.25,1,9.4,0,1
13110,Kobe Sushi,19,5,21.99,279.68,36.0,0.5,3,3.4,0,1
13111,Kobe Sushi,112,3,10.0,79.29,21.0,0.18,0,0.5,1,0
13112,Noe Sushi Bar,106,9,40.73,968.94,63.0,0.58,0,9.8,0,0
13113,Kobe Sushi,13,7,18.35,230.73,58.0,0.24,0,5.3,0,0
13114,Noe Sushi Bar,74,8,35.75,584.56,48.0,0.18,1,1.4,1,0
13115,Noe Sushi Bar,62,8,54.12,1267.99,55.0,0.3,0,11.0,1,0
13116,Noe Sushi Bar,14,5,32.21,321.34,37.0,0.65,0,0.5,0,0
13117,Kobe Sushi,73,4,17.57,137.33,60.0,0.28,0,11.4,0,1
13118,Noe Sushi Bar,117,10,30.5,674.88,43.0,0.12,0,11.1,0,0
13119,Nubori Experience,11,5,95.06,1607.39,60.0,0.44,0,0.5,0,1
13120,Kobe Sushi,67,9,13.75,424.58,24.0,0.17,0,2.1,1,0
13121,Noe Sushi Bar,104,5,56.04,1023.23,81.0,0.29,0,11.4,1,0
13122,Kobe Sushi,12,3,12.16,103.01,70.0,0.09,0,11.5,0,0
13123,Kobe Sushi,35,5,23.52,253.4,49.0,0.69,0,3.8,0,1
13124,Noe Sushi Bar,103,6,53.42,945.54,53.0,0.55,0,8.9,1,0
13125,Kobe Sushi,110,7,24.77,585.74,52.0,0.32,0,6.9,0,0
13126,Kobe Sushi,39,7,16.07,432.73,38.0,0.07,0,3.1,1,0
13127,Kobe Sushi,32,4,21.13,256.71,43.0,0.17,0,2.2,0,0
13128,Noe Sushi Bar,103,8,59.76,1555.36,40.0,0.43,0,13.0,1,0
13129,Noe Sushi Bar,14,5,23.06,440.81,32.0,0.24,1,3.1,0,0
13130,Kobe Sushi,108,5,20.74,178.15,64.0,0.13,0,3.2,1,0
13131,Noe Sushi Bar,65,4,63.34,386.9,57.0,0.06,0,9.1,0,1
13132,Kobe Sushi,27,6,16.96,348.53,73.0,0.87,0,3.2,0,1
13133,Noe Sushi Bar,101,4,24.47,180.31,31.0,0.44,0,2.1,0,0
13134,Noe Sushi Bar,60,3,60.16,519.78,59.0,0.71,0,2.2,0,1
13135,Noe Sushi Bar,43,4,56.39,818.7,43.0,0.44,0,4.9,1,0
13136,Nubori Experience,65,5,67.34,659.07,55.0,0.38,0,0.6,0,1
13137,Nubori Experience,55,4,86.14,1134.37,37.0,0.27,1,1.3,0,0
13138,Kobe Sushi,109,4,19.34,188.68,23.0,0.08,0,4.4,0,1
13139,Nubori Experience,93,6,67.76,840.64,27.0,0.12,0,19.5,0,1
13140,Kobe Sushi,88,2,14.22,74.45,56.0,0.47,0,7.1,1,0
13141,Nubori Experience,119,4,63.13,581.23,46.0,0.27,1,12.3,1,0
13142,Kobe Sushi,81,4,14.86,205.79,40.0,0.12,0,6.5,0,0
13143,Kobe Sushi,35,8,11.5,367.03,39.0,0.18,0,0.5,0,1
13144,Kobe Sushi,95,16,18.18,842.1,60.0,0.06,0,14.0,0,0
13145,Kobe Sushi,106,6,15.18,318.85,56.0,0.23,0,7.9,0,1
13146,Noe Sushi Bar,32,5,50.15,623.9,20.0,0.33,0,4.7,0,1
13147,Nubori Experience,19,5,75.77,716.63,61.0,0.41,0,6.5,0,0
13148,Noe Sushi Bar,95,2,57.41,303.23,34.0,0.22,0,14.9,0,0
13149,Noe Sushi Bar,39,8,44.14,1012.72,39.0,0.45,1,1.7,0,1
13150,Chef Choy,20,6,29.78,448.93,33.0,0.78,0,0.9,0,1
13151,Kobe Sushi,28,7,14.94,274.09,63.0,0.27,0,7.7,1,0
13152,Kobe Sushi,3,7,11.98,233.66,55.0,0.47,0,1.8,0,0
13153,Kobe Sushi,32,7,20.21,330.98,48.0,0.42,0,0.9,0,0
13154,Kobe Sushi,86,4,11.44,70.95,49.0,0.4,0,17.5,0,0
13155,Kobe Sushi,108,4,24.45,351.02,64.0,0.3,0,7.0,1,0
13156,Kobe Sushi,58,5,10.0,99.81,46.0,0.22,1,4.3,0,0
13157,Kobe Sushi,54,2,19.87,91.57,50.0,0.4,0,3.2,1,1
13158,Kobe Sushi,42,8,13.52,390.75,60.0,0.09,0,5.1,0,1
13159,Nubori Experience,117,7,73.0,1475.59,76.0,0.37,0,1.6,1,0
13160,Kobe Sushi,108,6,17.48,193.68,86.0,0.34,2,13.2,1,0
13161,Noe Sushi Bar,15,4,46.23,538.39,61.0,0.06,0,5.8,0,0
13162,Noe Sushi Bar,102,2,26.73,119.79,32.0,0.61,0,0.5,1,0
13163,Noe Sushi Bar,83,6,53.6,1246.1,26.0,0.66,0,3.1,0,1
13164,Kobe Sushi,62,8,17.28,528.76,20.0,0.13,0,15.3,0,0
13165,Kobe Sushi,31,7,14.88,341.69,44.0,0.15,0,4.9,0,0
13166,Kobe Sushi,61,4,16.87,111.03,52.0,0.12,0,1.2,0,1
13167,Kobe Sushi,26,5,12.26,180.25,28.0,0.21,0,8.9,1,1
13168,Kobe Sushi,69,11,26.89,675.42,62.0,0.49,1,1.5,0,1
13169,Noe Sushi Bar,57,2,57.81,301.28,48.0,0.53,0,4.2,0,1
13170,Noe Sushi Bar,20,5,33.03,620.23,32.0,0.06,0,4.3,0,0
13171,Noe Sushi Bar,66,5,47.89,598.46,76.0,0.38,0,0.8,0,0
13172,Noe Sushi Bar,21,4,41.58,541.54,45.0,0.54,0,2.5,0,1
13173,Kobe Sushi,115,6,28.19,599.84,28.0,0.41,0,3.8,0,1
13174,Nubori Experience,60,3,44.95,214.16,33.0,0.03,0,0.9,0,0
13175,Kobe Sushi,63,5,13.5,237.62,33.0,0.27,0,8.2,1,0
13176,Noe Sushi Bar,51,11,36.57,1366.58,29.0,0.15,0,6.4,0,1
13177,Chef Choy,100,4,32.27,243.4,42.0,0.14,0,5.6,0,0
13178,Noe Sushi Bar,92,10,44.29,1595.21,79.0,0.36,0,3.8,0,0
13179,Kobe Sushi,84,7,19.14,324.52,57.0,0.54,0,2.0,1,0
13180,Noe Sushi Bar,101,7,51.64,659.13,70.0,0.38,0,10.2,0,1
13181,Kobe Sushi,39,6,18.14,196.06,52.0,0.31,0,5.9,0,1
13182,Kobe Sushi,100,6,14.03,288.55,42.0,0.31,1,3.0,0,0
13183,Kobe Sushi,11,4,19.98,289.51,47.0,0.35,1,0.5,0,0
13184,Kobe Sushi,119,4,11.63,122.79,49.0,0.32,0,0.7,1,0
13185,Noe Sushi Bar,57,5,45.3,355.18,38.0,0.07,0,7.5,0,0
13186,Nubori Experience,3,9,46.49,1448.4,63.0,0.61,0,1.8,0,0
13187,Kobe Sushi,37,11,16.89,544.31,20.0,0.26,0,4.1,1,0
13188,Nubori Experience,84,3,51.86,475.04,42.0,0.14,0,3.2,0,1
13189,Nubori Experience,96,5,64.46,1238.21,41.0,0.26,0,4.9,1,0
13190,Nubori Experience,111,8,50.76,1238.03,51.0,0.44,3,0.5,1,0
13191,Nubori Experience,25,3,90.8,468.74,24.0,0.05,0,10.4,0,1
13192,Kobe Sushi,21,6,23.3,556.45,44.0,0.15,0,6.2,0,1
13193,Kobe Sushi,114,7,27.95,675.47,32.0,0.21,0,8.8,1,0
13194,Noe Sushi Bar,80,6,68.22,691.71,50.0,0.38,0,0.9,1,0
13195,Noe Sushi Bar,112,12,39.67,1620.73,45.0,0.51,0,4.5,0,1
13196,Nubori Experience,42,3,91.38,784.56,29.0,0.32,0,1.5,0,1
13197,Nubori Experience,1,2,56.53,238.99,51.0,0.3,0,14.1,0,0
13198,Noe Sushi Bar,23,8,62.9,909.15,35.0,0.18,0,3.6,0,0
13199,Kobe Sushi,107,5,21.25,300.75,51.0,0.08,1,4.2,0,1
13200,Kobe Sushi,113,7,26.11,399.28,36.0,0.42,0,1.9,0,1
13201,Kobe Sushi,24,3,18.29,135.47,54.0,0.03,0,14.9,0,0
13202,Noe Sushi Bar,47,9,42.73,1351.13,37.0,0.24,1,8.0,0,0
13203,Noe Sushi Bar,89,1,35.58,68.31,37.0,0.24,0,3.0,0,0
13204,Nubori Experience,7,6,34.44,517.65,60.0,0.23,0,2.2,0,0
13205,Noe Sushi Bar,38,9,47.09,668.24,74.0,0.17,0,12.7,0,1
13206,Nubori Experience,111,4,57.25,452.69,60.0,0.21,1,2.6,0,1
13207,Noe Sushi Bar,47,5,45.81,886.98,53.0,0.32,0,2.2,0,0
13208,Nubori Experience,103,5,27.74,324.41,24.0,0.43,0,21.1,0,0
13209,Kobe Sushi,35,3,27.22,174.86,31.0,0.47,0,16.2,0,0
13210,Nubori Experience,78,6,87.63,1140.39,37.0,0.22,0,7.5,0,0
13211,Noe Sushi Bar,62,7,29.08,501.39,35.0,0.23,0,4.3,0,1
13212,Kobe Sushi,73,11,18.9,633.24,47.0,0.08,0,1.1,0,1
13213,Kobe Sushi,3,4,21.17,160.41,37.0,0.25,0,2.9,0,1
13214,Nubori Experience,102,2,52.33,332.36,71.0,0.26,0,7.5,1,0
13215,Kobe Sushi,20,6,19.85,214.49,24.0,0.11,0,1.7,0,0
13216,Noe Sushi Bar,105,7,59.39,1232.25,40.0,0.6,1,4.8,0,0
13217,Kobe Sushi,97,1,10.0,20.58,29.0,0.39,0,2.3,0,0
13218,Noe Sushi Bar,105,3,49.96,231.23,20.0,0.3,0,2.3,0,0
13219,Nubori Experience,44,9,86.99,1985.95,55.0,0.1,0,3.5,0,0
13220,Kobe Sushi,32,7,19.93,297.63,41.0,0.53,0,8.6,0,0
13221,Noe Sushi Bar,100,4,60.03,713.82,20.0,0.46,1,0.5,1,0
13222,Nubori Experience,26,7,63.69,1724.04,24.0,0.34,0,10.2,0,1
13223,Chef Choy,48,9,20.29,334.22,49.0,0.19,0,18.2,0,0
13224,Nubori Experience,5,7,34.07,513.4,67.0,0.2,0,0.5,0,0
13225,Noe Sushi Bar,59,8,45.44,1240.2,21.0,0.17,0,2.4,0,0
13226,Kobe Sushi,61,8,10.0,253.36,61.0,0.08,0,1.3,1,0
13227,Noe Sushi Bar,49,5,40.93,715.38,60.0,0.4,0,9.3,0,1
13228,Noe Sushi Bar,30,9,67.07,1333.36,37.0,0.24,0,4.0,0,1
13229,Kobe Sushi,17,4,18.26,210.49,31.0,0.57,0,1.7,1,0
13230,Kobe Sushi,70,13,25.98,911.79,23.0,0.46,0,9.6,0,0
13231,Kobe Sushi,58,7,16.52,292.42,61.0,0.58,1,1.0,0,1
13232,Noe Sushi Bar,63,10,24.48,530.21,39.0,0.27,0,18.9,0,0
13233,Nubori Experience,61,8,56.66,1544.42,48.0,0.7,0,14.6,0,1
13234,Kobe Sushi,63,5,23.54,305.1,64.0,0.12,0,8.3,1,0
13235,Noe Sushi Bar,15,10,76.6,1382.35,56.0,0.21,0,5.0,0,0
13236,Nubori Experience,1,8,57.34,881.03,30.0,0.49,1,7.0,0,0
13237,Kobe Sushi,13,9,10.93,220.89,43.0,0.22,0,1.9,1,0
13238,Noe Sushi Bar,48,5,48.34,664.89,35.0,0.64,0,4.2,1,0
13239,Nubori Experience,34,5,68.53,1132.34,59.0,0.05,0,4.6,0,1
13240,Nubori Experience,30,3,67.6,427.76,60.0,0.17,0,5.3,0,1
13241,Kobe Sushi,19,6,18.49,362.26,49.0,0.2,0,0.5,0,1
13242,Kobe Sushi,119,10,18.17,661.65,26.0,0.2,0,0.5,0,1
13243,Kobe Sushi,64,7,23.66,347.46,71.0,0.08,0,19.6,0,0
13244,Noe Sushi Bar,66,8,54.53,1738.14,42.0,0.26,0,21.4,0,0
13245,Noe Sushi Bar,117,5,41.88,762.3,43.0,0.4,0,1.1,1,0
13246,Noe Sushi Bar,57,5,34.92,344.95,45.0,0.16,0,14.4,0,0
13247,Kobe Sushi,44,2,11.26,34.63,60.0,0.14,0,1.0,1,0
13248,Kobe Sushi,12,4,20.61,314.15,65.0,0.62,1,6.5,0,0
13249,Noe Sushi Bar,40,4,42.81,310.88,58.0,0.28,1,6.6,1,0
13250,Noe Sushi Bar,108,6,61.25,1119.16,45.0,0.24,0,12.8,1,1
13251,Noe Sushi Bar,24,9,50.86,1270.41,27.0,0.33,0,6.4,0,1
13252,Noe Sushi Bar,11,6,42.96,600.87,77.0,0.31,0,1.5,1,0
13253,Kobe Sushi,66,7,24.56,652.84,55.0,0.65,0,5.0,0,1
13254,Kobe Sushi,1,3,20.18,203.21,49.0,0.23,0,13.0,0,0
13255,Kobe Sushi,58,10,24.86,447.04,62.0,0.03,0,8.4,0,0
13256,Kobe Sushi,28,5,14.67,226.53,44.0,0.73,0,0.5,1,0
13257,Kobe Sushi,68,3,16.85,187.99,35.0,0.35,0,3.9,0,0
13258,Kobe Sushi,105,5,13.27,223.35,30.0,0.45,0,2.7,1,0
13259,Kobe Sushi,94,3,12.16,79.95,41.0,0.83,1,0.5,1,0
13260,Kobe Sushi,59,4,20.59,297.89,49.0,0.28,0,1.9,1,0
13261,Noe Sushi Bar,71,5,45.86,846.85,23.0,0.15,0,24.4,1,0
13262,Kobe Sushi,22,6,20.48,403.22,44.0,0.73,0,1.6,0,0
13263,Noe Sushi Bar,90,4,41.66,633.83,49.0,0.34,0,8.8,1,0
13264,Noe Sushi Bar,29,5,63.24,606.89,50.0,0.59,0,2.7,1,0
13265,Noe Sushi Bar,89,4,13.87,111.44,41.0,0.07,0,1.0,1,0
13266,Nubori Experience,74,6,69.14,1402.92,20.0,0.33,1,0.6,0,1
13267,Kobe Sushi,84,6,19.74,377.41,32.0,0.24,0,6.7,1,0
13268,Noe Sushi Bar,78,8,45.38,1444.42,20.0,0.67,0,2.8,0,1
13269,Nubori Experience,97,2,97.34,539.25,55.0,0.53,0,0.5,1,0
13270,Nubori Experience,69,10,55.63,1139.28,66.0,0.17,0,16.4,0,1
13271,Kobe Sushi,45,6,18.47,426.17,41.0,0.2,0,3.8,0,1
13272,Kobe Sushi,70,4,24.46,301.36,75.0,0.16,0,2.1,0,0
13273,Kobe Sushi,86,8,25.08,541.16,20.0,0.36,0,9.2,0,1
13274,Noe Sushi Bar,17,2,37.13,250.22,56.0,0.49,1,7.0,0,0
13275,Noe Sushi Bar,79,7,49.13,868.71,54.0,0.36,0,5.5,1,0
13276,Kobe Sushi,39,7,26.55,570.04,20.0,0.26,0,1.0,0,0
13277,Noe Sushi Bar,40,5,31.41,617.64,56.0,0.42,1,3.2,0,0
13278,Noe Sushi Bar,28,5,73.29,1305.07,48.0,0.15,0,4.6,0,0
13279,Noe Sushi Bar,117,8,56.58,1708.83,54.0,0.29,0,10.4,0,0
13280,Nubori Experience,2,5,37.38,442.3,43.0,0.51,0,18.2,0,0
13281,Chef Choy,82,10,20.35,428.77,38.0,0.27,0,2.8,1,0
13282,Kobe Sushi,27,10,15.8,501.79,42.0,0.25,0,2.8,0,1
13283,Noe Sushi Bar,21,5,52.84,547.31,26.0,0.15,0,11.4,1,0
13284,Kobe Sushi,87,9,16.35,501.68,72.0,0.29,0,2.0,0,0
13285,Noe Sushi Bar,7,5,48.6,773.5,64.0,0.16,1,1.7,0,0
13286,Nubori Experience,61,10,71.55,2501.68,21.0,0.28,0,2.7,0,0
13287,Nubori Experience,52,5,72.97,1359.45,28.0,0.32,0,8.7,0,0
13288,Noe Sushi Bar,48,3,42.64,203.74,36.0,0.42,0,2.7,0,1
13289,Kobe Sushi,19,7,17.57,357.13,51.0,0.43,0,0.6,0,1
13290,Kobe Sushi,73,8,14.89,269.32,39.0,0.29,0,7.5,0,0
13291,Noe Sushi Bar,12,5,43.26,584.05,28.0,0.32,1,0.6,0,1
13292,Kobe Sushi,110,8,12.44,272.33,31.0,0.25,0,5.7,0,0
13293,Noe Sushi Bar,94,5,56.19,885.87,54.0,0.19,0,0.5,1,0
13294,Kobe Sushi,71,4,19.65,202.4,30.0,0.11,0,23.8,0,1
13295,Kobe Sushi,2,5,15.4,297.05,31.0,0.15,0,4.1,0,1
13296,Kobe Sushi,17,6,30.64,660.93,35.0,0.42,0,12.9,0,0
13297,Nubori Experience,75,5,49.4,856.05,28.0,0.56,0,3.8,0,0
13298,Noe Sushi Bar,114,4,52.14,753.9,21.0,0.23,0,3.9,0,1
13299,Kobe Sushi,76,8,13.83,215.56,54.0,0.39,0,1.0,1,0
13300,Kobe Sushi,3,2,17.59,138.35,45.0,0.62,0,3.6,0,1
13301,Noe Sushi Bar,21,6,24.49,423.97,46.0,0.36,0,1.0,0,1
13302,Kobe Sushi,78,9,17.4,331.91,37.0,0.26,0,4.2,1,0
13303,Noe Sushi Bar,79,5,41.24,588.36,78.0,0.61,0,2.8,0,0
13304,Nubori Experience,51,6,75.92,861.8,46.0,0.46,3,0.8,1,0
13305,Noe Sushi Bar,106,7,44.71,1111.3,25.0,0.59,0,8.7,0,1
13306,Noe Sushi Bar,105,6,56.76,850.09,54.0,0.67,0,0.6,0,1
13307,Noe Sushi Bar,10,7,52.57,1364.48,34.0,0.26,0,3.0,0,1
13308,Nubori Experience,116,7,59.79,714.03,45.0,0.31,0,1.5,1,0
13309,Nubori Experience,55,6,59.15,866.25,29.0,0.21,0,4.8,0,1
13310,Noe Sushi Bar,36,4,61.33,520.95,55.0,0.23,0,1.2,0,0
13311,Kobe Sushi,51,1,23.14,74.42,58.0,0.32,2,0.5,0,1
13312,Noe Sushi Bar,74,2,29.9,211.44,46.0,0.67,0,11.4,0,1
13313,Kobe Sushi,17,6,21.53,209.94,23.0,0.22,0,1.5,0,1
13314,Noe Sushi Bar,108,3,64.19,413.35,45.0,0.31,0,3.4,1,0
13315,Noe Sushi Bar,89,5,58.65,886.77,58.0,0.42,0,8.0,1,0
13316,Kobe Sushi,61,3,25.74,138.81,75.0,0.23,0,5.5,0,0
13317,Kobe Sushi,91,2,24.27,94.92,60.0,0.34,1,0.5,0,0
13318,Noe Sushi Bar,97,1,48.23,181.2,26.0,0.03,0,7.0,0,0
13319,Nubori Experience,75,4,58.51,577.48,42.0,0.23,0,2.4,0,1
13320,Noe Sushi Bar,13,4,49.5,646.95,21.0,0.44,1,0.8,0,1
13321,Noe Sushi Bar,65,7,35.75,830.49,53.0,0.28,1,5.5,0,0
13322,Kobe Sushi,95,8,18.59,523.58,22.0,0.68,0,8.6,0,0
13323,Noe Sushi Bar,97,7,37.44,697.56,37.0,0.26,0,4.1,0,1
13324,Noe Sushi Bar,85,3,42.2,273.25,35.0,0.07,0,2.8,1,0
13325,Noe Sushi Bar,80,6,46.2,677.88,52.0,0.4,2,19.8,0,0
13326,Kobe Sushi,103,6,18.54,379.76,49.0,0.27,1,7.0,1,0
13327,Noe Sushi Bar,87,6,41.2,472.29,50.0,0.36,0,2.2,0,0
13328,Kobe Sushi,74,4,18.02,229.46,34.0,0.41,1,0.7,0,1
13329,Kobe Sushi,48,7,14.26,256.29,67.0,0.47,0,0.9,1,0
13330,Nubori Experience,97,8,63.63,1059.37,40.0,0.59,0,8.3,0,0
13331,Kobe Sushi,86,7,15.48,368.06,49.0,0.54,0,5.8,0,0
13332,Kobe Sushi,105,5,19.55,238.16,60.0,0.46,2,17.9,0,1
13333,Noe Sushi Bar,70,4,49.46,753.6,48.0,0.12,2,0.6,1,0
13334,Nubori Experience,47,6,85.97,1459.62,41.0,0.21,0,0.5,0,0
13335,Noe Sushi Bar,100,5,39.54,330.62,44.0,0.18,0,1.6,0,0
13336,Noe Sushi Bar,111,1,22.7,76.34,47.0,0.17,0,6.7,0,0
13337,Nubori Experience,10,10,39.45,1536.48,33.0,0.21,0,3.8,1,1
13338,Kobe Sushi,57,7,14.52,336.2,52.0,0.74,0,9.6,1,0
13339,Kobe Sushi,80,1,14.59,22.61,38.0,0.27,0,1.8,0,1
13340,Kobe Sushi,13,4,19.08,247.63,67.0,0.12,0,3.1,1,0
13341,Nubori Experience,115,5,63.6,1262.44,34.0,0.21,0,1.9,0,1
13342,Kobe Sushi,61,5,19.8,387.4,42.0,0.12,0,3.5,0,1
13343,Kobe Sushi,58,8,12.22,309.08,55.0,0.18,0,7.2,0,0
13344,Noe Sushi Bar,84,5,44.97,572.3,42.0,0.49,0,2.5,0,0
13345,Noe Sushi Bar,68,7,46.87,744.57,60.0,0.38,1,7.3,1,0
13346,Noe Sushi Bar,84,6,43.93,953.12,52.0,0.13,3,4.2,0,1
13347,Noe Sushi Bar,86,5,20.32,342.59,59.0,0.36,0,5.0,1,0
13348,Kobe Sushi,29,3,22.06,173.11,30.0,0.58,0,11.5,0,0
13349,Noe Sushi Bar,16,7,47.87,835.22,45.0,0.17,0,6.4,1,0
13350,Noe Sushi Bar,107,5,58.76,565.38,20.0,0.54,3,3.2,1,0
13351,Nubori Experience,63,5,56.22,537.05,54.0,0.57,1,1.4,1,1
13352,Kobe Sushi,47,9,14.02,335.4,48.0,0.38,0,3.5,0,1
13353,Nubori Experience,43,3,38.39,411.85,42.0,0.59,0,11.7,1,0
13354,Noe Sushi Bar,23,5,66.05,653.82,30.0,0.23,0,16.1,0,0
13355,Kobe Sushi,30,5,23.0,276.97,80.0,0.16,0,14.6,0,1
13356,Noe Sushi Bar,57,9,29.84,894.54,42.0,0.45,0,9.2,0,0
13357,Kobe Sushi,30,3,17.33,143.61,41.0,0.45,0,2.3,1,0
13358,Nubori Experience,107,6,55.53,538.37,50.0,0.18,0,20.4,1,1
13359,Nubori Experience,67,4,48.91,356.75,66.0,0.49,0,0.9,1,0
13360,Kobe Sushi,56,4,14.61,159.39,44.0,0.18,0,9.2,1,0
13361,Kobe Sushi,24,4,18.84,272.48,50.0,0.57,0,11.6,0,0
13362,Kobe Sushi,113,11,20.07,497.68,48.0,0.48,0,15.3,1,0
13363,Kobe Sushi,101,6,18.0,277.03,41.0,0.4,1,3.0,1,0
13364,Kobe Sushi,77,4,28.68,429.43,53.0,0.31,0,9.2,0,0
13365,Kobe Sushi,106,5,21.05,198.81,39.0,0.17,0,7.0,0,0
13366,Noe Sushi Bar,96,3,42.67,373.15,36.0,0.71,0,1.6,0,1
13367,Kobe Sushi,101,4,10.0,88.01,20.0,0.51,1,2.8,1,0
13368,Nubori Experience,76,8,59.48,1672.16,59.0,0.05,0,10.2,1,0
13369,Nubori Experience,8,6,50.13,1095.16,59.0,0.25,0,0.9,0,1
13370,Noe Sushi Bar,88,7,51.53,1385.23,24.0,0.26,0,0.5,0,0
13371,Nubori Experience,44,7,58.48,746.44,20.0,0.47,0,16.6,0,0
13372,Kobe Sushi,80,6,17.06,381.08,56.0,0.3,0,2.5,0,1
13373,Kobe Sushi,96,7,12.7,141.01,20.0,0.41,0,1.5,0,0
13374,Noe Sushi Bar,34,3,28.07,209.58,52.0,0.26,0,9.2,0,0
13375,Noe Sushi Bar,35,7,38.43,451.31,51.0,0.46,0,2.4,1,0
13376,Noe Sushi Bar,96,7,51.95,591.35,35.0,0.17,0,13.5,0,0
13377,Nubori Experience,50,7,75.65,1263.13,59.0,0.11,0,0.6,0,1
13378,Nubori Experience,17,4,37.26,367.24,70.0,0.58,0,1.5,0,1
13379,Noe Sushi Bar,2,4,31.29,257.39,41.0,0.44,0,1.1,0,0
13380,Chef Choy,90,7,12.01,219.12,75.0,0.18,0,12.6,1,0
13381,Kobe Sushi,54,2,21.89,115.37,44.0,0.24,0,14.7,0,0
13382,Kobe Sushi,44,4,14.94,182.15,36.0,0.23,0,3.4,0,0
13383,Noe Sushi Bar,81,4,51.9,317.98,61.0,0.4,1,1.0,1,0
13384,Noe Sushi Bar,102,4,42.25,567.57,53.0,0.45,0,11.8,1,1
13385,Noe Sushi Bar,49,7,70.04,856.24,57.0,0.3,0,2.2,0,1
13386,Kobe Sushi,2,3,17.34,118.76,26.0,0.25,0,30.0,0,0
13387,Noe Sushi Bar,72,3,32.47,268.06,55.0,0.15,3,4.3,1,0
13388,Kobe Sushi,110,5,22.48,312.7,32.0,0.1,0,8.6,0,0
13389,Noe Sushi Bar,70,7,51.45,756.49,63.0,0.48,1,2.7,1,0
13390,Kobe Sushi,9,9,17.41,433.6,63.0,0.1,0,11.2,0,0
13391,Kobe Sushi,1,7,29.6,378.09,24.0,0.19,2,2.3,1,0
13392,Kobe Sushi,69,6,26.2,375.35,36.0,0.16,0,1.7,0,1
13393,Kobe Sushi,103,3,18.7,116.98,20.0,0.57,0,3.0,1,0
13394,Nubori Experience,9,4,91.74,957.73,57.0,0.62,0,2.2,0,1
13395,Kobe Sushi,14,10,11.52,294.1,53.0,0.47,0,2.4,0,0
13396,Kobe Sushi,27,6,17.92,350.81,45.0,0.77,1,8.1,0,0
13397,Noe Sushi Bar,9,6,57.67,1131.22,46.0,0.66,1,14.5,0,0
13398,Noe Sushi Bar,36,7,41.75,929.28,48.0,0.37,0,0.6,0,0
13399,Kobe Sushi,93,6,21.82,216.73,43.0,0.34,2,3.4,1,0
13400,Kobe Sushi,84,7,11.36,270.51,53.0,0.29,0,6.0,0,0
13401,Nubori Experience,79,7,65.82,1050.11,38.0,0.54,0,2.9,0,1
13402,Noe Sushi Bar,100,7,33.3,493.98,43.0,0.21,0,30.0,1,0
13403,Kobe Sushi,3,2,19.19,98.45,42.0,0.26,0,9.7,0,0
13404,Noe Sushi Bar,120,6,69.2,623.63,44.0,0.06,2,18.1,0,0
13405,Kobe Sushi,117,8,18.86,427.62,47.0,0.41,0,4.0,1,0
13406,Kobe Sushi,23,6,22.0,230.73,63.0,0.19,1,14.2,0,1
13407,Noe Sushi Bar,118,7,61.79,896.57,75.0,0.23,0,11.5,0,1
13408,Nubori Experience,110,11,66.74,2441.5,66.0,0.4,0,4.2,0,1
13409,Kobe Sushi,73,8,24.48,510.79,20.0,0.09,0,0.6,1,0
13410,Nubori Experience,30,7,74.85,1655.72,28.0,0.61,1,0.7,0,0
13411,Kobe Sushi,19,3,13.58,82.53,38.0,0.05,1,7.8,0,0
13412,Kobe Sushi,102,8,10.62,144.0,54.0,0.26,0,2.0,0,0
13413,Kobe Sushi,67,5,15.5,185.99,46.0,0.37,0,9.7,1,0
13414,Kobe Sushi,50,3,25.82,240.09,67.0,0.16,0,0.5,0,0
13415,Nubori Experience,48,5,44.04,367.93,57.0,0.19,0,13.4,0,1
13416,Noe Sushi Bar,3,6,38.88,523.7,30.0,0.2,0,0.6,0,0
13417,Kobe Sushi,98,6,14.44,299.99,42.0,0.16,0,15.4,0,1
13418,Nubori Experience,66,6,74.85,1622.36,50.0,0.41,0,12.0,0,1
13419,Nubori Experience,27,9,39.44,721.27,44.0,0.44,0,15.7,0,0
13420,Chef Choy,87,8,23.51,590.92,67.0,0.35,0,17.5,0,0
13421,Nubori Experience,106,7,70.65,1970.81,28.0,0.68,0,11.5,0,1
13422,Kobe Sushi,96,8,10.75,152.32,30.0,0.31,0,5.5,0,1
13423,Nubori Experience,111,5,47.22,629.22,39.0,0.06,0,2.0,1,0
13424,Noe Sushi Bar,99,8,25.84,374.04,45.0,0.35,0,2.7,1,0
13425,Nubori Experience,40,9,73.82,1564.08,59.0,0.48,0,4.4,1,0
13426,Chef Choy,18,5,29.94,425.5,57.0,0.11,0,8.1,0,1
13427,Kobe Sushi,27,9,10.0,268.87,33.0,0.14,1,3.5,1,0
13428,Chef Choy,11,4,22.79,176.74,66.0,0.07,0,6.9,1,0
13429,Kobe Sushi,39,7,19.77,518.67,55.0,0.27,0,8.5,1,0
13430,Kobe Sushi,19,6,28.9,507.42,40.0,0.16,0,0.5,0,0
13431,Kobe Sushi,89,4,25.28,390.91,20.0,0.02,0,0.5,0,1
13432,Nubori Experience,7,6,45.2,438.3,44.0,0.48,0,3.4,0,0
13433,Kobe Sushi,95,7,19.11,524.02,67.0,0.11,1,5.6,0,0
13434,Noe Sushi Bar,57,4,28.52,452.01,61.0,0.55,3,2.6,1,0
13435,Kobe Sushi,2,10,18.62,531.63,54.0,0.37,0,16.1,0,0
13436,Nubori Experience,38,6,83.33,1556.01,68.0,0.09,0,1.6,0,1
13437,Kobe Sushi,5,5,19.48,345.07,38.0,0.09,0,3.4,0,1
13438,Chef Choy,78,5,19.36,273.74,29.0,0.2,3,14.2,1,0
13439,Nubori Experience,82,9,61.44,831.97,50.0,0.06,0,1.5,0,0
13440,Noe Sushi Bar,36,8,35.36,504.22,62.0,0.25,0,11.4,0,0
13441,Kobe Sushi,68,9,14.3,439.81,54.0,0.77,0,2.1,0,1
13442,Noe Sushi Bar,88,6,27.9,539.09,65.0,0.06,0,2.0,0,1
13443,Nubori Experience,77,5,50.62,425.5,51.0,0.44,0,1.0,0,1
13444,Chef Choy,119,3,34.39,244.89,57.0,0.28,0,1.8,1,0
13445,Kobe Sushi,85,5,19.0,262.77,33.0,0.39,2,2.0,0,1
13446,Nubori Experience,57,4,71.81,898.42,38.0,0.18,0,3.3,0,1
13447,Kobe Sushi,97,6,19.85,286.44,22.0,0.44,0,1.4,1,0
13448,Noe Sushi Bar,20,6,49.41,1040.13,49.0,0.22,0,6.7,0,1
13449,Nubori Experience,5,8,63.43,1238.96,55.0,0.4,0,2.6,1,0
13450,Kobe Sushi,24,3,21.08,155.93,37.0,0.18,0,11.2,0,1
13451,Chef Choy,99,6,29.46,411.43,56.0,0.4,0,1.7,1,0
13452,Noe Sushi Bar,30,7,47.09,716.28,55.0,0.29,0,5.4,0,0
13453,Nubori Experience,28,5,98.37,1114.74,56.0,0.37,0,5.1,0,1
13454,Kobe Sushi,53,6,21.75,228.12,20.0,0.61,0,4.5,0,1
13455,Noe Sushi Bar,51,16,36.57,1634.18,22.0,0.24,1,3.6,0,0
13456,Nubori Experience,109,6,62.07,950.4,35.0,0.4,0,0.5,1,1
13457,Kobe Sushi,7,5,14.1,166.28,43.0,0.39,0,2.7,0,1
13458,Kobe Sushi,42,6,10.0,93.99,20.0,0.58,1,3.6,0,1
13459,Nubori Experience,35,5,67.43,1316.72,61.0,0.55,0,1.7,0,0
13460,Kobe Sushi,119,10,17.59,418.47,59.0,0.05,0,6.6,1,1
13461,Nubori Experience,94,4,75.07,881.94,52.0,0.36,0,3.6,0,1
13462,Kobe Sushi,34,3,15.23,104.82,35.0,0.43,0,3.2,0,1
13463,Kobe Sushi,103,7,21.92,553.72,20.0,0.35,0,3.8,0,1
13464,Chef Choy,73,5,20.41,165.94,28.0,0.29,0,1.6,0,1
13465,Noe Sushi Bar,117,3,32.88,247.88,30.0,0.11,0,19.9,1,0
13466,Noe Sushi Bar,76,8,30.96,402.35,56.0,0.32,0,9.0,0,1
13467,Noe Sushi Bar,54,9,54.04,987.71,42.0,0.64,0,5.0,0,1
13468,Nubori Experience,29,9,50.65,1630.51,29.0,0.15,0,9.6,0,0
13469,Kobe Sushi,10,6,14.34,235.56,54.0,0.57,0,2.3,0,1
13470,Noe Sushi Bar,27,3,66.53,377.9,75.0,0.51,0,4.0,0,0
13471,Kobe Sushi,83,2,13.97,46.02,43.0,0.18,0,12.0,1,0
13472,Noe Sushi Bar,13,6,38.78,377.44,51.0,0.35,0,0.5,0,1
13473,Kobe Sushi,42,5,14.23,152.36,49.0,0.42,0,0.8,0,0
13474,Kobe Sushi,37,4,17.11,234.18,44.0,0.36,0,0.7,0,0
13475,Noe Sushi Bar,61,7,40.26,798.48,67.0,0.27,0,0.5,0,1
13476,Kobe Sushi,96,8,13.99,334.57,75.0,0.36,0,12.5,1,0
13477,Kobe Sushi,79,9,19.87,334.58,60.0,0.32,1,2.7,1,0
13478,Noe Sushi Bar,21,6,39.7,758.73,32.0,0.2,1,2.2,0,1
13479,Noe Sushi Bar,3,4,47.44,309.36,34.0,0.2,0,16.2,0,1
13480,Nubori Experience,8,8,47.93,1278.68,65.0,0.32,0,4.2,0,0
13481,Noe Sushi Bar,70,8,39.9,837.42,37.0,0.35,0,30.0,0,0
13482,Kobe Sushi,93,12,15.75,376.65,97.0,0.07,1,13.7,0,0
13483,Noe Sushi Bar,83,3,48.19,543.48,44.0,0.66,0,1.2,0,1
13484,Kobe Sushi,17,6,24.67,445.06,46.0,0.53,0,1.4,0,1
13485,Chef Choy,10,5,32.47,428.24,37.0,0.46,0,16.1,0,0
13486,Nubori Experience,97,9,116.9,2562.57,58.0,0.58,2,3.6,1,0
13487,Noe Sushi Bar,13,6,47.35,945.39,44.0,0.25,0,21.2,0,0
13488,Noe Sushi Bar,91,3,28.66,315.32,53.0,0.35,0,1.3,1,0
13489,Kobe Sushi,106,6,16.73,227.41,55.0,0.19,0,9.5,0,0
13490,Noe Sushi Bar,12,10,54.39,1352.74,62.0,0.29,1,0.5,0,1
13491,Nubori Experience,66,12,56.83,1623.83,56.0,0.08,0,2.1,0,1
13492,Kobe Sushi,74,6,27.57,578.07,38.0,0.47,0,8.5,1,0
13493,Kobe Sushi,85,7,16.6,423.24,45.0,0.08,0,26.8,0,0
13494,Noe Sushi Bar,23,3,28.92,266.88,21.0,0.12,0,15.4,0,1
13495,Noe Sushi Bar,65,5,31.73,340.98,20.0,0.5,0,1.3,1,0
13496,Kobe Sushi,97,10,21.64,765.45,53.0,0.14,1,3.0,1,0
13497,Nubori Experience,52,1,71.5,193.04,38.0,0.73,0,8.8,1,0
13498,Kobe Sushi,61,7,23.75,379.6,32.0,0.42,0,1.3,1,0
13499,Kobe Sushi,26,13,13.58,423.92,64.0,0.3,0,1.9,0,0
13500,Noe Sushi Bar,15,5,37.98,636.61,59.0,0.14,0,18.1,0,1
13501,Kobe Sushi,22,6,16.29,200.31,45.0,0.19,3,0.8,0,0
13502,Noe Sushi Bar,89,7,26.4,291.34,20.0,0.08,1,0.5,0,0
13503,Kobe Sushi,65,5,18.98,264.77,54.0,0.29,0,7.5,0,0
13504,Kobe Sushi,26,3,19.1,139.03,37.0,0.35,1,7.0,0,0
13505,Kobe Sushi,21,6,15.05,299.39,54.0,0.36,1,16.7,0,1
13506,Nubori Experience,105,4,97.11,1279.28,41.0,0.21,0,4.2,1,0
13507,Noe Sushi Bar,24,3,42.79,367.74,63.0,0.46,0,0.5,1,0
13508,Chef Choy,103,4,24.79,353.82,43.0,0.46,0,3.4,0,0
13509,Kobe Sushi,16,7,13.09,145.42,54.0,0.7,0,5.1,0,1
13510,Noe Sushi Bar,32,6,41.83,811.75,77.0,0.29,0,0.9,1,0
13511,Noe Sushi Bar,16,10,41.83,903.14,37.0,0.79,0,3.8,1,0
13512,Nubori Experience,77,9,74.84,1122.14,53.0,0.25,2,2.4,1,0
13513,Noe Sushi Bar,42,13,31.19,1305.67,41.0,0.16,0,0.5,1,0
13514,Noe Sushi Bar,32,7,50.22,1105.02,56.0,0.09,1,4.6,1,0
13515,Kobe Sushi,50,7,13.63,243.39,65.0,0.7,0,6.7,0,1
13516,Noe Sushi Bar,41,8,39.97,1205.26,60.0,0.32,3,4.5,1,0
13517,Noe Sushi Bar,108,7,48.26,892.45,38.0,0.59,0,2.8,0,1
13518,Nubori Experience,24,4,76.0,949.29,57.0,0.41,0,3.8,1,0
13519,Kobe Sushi,13,6,24.82,346.85,71.0,0.39,0,2.4,0,0
13520,Kobe Sushi,75,5,15.9,315.72,48.0,0.2,1,6.0,0,1
13521,Noe Sushi Bar,79,6,49.16,542.17,33.0,0.57,0,10.0,0,1
13522,Kobe Sushi,10,8,24.26,523.24,29.0,0.42,0,4.8,0,1
13523,Kobe Sushi,42,10,15.09,490.23,51.0,0.33,0,0.8,0,1
13524,Nubori Experience,41,8,74.31,2018.04,28.0,0.27,0,1.7,0,0
13525,Noe Sushi Bar,3,4,46.47,452.23,51.0,0.15,0,4.6,0,1
13526,Nubori Experience,55,7,60.29,1523.19,62.0,0.07,0,11.2,0,1
13527,Nubori Experience,16,7,43.72,1006.82,46.0,0.1,0,11.1,0,0
13528,Kobe Sushi,44,4,16.23,222.54,70.0,0.21,0,11.0,0,0
13529,Noe Sushi Bar,81,6,34.06,556.48,54.0,0.62,0,0.8,1,0
13530,Kobe Sushi,89,6,14.41,247.95,37.0,0.48,0,7.7,0,0
13531,Nubori Experience,30,4,34.36,217.48,66.0,0.3,0,0.5,0,0
13532,Noe Sushi Bar,111,6,41.66,691.62,30.0,0.13,0,2.6,1,0
13533,Kobe Sushi,99,5,15.47,119.23,23.0,0.11,0,12.0,0,0
13534,Kobe Sushi,37,5,23.5,438.98,40.0,0.17,0,9.9,0,1
13535,Noe Sushi Bar,60,4,47.15,652.13,30.0,0.35,1,0.5,1,0
13536,Kobe Sushi,77,10,23.33,690.55,20.0,0.51,0,2.5,0,0
13537,Kobe Sushi,24,12,18.8,474.05,56.0,0.25,0,4.6,0,0
13538,Chef Choy,102,4,10.0,97.17,54.0,0.5,0,2.6,0,0
13539,Nubori Experience,26,8,51.46,907.77,68.0,0.33,0,1.0,1,0
13540,Kobe Sushi,58,6,10.0,180.36,50.0,0.33,0,1.7,1,0
13541,Noe Sushi Bar,9,11,35.81,718.94,37.0,0.42,0,11.2,0,1
13542,Nubori Experience,61,8,84.38,2100.38,29.0,0.17,0,18.9,1,0
13543,Kobe Sushi,19,7,20.42,425.95,46.0,0.33,0,5.5,0,0
13544,Nubori Experience,28,7,62.51,1641.63,30.0,0.34,0,9.4,0,1
13545,Kobe Sushi,7,5,14.67,192.76,57.0,0.11,0,2.8,0,0
13546,Noe Sushi Bar,45,7,39.97,524.48,49.0,0.59,1,1.1,1,0
13547,Noe Sushi Bar,86,6,34.85,494.01,31.0,0.53,0,7.0,1,0
13548,Noe Sushi Bar,94,11,22.96,673.41,26.0,0.06,0,13.6,0,1
13549,Nubori Experience,63,4,44.25,466.6,40.0,0.15,1,0.5,1,0
13550,Kobe Sushi,37,8,22.41,441.96,39.0,0.1,0,4.6,0,0
13551,Kobe Sushi,16,6,19.06,445.51,53.0,0.45,0,4.1,1,0
13552,Noe Sushi Bar,100,3,31.21,266.9,51.0,0.5,0,7.0,1,0
13553,Nubori Experience,5,5,64.15,712.5,60.0,0.17,0,1.8,0,0
13554,Kobe Sushi,29,5,10.78,195.53,37.0,0.18,0,2.6,0,1
13555,Nubori Experience,52,8,73.74,2289.31,44.0,0.64,0,22.4,0,0
13556,Kobe Sushi,115,5,28.65,432.76,46.0,0.25,2,2.6,0,1
13557,Kobe Sushi,23,8,22.46,711.08,39.0,0.81,0,0.9,0,0
13558,Chef Choy,6,7,36.76,990.17,42.0,0.29,0,12.3,0,0
13559,Kobe Sushi,36,7,27.87,446.18,67.0,0.13,0,0.5,0,1
13560,Noe Sushi Bar,57,10,70.73,2561.36,22.0,0.12,0,2.3,0,1
13561,Kobe Sushi,33,6,19.99,328.92,66.0,0.41,0,7.8,1,0
13562,Kobe Sushi,49,4,16.27,241.89,60.0,0.63,1,2.7,0,0
13563,Noe Sushi Bar,41,8,43.81,1222.52,66.0,0.29,0,1.5,1,0
13564,Noe Sushi Bar,80,3,52.69,418.32,58.0,0.14,0,7.5,0,0
13565,Noe Sushi Bar,55,10,26.11,448.88,24.0,0.12,0,8.7,0,0
13566,Noe Sushi Bar,98,10,44.47,1378.84,34.0,0.37,0,1.5,1,0
13567,Kobe Sushi,107,3,15.72,71.14,30.0,0.19,2,1.7,0,0
13568,Noe Sushi Bar,26,4,40.42,508.33,34.0,0.36,0,14.5,0,0
13569,Nubori Experience,37,7,52.94,874.06,51.0,0.32,0,9.3,0,1
13570,Nubori Experience,77,7,44.74,796.29,54.0,0.43,0,0.5,0,0
13571,Kobe Sushi,116,7,21.55,540.11,71.0,0.6,0,0.5,0,1
13572,Kobe Sushi,17,10,15.18,599.89,57.0,0.53,0,5.7,0,1
13573,Nubori Experience,96,8,51.2,770.51,38.0,0.51,1,7.2,0,0
13574,Noe Sushi Bar,32,2,54.47,253.33,70.0,0.18,0,3.6,0,0
13575,Noe Sushi Bar,28,8,53.74,1288.37,26.0,0.56,0,19.8,0,1
13576,Chef Choy,93,8,17.13,536.34,43.0,0.56,0,2.4,1,0
13577,Kobe Sushi,25,4,15.91,128.62,32.0,0.21,0,15.0,0,0
13578,Noe Sushi Bar,47,3,67.03,515.49,47.0,0.46,0,15.2,0,0
13579,Nubori Experience,22,5,81.39,1314.09,75.0,0.24,0,3.8,0,1
13580,Noe Sushi Bar,91,6,30.16,295.09,37.0,0.39,2,5.6,0,1
13581,Kobe Sushi,61,10,10.0,179.51,66.0,0.23,0,7.7,0,1
13582,Kobe Sushi,44,6,10.09,193.45,73.0,0.3,0,5.0,0,0
13583,Kobe Sushi,102,2,27.18,132.31,26.0,0.33,0,0.5,0,1
13584,Chef Choy,20,5,35.95,323.22,31.0,0.26,1,6.7,1,0
13585,Kobe Sushi,109,6,23.09,367.45,65.0,0.46,0,7.4,1,0
13586,Kobe Sushi,50,3,11.28,65.48,53.0,0.33,0,4.7,0,1
13587,Nubori Experience,88,9,48.13,1668.76,55.0,0.09,0,4.7,0,1
13588,Kobe Sushi,47,8,23.87,457.92,53.0,0.52,0,14.8,0,1
13589,Kobe Sushi,47,8,16.69,422.97,60.0,0.36,1,2.8,0,0
13590,Kobe Sushi,72,5,10.0,164.22,33.0,0.15,0,7.1,0,0
13591,Kobe Sushi,51,8,15.0,382.16,51.0,0.14,0,14.7,0,1
13592,Noe Sushi Bar,55,8,39.97,1042.42,28.0,0.24,0,2.2,0,0
13593,Nubori Experience,78,5,108.55,1735.11,36.0,0.21,0,25.2,0,1
13594,Nubori Experience,39,6,76.9,1263.21,40.0,0.44,0,3.0,0,1
13595,Noe Sushi Bar,14,4,39.35,578.32,52.0,0.19,0,3.7,1,0
13596,Noe Sushi Bar,69,8,49.64,727.34,64.0,0.44,0,4.9,0,0
13597,Noe Sushi Bar,47,5,68.94,1162.54,44.0,0.36,1,17.6,0,1
13598,Kobe Sushi,21,7,10.0,165.75,20.0,0.18,0,2.0,0,1
13599,Kobe Sushi,15,10,23.58,798.76,51.0,0.66,0,0.5,1,0
13600,Nubori Experience,120,8,57.55,1528.05,30.0,0.32,1,16.8,0,0
13601,Kobe Sushi,100,4,19.15,128.5,77.0,0.23,0,1.9,1,0
13602,Kobe Sushi,97,6,13.87,305.72,48.0,0.23,0,2.8,0,0
13603,Noe Sushi Bar,81,4,54.45,725.2,66.0,0.65,0,6.7,1,0
13604,Noe Sushi Bar,84,7,41.47,722.5,49.0,0.23,0,0.5,0,0
13605,Kobe Sushi,1,7,14.68,256.89,41.0,0.6,0,4.3,0,0
13606,Kobe Sushi,80,6,16.0,173.52,53.0,0.19,0,13.9,0,0
13607,Kobe Sushi,109,13,23.69,1202.39,25.0,0.15,2,13.1,0,1
13608,Noe Sushi Bar,82,4,60.76,373.91,39.0,0.1,0,7.7,1,0
13609,Kobe Sushi,10,9,15.22,430.87,51.0,0.22,0,2.4,0,0
13610,Noe Sushi Bar,23,3,41.83,383.85,71.0,0.43,0,3.3,0,0
13611,Noe Sushi Bar,18,4,60.92,787.75,54.0,0.17,0,15.6,1,0
13612,Nubori Experience,113,8,56.63,1137.08,34.0,0.25,0,3.9,0,1
13613,Kobe Sushi,58,4,15.8,178.62,22.0,0.37,0,4.1,0,1
13614,Kobe Sushi,73,6,26.1,351.44,72.0,0.47,0,0.5,1,0
13615,Noe Sushi Bar,110,8,36.15,778.76,51.0,0.35,0,1.8,1,0
13616,Noe Sushi Bar,117,4,14.74,182.77,34.0,0.16,1,4.7,1,0
13617,Kobe Sushi,94,9,24.59,539.48,31.0,0.22,0,0.6,1,0
13618,Noe Sushi Bar,77,2,49.91,285.25,54.0,0.22,0,5.4,0,1
13619,Kobe Sushi,52,3,10.84,116.84,47.0,0.28,0,5.8,0,0
13620,Kobe Sushi,116,7,16.68,283.3,52.0,0.51,0,10.6,1,0
13621,Noe Sushi Bar,95,7,48.11,728.49,41.0,0.25,1,1.7,0,1
13622,Kobe Sushi,46,2,19.86,126.79,28.0,0.29,0,1.8,0,1
13623,Nubori Experience,107,7,78.99,1848.12,51.0,0.12,0,1.9,0,0
13624,Noe Sushi Bar,13,7,42.68,841.0,39.0,0.33,0,7.1,1,0
13625,Noe Sushi Bar,96,9,60.35,1216.9,24.0,0.49,0,5.9,1,0
13626,Noe Sushi Bar,17,4,43.05,634.54,64.0,0.25,0,0.8,0,0
13627,Noe Sushi Bar,67,7,44.5,1065.93,55.0,0.28,0,5.0,0,1
13628,Kobe Sushi,61,6,19.71,416.58,45.0,0.19,0,17.2,0,1
13629,Nubori Experience,65,5,60.81,869.84,36.0,0.25,0,8.5,1,0
13630,Nubori Experience,53,8,65.3,2022.85,54.0,0.1,0,13.8,0,1
13631,Kobe Sushi,5,3,20.43,112.45,31.0,0.31,0,2.9,0,0
13632,Kobe Sushi,32,5,21.21,355.07,36.0,0.53,1,1.1,0,1
13633,Kobe Sushi,89,11,22.24,762.22,69.0,0.04,0,17.4,0,1
13634,Noe Sushi Bar,45,4,31.9,405.48,76.0,0.4,1,0.5,0,0
13635,Noe Sushi Bar,56,12,37.5,824.15,43.0,0.13,0,5.3,0,0
13636,Nubori Experience,5,5,68.36,546.5,23.0,0.17,0,3.0,1,0
13637,Chef Choy,101,6,31.85,469.56,28.0,0.29,0,0.5,0,0
13638,Noe Sushi Bar,87,6,53.41,964.3,42.0,0.42,0,5.9,0,0
13639,Noe Sushi Bar,76,4,50.62,565.02,56.0,0.35,0,2.2,0,0
13640,Noe Sushi Bar,34,5,27.28,274.22,56.0,0.09,3,0.5,0,0
13641,Noe Sushi Bar,61,8,51.03,1119.61,50.0,0.61,1,18.3,1,0
13642,Noe Sushi Bar,87,9,53.92,1522.45,44.0,0.49,0,6.4,1,0
13643,Noe Sushi Bar,80,5,60.6,1151.25,52.0,0.35,0,0.6,0,0
13644,Noe Sushi Bar,113,3,43.9,505.05,59.0,0.79,3,1.3,1,1
13645,Noe Sushi Bar,62,6,36.7,528.75,62.0,0.27,0,0.5,0,0
13646,Noe Sushi Bar,69,7,35.3,744.23,63.0,0.55,0,0.8,1,0
13647,Noe Sushi Bar,63,5,45.54,891.47,20.0,0.54,0,6.8,0,0
13648,Noe Sushi Bar,44,5,22.7,172.91,35.0,0.55,0,1.8,0,0
13649,Noe Sushi Bar,111,4,51.0,556.27,62.0,0.42,0,4.3,1,0
13650,Noe Sushi Bar,28,10,47.64,1351.61,20.0,0.31,0,6.7,0,1
13651,Noe Sushi Bar,70,4,27.97,333.77,50.0,0.35,0,14.3,0,1
13652,Kobe Sushi,13,6,12.49,189.24,20.0,0.1,0,3.0,0,0
13653,Kobe Sushi,43,4,26.28,253.8,39.0,0.72,0,13.2,1,0
13654,Noe Sushi Bar,30,5,38.47,515.46,46.0,0.64,0,3.3,0,1
13655,Noe Sushi Bar,26,5,21.95,376.67,46.0,0.28,0,0.6,0,0
13656,Nubori Experience,81,9,62.87,1038.46,56.0,0.51,0,4.9,0,1
13657,Kobe Sushi,63,2,17.6,84.41,29.0,0.16,0,18.0,0,0
13658,Kobe Sushi,73,4,21.8,202.45,53.0,0.28,0,1.4,0,1
13659,Kobe Sushi,57,9,18.57,422.46,65.0,0.49,1,3.1,0,0
13660,Kobe Sushi,64,5,20.38,319.88,44.0,0.18,0,3.2,0,1
13661,Chef Choy,80,2,30.18,100.77,47.0,0.13,1,14.6,1,0
13662,Kobe Sushi,49,3,19.07,149.98,61.0,0.42,0,4.4,1,0
13663,Noe Sushi Bar,52,1,78.39,286.92,38.0,0.1,0,3.3,0,0
13664,Noe Sushi Bar,63,10,55.06,1519.99,39.0,0.42,0,20.7,0,0
13665,Noe Sushi Bar,120,9,44.59,1566.78,36.0,0.49,0,3.2,1,0
13666,Nubori Experience,82,9,54.84,1324.24,30.0,0.33,0,3.3,0,1
13667,Noe Sushi Bar,13,5,66.76,836.65,20.0,0.19,0,1.0,0,1
13668,Kobe Sushi,93,4,14.63,130.37,47.0,0.32,0,1.2,0,0
13669,Nubori Experience,107,3,75.64,708.96,46.0,0.18,0,5.7,1,0
13670,Nubori Experience,109,3,37.17,179.98,61.0,0.33,0,11.4,0,1
13671,Kobe Sushi,88,3,17.57,198.68,42.0,0.3,0,1.9,0,1
13672,Kobe Sushi,45,6,18.79,345.16,35.0,0.07,0,3.3,0,1
13673,Kobe Sushi,108,6,10.0,135.39,48.0,0.89,0,4.2,0,1
13674,Kobe Sushi,46,8,28.47,809.61,63.0,0.34,0,3.6,1,0
13675,Nubori Experience,77,6,80.98,1702.15,50.0,0.21,0,21.7,0,0
13676,Noe Sushi Bar,89,4,39.72,446.03,40.0,0.71,0,2.9,0,1
13677,Kobe Sushi,41,4,23.72,158.09,38.0,0.26,0,10.2,0,0
13678,Nubori Experience,46,4,58.02,681.81,40.0,0.63,0,1.8,1,0
13679,Noe Sushi Bar,1,7,30.38,514.31,51.0,0.44,0,10.5,0,0
13680,Kobe Sushi,73,10,24.15,694.89,61.0,0.12,0,7.6,0,0
13681,Nubori Experience,68,6,61.35,890.65,89.0,0.19,0,0.5,0,0
13682,Nubori Experience,92,12,52.47,1647.91,77.0,0.23,0,24.8,1,0
13683,Nubori Experience,12,3,74.74,493.55,42.0,0.26,0,4.1,0,1
13684,Noe Sushi Bar,88,8,52.94,1209.02,47.0,0.22,0,6.0,0,0
13685,Chef Choy,110,6,28.66,494.38,47.0,0.17,2,1.4,1,0
13686,Kobe Sushi,73,8,14.23,361.13,21.0,0.34,1,12.6,1,0
13687,Noe Sushi Bar,35,5,59.44,508.9,41.0,0.13,0,1.2,1,0
13688,Nubori Experience,102,5,52.37,629.39,65.0,0.37,0,1.9,1,0
13689,Kobe Sushi,99,8,26.64,815.36,30.0,0.54,0,0.5,0,1
13690,Chef Choy,33,5,31.45,600.8,58.0,0.26,1,8.9,1,0
13691,Noe Sushi Bar,58,5,50.48,1008.37,49.0,0.45,2,3.1,1,0
13692,Kobe Sushi,118,5,13.21,231.36,32.0,0.5,0,5.5,1,0
13693,Chef Choy,117,8,28.25,539.77,58.0,0.61,0,9.0,0,0
13694,Kobe Sushi,35,8,12.25,164.91,42.0,0.27,0,15.8,0,0
13695,Noe Sushi Bar,46,9,37.26,1070.78,61.0,0.27,0,1.9,0,1
13696,Kobe Sushi,84,5,15.95,268.22,71.0,0.33,0,1.7,1,0
13697,Nubori Experience,66,5,66.84,857.49,50.0,0.12,1,7.2,0,0
13698,Kobe Sushi,44,6,16.78,252.98,84.0,0.44,0,3.5,0,1
13699,Kobe Sushi,26,9,29.05,882.96,59.0,0.23,1,4.0,0,0
13700,Kobe Sushi,42,8,11.46,181.69,20.0,0.41,0,4.6,0,0
13701,Nubori Experience,77,6,70.84,1411.04,64.0,0.63,0,3.5,0,1
13702,Noe Sushi Bar,30,10,35.39,1075.06,45.0,0.19,0,1.6,0,1
13703,Noe Sushi Bar,116,7,67.71,1833.77,43.0,0.18,0,4.5,1,0
13704,Noe Sushi Bar,32,8,50.01,754.93,29.0,0.21,0,0.9,0,1
13705,Noe Sushi Bar,36,3,22.49,254.63,42.0,0.31,0,6.7,0,0
13706,Kobe Sushi,19,10,20.33,457.61,63.0,0.14,0,15.2,0,1
13707,Noe Sushi Bar,22,5,41.74,507.41,47.0,0.5,1,14.5,0,0
13708,Kobe Sushi,65,4,20.67,244.43,30.0,0.38,0,0.5,0,1
13709,Nubori Experience,57,4,60.93,927.34,58.0,0.59,3,0.5,1,0
13710,Chef Choy,11,7,33.99,947.42,54.0,0.28,2,1.7,0,0
13711,Noe Sushi Bar,26,12,42.03,1209.52,57.0,0.54,1,17.8,1,0
13712,Kobe Sushi,48,6,18.61,432.98,44.0,0.51,0,12.3,0,1
13713,Chef Choy,19,10,31.72,760.13,47.0,0.52,0,2.9,1,0
13714,Kobe Sushi,83,9,18.22,487.07,38.0,0.09,1,12.5,1,0
13715,Kobe Sushi,12,10,21.04,671.32,26.0,0.35,0,0.9,0,0
13716,Kobe Sushi,67,3,12.03,84.01,51.0,0.73,0,0.5,0,1
13717,Noe Sushi Bar,119,2,39.32,189.3,32.0,0.41,0,0.5,0,1
13718,Chef Choy,56,7,21.89,383.7,72.0,0.42,0,0.5,0,0
13719,Kobe Sushi,18,9,23.02,706.12,48.0,0.05,0,9.9,1,0
13720,Kobe Sushi,113,6,24.17,572.88,60.0,0.27,2,6.3,1,0
13721,Noe Sushi Bar,5,8,39.08,654.15,38.0,0.17,0,2.7,0,1
13722,Noe Sushi Bar,112,8,40.81,584.48,68.0,0.81,0,2.9,1,0
13723,Kobe Sushi,24,9,17.18,436.69,66.0,0.2,2,1.9,1,0
13724,Kobe Sushi,78,4,17.27,175.27,73.0,0.23,0,5.5,1,0
13725,Nubori Experience,115,2,65.92,264.45,30.0,0.18,2,8.1,1,0
13726,Nubori Experience,38,4,58.74,750.79,45.0,0.05,0,10.9,0,0
13727,Nubori Experience,67,3,61.42,562.77,54.0,0.21,0,14.5,1,0
13728,Nubori Experience,70,7,55.88,1515.8,34.0,0.94,0,2.7,1,0
13729,Kobe Sushi,76,4,11.63,104.84,51.0,0.11,1,0.6,1,0
13730,Kobe Sushi,52,4,13.3,192.15,44.0,0.25,0,4.3,0,0
13731,Kobe Sushi,75,6,11.74,200.85,50.0,0.53,0,0.5,1,0
13732,Kobe Sushi,39,6,12.56,145.88,47.0,0.49,0,7.7,1,0
13733,Nubori Experience,59,10,67.52,2372.9,33.0,0.32,0,2.1,0,0
13734,Chef Choy,26,3,24.76,268.76,36.0,0.28,2,1.7,0,0
13735,Noe Sushi Bar,65,2,59.84,251.89,53.0,0.56,2,6.9,0,1
13736,Kobe Sushi,80,5,17.2,336.62,60.0,0.19,0,4.4,1,0
13737,Nubori Experience,48,6,76.82,979.26,66.0,0.23,0,1.1,1,0
13738,Nubori Experience,113,7,62.13,668.24,44.0,0.58,0,5.0,0,1
13739,Kobe Sushi,111,7,20.93,542.65,60.0,0.16,1,1.2,1,0
13740,Nubori Experience,53,2,67.64,322.82,29.0,0.33,0,2.3,0,1
13741,Kobe Sushi,9,11,20.33,873.18,53.0,0.31,0,0.7,0,0
13742,Kobe Sushi,5,4,19.91,210.85,47.0,0.46,0,1.4,0,0
13743,Noe Sushi Bar,116,7,53.8,662.14,66.0,0.73,0,0.5,1,0
13744,Noe Sushi Bar,72,5,42.11,359.57,79.0,0.36,0,0.5,0,1
13745,Kobe Sushi,61,4,17.33,164.02,41.0,0.25,0,30.0,1,0
13746,Kobe Sushi,21,4,19.73,209.16,63.0,0.15,1,4.2,1,0
13747,Nubori Experience,97,4,63.68,557.87,69.0,0.32,0,2.8,1,0
13748,Noe Sushi Bar,103,2,27.57,201.4,51.0,0.38,0,5.3,0,0
13749,Noe Sushi Bar,107,6,34.18,371.57,65.0,0.28,0,10.2,1,1
13750,Kobe Sushi,63,9,18.55,485.53,52.0,0.59,0,1.1,0,0
13751,Kobe Sushi,20,5,21.24,334.74,70.0,0.22,0,10.1,0,1
13752,Kobe Sushi,58,6,23.09,393.32,39.0,0.49,0,10.2,0,1
13753,Kobe Sushi,117,6,14.04,261.88,38.0,0.22,2,2.4,1,0
13754,Kobe Sushi,45,4,12.67,93.43,39.0,0.18,0,4.6,0,0
13755,Kobe Sushi,22,12,24.44,993.52,35.0,0.37,0,15.4,0,0
13756,Noe Sushi Bar,77,8,47.1,1269.1,67.0,0.38,0,5.8,0,1
13757,Kobe Sushi,103,7,25.45,604.52,20.0,0.25,0,7.4,0,0
13758,Nubori Experience,75,7,83.01,1317.15,33.0,0.37,0,3.1,0,1
13759,Kobe Sushi,82,5,17.25,335.42,68.0,0.31,0,8.3,0,1
13760,Noe Sushi Bar,63,4,49.63,449.17,46.0,0.33,0,11.7,0,0
13761,Kobe Sushi,30,7,14.74,209.6,44.0,0.65,0,4.6,0,1
13762,Noe Sushi Bar,63,6,33.17,625.54,26.0,0.03,3,1.6,0,0
13763,Kobe Sushi,97,4,27.48,189.61,44.0,0.12,0,0.5,1,0
13764,Nubori Experience,44,7,64.86,1754.83,33.0,0.46,0,0.5,0,1
13765,Chef Choy,67,6,25.33,607.45,31.0,0.08,0,11.5,0,0
13766,Noe Sushi Bar,58,4,47.2,742.85,39.0,0.11,0,4.2,0,0
13767,Kobe Sushi,65,4,10.0,145.97,60.0,0.06,0,6.3,0,1
13768,Noe Sushi Bar,36,6,32.99,403.01,45.0,0.15,0,0.5,1,0
13769,Chef Choy,6,6,36.03,863.51,27.0,0.11,0,0.5,0,0
13770,Kobe Sushi,37,5,20.87,190.22,42.0,0.59,0,4.5,0,1
13771,Noe Sushi Bar,93,9,63.94,1065.85,61.0,0.31,0,2.6,1,0
13772,Nubori Experience,75,5,69.64,999.53,53.0,0.32,0,8.0,0,1
13773,Chef Choy,116,4,25.0,372.94,42.0,0.36,0,8.4,0,0
13774,Nubori Experience,55,6,65.07,1066.11,43.0,0.43,1,2.9,1,0
13775,Nubori Experience,77,7,68.35,1417.43,83.0,0.14,2,1.2,0,1
13776,Nubori Experience,75,5,66.04,1007.75,59.0,0.52,0,9.7,0,1
13777,Noe Sushi Bar,59,5,31.05,594.12,37.0,0.39,0,5.8,0,1
13778,Noe Sushi Bar,38,5,43.33,572.42,23.0,0.3,0,1.1,0,1
13779,Chef Choy,115,7,28.79,568.01,55.0,0.5,0,2.4,1,0
13780,Noe Sushi Bar,25,6,57.17,1178.24,20.0,0.27,0,6.0,0,0
13781,Nubori Experience,79,7,70.05,855.98,62.0,0.48,2,0.5,1,0
13782,Kobe Sushi,117,2,20.38,123.13,32.0,0.11,0,0.5,0,0
13783,Kobe Sushi,77,5,15.12,134.93,31.0,0.22,1,13.5,0,1
13784,Kobe Sushi,106,6,23.0,266.47,48.0,0.6,0,4.1,1,0
13785,Kobe Sushi,33,6,12.67,194.11,35.0,0.25,0,21.7,0,0
13786,Kobe Sushi,13,4,15.16,223.76,59.0,0.61,0,0.9,0,0
13787,Noe Sushi Bar,38,6,59.54,815.33,62.0,0.39,0,1.6,0,1
13788,Kobe Sushi,117,6,23.64,293.86,32.0,0.39,0,7.8,1,0
13789,Noe Sushi Bar,58,4,43.19,644.01,24.0,0.36,0,4.8,0,0
13790,Noe Sushi Bar,88,9,51.19,941.41,61.0,0.19,0,3.4,1,0
13791,Kobe Sushi,20,7,15.32,172.32,47.0,0.28,0,5.0,0,1
13792,Kobe Sushi,108,6,18.89,234.62,44.0,0.2,0,12.0,1,0
13793,Noe Sushi Bar,17,9,42.45,1191.94,20.0,0.24,0,0.5,0,1
13794,Chef Choy,114,7,26.3,446.57,40.0,0.12,1,8.5,0,0
13795,Nubori Experience,24,7,69.77,1181.04,71.0,0.44,2,6.1,1,0
13796,Nubori Experience,26,4,81.78,1013.44,56.0,0.56,0,30.0,1,0
13797,Nubori Experience,40,5,49.36,866.51,20.0,0.08,0,12.0,0,0
13798,Noe Sushi Bar,32,9,33.75,792.84,45.0,0.46,0,7.3,1,0
13799,Nubori Experience,93,7,65.21,730.68,56.0,0.06,3,0.5,1,0
13800,Nubori Experience,78,5,87.4,1424.04,43.0,0.35,0,7.3,1,0
13801,Nubori Experience,37,6,50.92,1046.19,40.0,0.47,0,8.9,0,1
13802,Kobe Sushi,86,5,16.17,139.21,30.0,0.16,0,6.9,0,1
13803,Nubori Experience,98,5,55.17,557.17,40.0,0.19,0,0.5,0,1
13804,Noe Sushi Bar,91,4,63.61,588.43,59.0,0.33,0,22.5,0,0
13805,Chef Choy,92,6,22.74,382.35,39.0,0.22,0,0.7,0,1
13806,Kobe Sushi,86,7,28.34,305.94,30.0,0.53,1,1.7,0,0
13807,Kobe Sushi,60,5,14.5,109.47,37.0,0.29,0,9.1,1,0
13808,Kobe Sushi,57,8,26.85,401.18,25.0,0.12,0,0.5,0,1
13809,Kobe Sushi,107,11,12.74,474.75,49.0,0.34,1,3.4,1,0
13810,Kobe Sushi,58,5,13.39,212.65,47.0,0.46,0,29.9,0,0
13811,Nubori Experience,67,6,87.49,1254.76,62.0,0.65,0,11.0,0,0
13812,Kobe Sushi,22,5,24.83,444.04,41.0,0.69,0,7.9,0,0
13813,Kobe Sushi,58,9,17.61,267.72,52.0,0.21,0,13.3,0,1
13814,Kobe Sushi,112,7,20.23,381.59,40.0,0.37,0,3.6,0,1
13815,Noe Sushi Bar,85,10,62.38,1526.56,62.0,0.25,0,0.7,0,0
13816,Kobe Sushi,80,6,24.45,370.88,33.0,0.33,0,5.2,0,0
13817,Kobe Sushi,73,7,14.79,354.04,34.0,0.34,0,1.0,0,1
13818,Noe Sushi Bar,77,11,53.42,1732.69,29.0,0.46,1,12.2,0,0
13819,Noe Sushi Bar,74,8,33.25,466.29,42.0,0.38,0,0.9,0,0
13820,Kobe Sushi,49,7,15.66,174.17,40.0,0.18,0,7.0,0,1
13821,Kobe Sushi,85,5,14.0,163.98,57.0,0.08,0,2.8,0,1
13822,Kobe Sushi,49,3,26.79,295.1,43.0,0.32,0,2.6,1,0
13823,Nubori Experience,42,6,79.08,767.96,26.0,0.11,0,2.4,0,1
13824,Kobe Sushi,40,6,25.78,547.01,60.0,0.26,0,1.2,0,0
13825,Noe Sushi Bar,71,11,39.46,1233.71,74.0,0.3,0,12.2,1,0
13826,Kobe Sushi,46,8,21.09,335.24,44.0,0.16,0,7.7,1,0
13827,Noe Sushi Bar,22,6,51.11,586.05,59.0,0.36,1,4.0,1,0
13828,Kobe Sushi,82,8,29.87,603.37,54.0,0.17,0,1.3,0,1
13829,Kobe Sushi,21,9,10.35,262.6,44.0,0.47,0,5.5,0,1
13830,Noe Sushi Bar,51,4,53.3,612.88,38.0,0.35,0,11.8,1,0
13831,Kobe Sushi,114,7,19.91,271.09,61.0,0.26,1,4.0,0,0
13832,Kobe Sushi,14,5,27.02,288.57,52.0,0.29,0,1.2,0,0
13833,Noe Sushi Bar,74,4,37.29,371.47,53.0,0.68,0,4.1,0,1
13834,Nubori Experience,97,5,82.24,628.07,58.0,0.27,0,1.7,1,0
13835,Kobe Sushi,9,5,24.76,208.64,46.0,0.13,0,4.7,0,0
13836,Noe Sushi Bar,18,5,51.97,841.61,66.0,0.37,0,5.9,1,0
13837,Nubori Experience,13,8,73.36,992.41,40.0,0.73,0,1.0,1,0
13838,Nubori Experience,17,4,48.2,491.77,29.0,0.35,0,0.5,0,0
13839,Noe Sushi Bar,87,8,47.96,1307.73,49.0,0.33,0,13.8,1,0
13840,Noe Sushi Bar,25,6,56.42,1155.65,55.0,0.56,0,2.4,0,0
13841,Kobe Sushi,54,5,23.77,274.05,66.0,0.29,0,4.2,0,0
13842,Noe Sushi Bar,16,7,43.68,841.76,55.0,0.12,0,3.9,0,0
13843,Kobe Sushi,24,10,12.85,283.26,60.0,0.24,0,4.6,0,1
13844,Kobe Sushi,95,5,12.26,139.3,40.0,0.3,0,2.9,1,0
13845,Noe Sushi Bar,75,7,24.95,419.44,47.0,0.15,0,1.7,0,0
13846,Kobe Sushi,23,8,12.44,237.83,41.0,0.5,0,0.5,0,1
13847,Noe Sushi Bar,41,7,57.65,715.58,72.0,0.23,1,4.3,0,1
13848,Noe Sushi Bar,103,5,55.98,1030.07,45.0,0.23,0,0.5,0,0
13849,Noe Sushi Bar,86,8,38.75,812.56,33.0,0.5,0,1.3,1,0
13850,Kobe Sushi,33,8,12.46,313.31,45.0,0.43,0,1.4,1,0
13851,Kobe Sushi,105,2,14.99,83.99,35.0,0.21,0,0.5,1,0
13852,Noe Sushi Bar,42,3,45.01,238.12,49.0,0.27,1,8.2,1,0
13853,Nubori Experience,48,2,70.5,333.09,42.0,0.45,0,2.8,0,1
13854,Kobe Sushi,117,5,15.05,201.83,24.0,0.22,0,5.9,0,0
13855,Kobe Sushi,18,6,14.52,139.37,56.0,0.24,0,4.8,0,0
13856,Nubori Experience,63,9,70.45,2292.27,59.0,0.33,0,5.1,0,1
13857,Kobe Sushi,78,7,19.37,212.74,48.0,0.4,0,7.8,0,0
13858,Nubori Experience,92,6,31.08,452.18,42.0,0.48,0,4.1,0,0
13859,Noe Sushi Bar,11,7,44.61,703.55,40.0,0.19,0,14.8,0,1
13860,Noe Sushi Bar,24,5,43.98,821.81,45.0,0.03,0,0.6,0,1
13861,Kobe Sushi,61,9,14.81,458.96,66.0,0.46,0,13.9,0,0
13862,Kobe Sushi,64,5,17.04,261.46,43.0,0.43,0,4.6,1,0
13863,Kobe Sushi,36,9,16.81,331.66,37.0,0.42,0,4.2,0,0
13864,Nubori Experience,83,5,63.4,603.74,38.0,0.57,0,4.3,1,0
13865,Noe Sushi Bar,77,5,56.71,1086.88,38.0,0.33,0,0.8,1,0
13866,Noe Sushi Bar,97,5,58.37,969.43,68.0,0.26,0,2.5,0,1
13867,Chef Choy,53,6,38.03,898.87,28.0,0.81,0,4.5,1,0
13868,Kobe Sushi,83,5,10.0,81.34,58.0,0.08,0,28.7,0,0
13869,Noe Sushi Bar,47,4,61.81,443.34,37.0,0.13,0,3.5,0,1
13870,Noe Sushi Bar,52,3,46.13,216.76,48.0,0.29,0,7.2,0,1
13871,Chef Choy,96,3,27.92,211.26,58.0,0.6,0,5.1,1,0
13872,Kobe Sushi,79,9,28.97,872.58,54.0,0.33,0,3.4,0,1
13873,Noe Sushi Bar,57,8,41.75,636.16,37.0,0.25,1,5.7,0,1
13874,Nubori Experience,75,6,51.58,990.73,31.0,0.2,0,1.0,0,0
13875,Noe Sushi Bar,23,9,56.29,1488.57,41.0,0.26,0,3.0,0,1
13876,Kobe Sushi,59,3,21.88,205.14,33.0,0.12,0,1.4,0,0
13877,Noe Sushi Bar,69,12,68.37,3265.35,59.0,0.13,0,9.5,0,1
13878,Kobe Sushi,56,3,19.9,119.29,40.0,0.56,0,2.0,1,1
13879,Noe Sushi Bar,86,6,56.6,792.07,53.0,0.65,0,0.5,0,0
13880,Nubori Experience,42,6,68.23,1623.31,47.0,0.22,0,5.3,0,0
13881,Noe Sushi Bar,18,6,22.67,430.92,52.0,0.28,1,0.6,0,1
13882,Noe Sushi Bar,71,8,53.52,791.5,43.0,0.26,0,17.0,1,0
13883,Noe Sushi Bar,33,10,44.64,1518.53,25.0,0.32,0,2.3,0,1
13884,Kobe Sushi,3,5,12.79,118.07,32.0,0.34,0,4.7,0,1
13885,Kobe Sushi,28,4,24.66,327.98,41.0,0.58,0,6.1,0,0
13886,Nubori Experience,1,7,58.34,1159.18,41.0,0.01,0,5.3,0,0
13887,Noe Sushi Bar,63,4,52.19,463.65,21.0,0.29,0,30.0,1,0
13888,Kobe Sushi,113,4,22.77,304.93,46.0,0.26,0,6.8,1,1
13889,Kobe Sushi,47,4,18.98,171.62,44.0,0.44,0,9.7,0,0
13890,Noe Sushi Bar,37,6,29.67,522.1,47.0,0.44,0,17.4,0,0
13891,Chef Choy,86,4,14.19,220.14,31.0,0.32,0,0.7,1,0
13892,Nubori Experience,48,5,67.36,1226.57,61.0,0.41,0,4.0,0,1
13893,Kobe Sushi,108,4,13.03,143.46,56.0,0.44,1,0.9,1,0
13894,Nubori Experience,19,5,52.4,824.76,46.0,0.2,0,3.2,0,1
13895,Noe Sushi Bar,14,7,38.16,606.08,49.0,0.13,0,27.2,0,0
13896,Noe Sushi Bar,67,5,33.51,419.54,59.0,0.39,0,10.3,0,1
13897,Noe Sushi Bar,83,3,51.99,239.29,32.0,0.12,0,2.4,1,0
13898,Kobe Sushi,97,9,10.02,142.92,37.0,0.54,0,8.8,0,0
13899,Nubori Experience,85,4,66.31,563.5,36.0,0.47,0,1.1,1,0
13900,Kobe Sushi,65,2,18.83,76.57,28.0,0.29,0,2.4,0,1
13901,Kobe Sushi,26,7,11.67,166.36,56.0,0.1,1,5.5,0,1
13902,Nubori Experience,10,5,38.51,635.73,68.0,0.27,0,6.9,0,1
13903,Noe Sushi Bar,99,7,44.54,1238.42,42.0,0.1,0,5.1,1,0
13904,Nubori Experience,77,5,70.94,601.55,62.0,0.44,0,5.7,0,0
13905,Noe Sushi Bar,70,10,41.09,772.54,27.0,0.38,1,7.6,0,0
13906,Kobe Sushi,43,6,22.11,479.75,38.0,0.27,0,4.8,0,0
13907,Nubori Experience,70,3,94.37,748.02,51.0,0.35,0,2.1,1,0
13908,Kobe Sushi,99,5,12.61,249.09,51.0,0.6,1,6.8,1,0
13909,Nubori Experience,80,9,79.79,1998.75,30.0,0.2,0,9.0,0,1
13910,Kobe Sushi,105,7,24.8,315.87,29.0,0.06,0,30.0,0,0
13911,Nubori Experience,72,5,64.49,891.22,32.0,0.73,0,0.5,0,0
13912,Kobe Sushi,59,7,16.51,217.5,32.0,0.2,0,2.6,0,1
13913,Noe Sushi Bar,3,10,27.55,509.12,60.0,0.23,1,6.0,0,1
13914,Nubori Experience,5,4,78.35,684.13,55.0,0.11,0,0.8,0,0
13915,Noe Sushi Bar,85,4,63.6,997.16,44.0,0.39,1,0.5,0,0
13916,Noe Sushi Bar,95,3,49.28,293.96,20.0,0.34,0,12.0,0,1
13917,Nubori Experience,78,2,34.77,226.4,66.0,0.58,0,3.8,1,0
13918,Noe Sushi Bar,101,9,73.23,2288.45,50.0,0.24,0,10.6,1,0
13919,Nubori Experience,83,6,48.04,993.23,57.0,0.38,0,8.3,1,0
13920,Noe Sushi Bar,37,6,42.11,853.38,48.0,0.24,1,0.7,1,1
13921,Kobe Sushi,117,4,17.73,189.28,49.0,0.19,0,1.9,1,0
13922,Kobe Sushi,84,7,22.41,392.06,67.0,0.6,0,0.8,0,0
13923,Kobe Sushi,52,3,13.12,151.05,44.0,0.4,0,1.2,1,0
13924,Kobe Sushi,66,10,19.43,573.91,49.0,0.11,2,2.9,1,0
13925,Noe Sushi Bar,63,6,41.46,778.61,39.0,0.14,1,3.8,0,1
13926,Kobe Sushi,7,3,17.69,116.95,62.0,0.28,0,9.0,0,0
13927,Kobe Sushi,97,4,22.88,208.62,57.0,0.25,0,2.8,0,0
13928,Kobe Sushi,53,3,16.16,82.1,32.0,0.27,0,8.7,0,0
13929,Nubori Experience,114,5,67.71,1197.8,30.0,0.29,0,0.5,0,0
13930,Noe Sushi Bar,106,5,45.27,833.17,54.0,0.31,0,0.8,0,0
13931,Kobe Sushi,6,5,21.0,213.2,34.0,0.39,0,8.4,0,0
13932,Nubori Experience,7,5,62.62,1069.68,41.0,0.08,0,1.8,1,0
13933,Kobe Sushi,44,4,16.01,188.26,23.0,0.36,0,8.0,0,1
13934,Nubori Experience,18,7,80.73,1667.05,36.0,0.42,2,15.5,0,1
13935,Noe Sushi Bar,107,5,55.3,440.6,38.0,0.33,0,11.4,0,0
13936,Kobe Sushi,54,4,15.96,176.16,49.0,0.35,0,0.7,0,1
13937,Noe Sushi Bar,29,5,40.12,694.77,32.0,0.3,1,10.7,0,1
13938,Chef Choy,83,10,16.21,362.42,57.0,0.22,0,3.6,0,0
13939,Noe Sushi Bar,25,10,29.47,442.75,64.0,0.54,0,9.9,1,0
13940,Nubori Experience,63,4,59.44,589.24,47.0,0.31,0,2.3,1,0
13941,Kobe Sushi,68,8,10.0,265.62,40.0,0.16,0,4.5,1,0
13942,Kobe Sushi,115,8,21.5,599.1,55.0,0.19,0,10.0,0,0
13943,Kobe Sushi,13,4,23.78,202.02,59.0,0.46,0,1.5,0,1
13944,Kobe Sushi,32,5,11.83,139.37,49.0,0.42,1,12.2,1,0
13945,Kobe Sushi,27,8,20.66,270.32,38.0,0.3,0,10.1,0,0
13946,Nubori Experience,51,10,77.97,1456.92,48.0,0.31,0,8.0,0,0
13947,Kobe Sushi,34,6,10.0,142.68,29.0,0.3,0,11.1,0,0
13948,Noe Sushi Bar,28,3,49.48,310.29,61.0,0.21,1,2.7,0,1
13949,Noe Sushi Bar,73,5,54.73,500.01,39.0,0.07,0,10.2,1,0
13950,Nubori Experience,72,3,66.26,366.71,30.0,0.15,0,3.9,1,0
13951,Nubori Experience,85,7,88.22,1493.26,66.0,0.29,0,5.5,0,1
13952,Chef Choy,110,3,21.95,157.17,35.0,0.22,0,12.7,1,0
13953,Nubori Experience,30,6,37.59,493.24,55.0,0.51,0,2.0,0,1
13954,Chef Choy,93,9,10.0,204.46,40.0,0.08,2,2.4,0,0
13955,Nubori Experience,9,1,67.24,266.76,60.0,0.14,0,5.5,1,0
13956,Noe Sushi Bar,13,5,29.38,321.55,33.0,0.61,1,4.7,0,1
13957,Kobe Sushi,82,4,19.12,138.05,56.0,0.3,0,2.0,0,0
13958,Noe Sushi Bar,64,9,39.8,722.69,38.0,0.41,0,2.1,0,1
13959,Noe Sushi Bar,38,7,75.42,1962.49,45.0,0.58,0,1.6,0,1
13960,Kobe Sushi,119,8,10.1,258.39,55.0,0.07,0,5.0,0,0
13961,Kobe Sushi,22,6,16.13,199.86,45.0,0.58,1,0.5,1,0
13962,Noe Sushi Bar,31,2,38.63,165.66,38.0,0.35,0,3.9,0,1
13963,Nubori Experience,99,5,37.35,286.51,53.0,0.28,0,1.1,1,0
13964,Kobe Sushi,42,4,26.07,235.23,50.0,0.09,0,1.5,0,0
13965,Chef Choy,62,5,22.52,441.51,20.0,0.3,0,3.8,0,0
13966,Noe Sushi Bar,106,7,28.25,585.31,47.0,0.18,0,12.6,0,0
13967,Nubori Experience,64,12,76.95,2479.53,82.0,0.12,0,16.8,0,0
13968,Nubori Experience,74,6,75.85,1661.6,51.0,0.56,0,0.6,1,0
13969,Chef Choy,9,5,31.68,570.45,39.0,0.57,0,10.6,0,0
13970,Noe Sushi Bar,95,5,65.94,752.45,24.0,0.7,0,0.8,1,0
13971,Kobe Sushi,44,1,26.17,93.14,47.0,0.21,0,2.6,0,0
13972,Noe Sushi Bar,120,9,58.71,946.79,62.0,0.25,2,2.2,1,0
13973,Chef Choy,63,6,28.67,650.97,64.0,0.26,0,2.0,0,0
13974,Nubori Experience,40,6,34.84,824.51,36.0,0.2,0,0.5,0,0
13975,Chef Choy,88,6,20.57,322.15,30.0,0.36,0,10.5,0,0
13976,Kobe Sushi,41,5,10.7,168.36,45.0,0.18,0,1.3,0,1
13977,Noe Sushi Bar,113,6,60.58,1420.74,55.0,0.63,1,4.5,0,1
13978,Kobe Sushi,72,2,14.67,94.51,49.0,0.58,1,1.0,1,0
13979,Kobe Sushi,50,4,15.11,210.21,49.0,0.04,0,7.5,0,0
13980,Kobe Sushi,20,5,19.6,198.99,64.0,0.23,0,14.2,0,1
13981,Kobe Sushi,81,3,17.75,83.58,32.0,0.37,2,0.9,1,0
13982,Nubori Experience,92,6,54.65,860.9,34.0,0.2,0,4.6,0,0
13983,Kobe Sushi,70,8,16.61,510.96,36.0,0.32,0,4.1,0,0
13984,Kobe Sushi,42,8,17.29,238.12,20.0,0.61,2,8.8,1,0
13985,Nubori Experience,33,5,42.22,423.75,47.0,0.36,0,5.4,0,1
13986,Kobe Sushi,92,4,20.48,189.04,53.0,0.53,0,0.5,1,0
13987,Kobe Sushi,117,11,13.7,326.66,45.0,0.36,3,0.6,1,0
13988,Kobe Sushi,63,9,23.35,428.52,45.0,0.6,0,5.3,1,0
13989,Kobe Sushi,57,6,10.0,121.26,47.0,0.17,0,9.0,1,0
13990,Kobe Sushi,65,10,14.3,315.14,47.0,0.23,0,8.5,1,0
13991,Kobe Sushi,105,8,19.13,547.43,56.0,0.18,0,23.0,0,1
13992,Noe Sushi Bar,52,9,40.43,1444.57,42.0,0.48,0,0.5,1,0
13993,Kobe Sushi,99,3,13.59,125.38,54.0,0.11,3,11.6,0,1
13994,Kobe Sushi,88,5,10.0,96.86,32.0,0.54,0,10.1,0,0
13995,Nubori Experience,6,5,45.26,344.62,66.0,0.16,1,9.7,0,1
13996,Noe Sushi Bar,7,7,56.32,1451.08,32.0,0.22,0,6.5,0,1
13997,Nubori Experience,9,9,66.19,1289.2,72.0,0.1,0,17.0,1,0
13998,Noe Sushi Bar,101,5,41.06,377.96,20.0,0.35,0,0.5,1,0
13999,Kobe Sushi,61,4,16.76,152.96,52.0,0.03,0,10.7,0,0
14000,Chef Choy,80,5,14.57,144.61,46.0,0.16,0,14.9,0,0
14001,Kobe Sushi,34,7,22.19,538.39,31.0,0.56,0,0.5,0,0
14002,Kobe Sushi,35,5,23.8,255.61,24.0,0.38,0,17.0,0,0
14003,Noe Sushi Bar,99,5,37.4,562.14,54.0,0.32,0,3.6,0,0
14004,Noe Sushi Bar,20,5,45.31,669.58,20.0,0.33,0,7.7,0,1
14005,Chef Choy,58,6,23.05,335.82,20.0,0.14,0,3.9,0,0
14006,Nubori Experience,87,8,87.08,1169.12,31.0,0.53,0,5.2,0,1
14007,Kobe Sushi,60,6,24.02,418.55,58.0,0.49,0,2.7,1,0
14008,Noe Sushi Bar,106,9,33.4,1181.52,27.0,0.52,1,9.0,0,0
14009,Noe Sushi Bar,54,4,37.78,327.63,53.0,0.1,0,3.5,0,1
14010,Nubori Experience,35,6,49.46,948.34,32.0,0.11,0,4.8,0,1
14011,Nubori Experience,47,5,76.62,704.44,50.0,0.23,0,7.5,0,0
14012,Nubori Experience,46,8,33.35,763.79,78.0,0.34,1,0.5,0,0
14013,Kobe Sushi,87,7,23.75,560.03,71.0,0.47,0,0.5,1,1
14014,Chef Choy,4,6,31.26,299.36,26.0,0.34,0,14.6,0,0
14015,Kobe Sushi,10,7,27.39,682.64,47.0,0.43,0,1.1,0,0
14016,Kobe Sushi,107,4,22.94,166.56,47.0,0.41,0,14.6,0,1
14017,Nubori Experience,75,10,64.95,1686.92,38.0,0.22,1,3.5,0,1
14018,Kobe Sushi,40,4,22.05,214.16,31.0,0.26,0,2.9,0,0
14019,Nubori Experience,55,9,65.28,1497.47,62.0,0.27,0,0.5,0,1
14020,Kobe Sushi,119,5,23.43,360.06,54.0,0.25,0,17.5,0,0
14021,Nubori Experience,73,6,69.71,1210.93,51.0,0.25,1,28.5,0,0
14022,Kobe Sushi,40,4,19.56,254.67,38.0,0.45,0,1.5,0,0
14023,Kobe Sushi,76,3,10.74,96.26,61.0,0.4,0,16.5,0,1
14024,Kobe Sushi,81,4,19.73,221.44,66.0,0.41,0,0.5,0,0
14025,Noe Sushi Bar,96,3,40.24,395.2,61.0,0.32,0,13.7,0,0
14026,Kobe Sushi,23,6,21.98,397.19,59.0,0.43,0,7.4,0,0
14027,Noe Sushi Bar,15,6,35.73,734.47,40.0,0.21,0,2.2,1,0
14028,Kobe Sushi,115,10,19.63,441.56,62.0,0.52,0,7.4,0,1
14029,Kobe Sushi,92,6,18.28,283.73,36.0,0.27,0,11.7,0,1
14030,Kobe Sushi,116,10,20.75,315.9,55.0,0.33,0,0.5,0,1
14031,Noe Sushi Bar,102,3,46.8,244.66,33.0,0.02,0,2.7,0,1
14032,Nubori Experience,5,7,73.18,1398.64,79.0,0.34,0,9.1,0,1
14033,Nubori Experience,40,3,65.02,313.52,44.0,0.62,0,6.9,1,0
14034,Kobe Sushi,18,8,29.97,546.77,37.0,0.06,0,0.8,0,0
14035,Noe Sushi Bar,117,7,21.79,468.45,24.0,0.49,1,4.8,1,0
14036,Chef Choy,21,5,15.73,280.07,54.0,0.27,0,0.7,0,1
14037,Kobe Sushi,79,3,21.82,239.43,45.0,0.1,3,0.5,1,0
14038,Noe Sushi Bar,3,4,49.41,652.61,43.0,0.28,0,2.4,0,1
14039,Noe Sushi Bar,46,5,47.87,663.03,24.0,0.37,0,12.6,0,1
14040,Kobe Sushi,90,7,15.25,353.0,41.0,0.25,0,8.2,1,0
14041,Kobe Sushi,79,11,20.3,787.66,54.0,0.23,0,0.9,1,0
14042,Kobe Sushi,109,5,14.78,293.95,27.0,0.66,0,17.5,0,0
14043,Noe Sushi Bar,53,7,31.09,433.82,20.0,0.55,0,6.2,1,0
14044,Kobe Sushi,20,9,17.96,287.41,43.0,0.21,0,11.9,1,0
14045,Kobe Sushi,59,3,17.35,123.57,45.0,0.14,0,5.0,1,0
14046,Kobe Sushi,21,2,18.26,57.2,44.0,0.52,0,1.2,0,0
14047,Kobe Sushi,90,6,16.56,165.07,52.0,0.04,0,16.9,1,0
14048,Kobe Sushi,105,3,14.67,127.41,45.0,0.45,1,0.5,1,0
14049,Nubori Experience,87,4,77.0,877.99,48.0,0.17,0,8.0,1,0
14050,Kobe Sushi,113,6,14.92,181.47,48.0,0.36,2,3.6,1,0
14051,Noe Sushi Bar,51,10,59.11,1398.24,31.0,0.2,0,16.6,1,0
14052,Kobe Sushi,25,8,28.8,890.91,46.0,0.39,1,5.7,0,1
14053,Noe Sushi Bar,68,8,52.74,710.47,71.0,0.34,1,3.6,0,1
14054,Noe Sushi Bar,116,10,60.41,1172.64,43.0,0.48,0,23.1,0,0
14055,Kobe Sushi,10,10,29.21,1094.73,40.0,0.32,0,12.4,0,0
14056,Nubori Experience,86,4,80.51,1071.91,36.0,0.25,1,2.5,0,1
14057,Noe Sushi Bar,67,7,48.96,1149.06,55.0,0.32,0,3.5,0,1
14058,Nubori Experience,83,4,49.39,736.47,33.0,0.5,0,2.8,0,1
14059,Noe Sushi Bar,95,4,36.63,525.57,55.0,0.16,0,17.0,1,0
14060,Nubori Experience,9,4,51.41,640.89,32.0,0.33,1,1.9,0,1
14061,Chef Choy,29,4,23.24,343.4,28.0,0.38,3,0.5,1,0
14062,Nubori Experience,37,7,72.93,850.29,48.0,0.23,0,16.5,0,1
14063,Noe Sushi Bar,110,4,52.63,444.16,61.0,0.1,0,0.9,1,0
14064,Noe Sushi Bar,71,12,47.68,991.27,47.0,0.24,0,2.1,1,0
14065,Chef Choy,117,5,26.01,207.18,49.0,0.22,0,6.4,1,0
14066,Nubori Experience,38,8,82.36,1114.09,20.0,0.23,0,7.4,0,0
14067,Nubori Experience,88,9,81.69,1734.52,44.0,0.4,0,8.5,0,1
14068,Kobe Sushi,72,3,19.79,113.47,53.0,0.33,0,6.4,1,0
14069,Chef Choy,98,6,22.23,374.38,85.0,0.16,0,1.2,1,0
14070,Kobe Sushi,59,6,16.96,158.82,20.0,0.26,0,1.1,0,1
14071,Noe Sushi Bar,57,6,37.73,709.96,24.0,0.24,0,9.3,0,0
14072,Kobe Sushi,90,5,22.79,450.1,25.0,0.28,0,5.0,0,0
14073,Kobe Sushi,60,1,24.44,75.43,48.0,0.66,0,5.9,1,0
14074,Nubori Experience,28,5,94.22,736.57,25.0,0.5,0,2.0,0,1
14075,Kobe Sushi,28,6,30.99,670.99,44.0,0.62,1,2.8,0,1
14076,Noe Sushi Bar,46,5,52.56,434.88,65.0,0.56,1,4.5,0,0
14077,Noe Sushi Bar,118,8,49.94,736.69,49.0,0.13,0,3.2,0,1
14078,Kobe Sushi,71,4,21.04,305.46,57.0,0.11,0,0.5,0,1
14079,Kobe Sushi,67,8,13.69,376.54,20.0,0.28,0,17.1,0,1
14080,Noe Sushi Bar,116,5,43.56,713.98,68.0,0.53,0,7.2,1,0
14081,Kobe Sushi,86,5,15.5,200.36,23.0,0.42,0,5.7,1,0
14082,Nubori Experience,55,3,65.08,480.8,38.0,0.41,0,6.5,0,1
14083,Nubori Experience,38,11,81.7,3346.13,36.0,0.21,1,1.5,0,1
14084,Kobe Sushi,117,12,31.63,1052.5,49.0,0.51,0,0.5,1,0
14085,Kobe Sushi,110,8,18.98,335.62,67.0,0.17,0,3.7,0,1
14086,Noe Sushi Bar,108,3,59.81,484.64,48.0,0.28,0,4.7,0,1
14087,Noe Sushi Bar,18,8,70.51,1822.95,49.0,0.27,0,6.9,0,0
14088,Kobe Sushi,76,5,17.5,275.76,56.0,0.32,0,1.6,0,1
14089,Kobe Sushi,95,5,27.94,240.42,20.0,0.24,0,1.3,1,0
14090,Noe Sushi Bar,63,4,61.84,636.77,45.0,0.09,0,5.7,0,0
14091,Nubori Experience,103,6,86.29,1972.49,60.0,0.36,1,1.5,1,0
14092,Kobe Sushi,5,5,12.16,163.26,42.0,0.19,0,6.9,0,0
14093,Noe Sushi Bar,44,7,64.82,815.76,52.0,0.24,0,4.9,0,1
14094,Nubori Experience,105,5,74.4,1074.88,63.0,0.53,0,5.0,1,0
14095,Noe Sushi Bar,29,5,32.25,589.84,69.0,0.21,2,8.5,0,0
14096,Noe Sushi Bar,107,9,32.26,976.51,37.0,0.72,1,3.9,1,0
14097,Noe Sushi Bar,100,6,42.12,610.73,20.0,0.16,0,8.5,0,0
14098,Nubori Experience,14,4,87.58,1354.53,62.0,0.62,0,3.1,1,0
14099,Noe Sushi Bar,58,4,51.55,345.39,56.0,0.39,0,1.0,0,0
14100,Nubori Experience,44,6,60.36,917.78,46.0,0.41,0,4.7,0,1
14101,Noe Sushi Bar,18,6,53.07,780.75,20.0,0.07,0,6.1,0,1
14102,Noe Sushi Bar,7,7,44.54,859.05,55.0,0.39,1,8.6,0,0
14103,Kobe Sushi,87,6,12.19,125.11,49.0,0.41,0,0.5,0,0
14104,Kobe Sushi,97,10,19.21,623.17,45.0,0.43,0,15.7,1,0
14105,Chef Choy,62,7,13.07,320.06,22.0,0.4,0,5.3,0,0
14106,Kobe Sushi,45,2,23.21,105.3,48.0,0.47,1,1.8,1,0
14107,Noe Sushi Bar,16,7,39.32,924.13,27.0,0.16,0,12.2,0,1
14108,Kobe Sushi,64,9,29.53,527.58,65.0,0.67,0,4.0,0,1
14109,Nubori Experience,37,9,64.7,1014.92,47.0,0.16,0,14.7,1,0
14110,Kobe Sushi,115,3,18.81,207.58,49.0,0.27,0,5.1,0,0
14111,Nubori Experience,25,2,62.68,374.76,58.0,0.22,0,0.9,1,0
14112,Noe Sushi Bar,9,3,46.33,244.02,53.0,0.22,0,7.7,0,0
14113,Kobe Sushi,55,5,16.1,245.72,49.0,0.19,1,3.7,1,0
14114,Noe Sushi Bar,28,4,39.19,408.0,49.0,0.31,0,3.0,0,1
14115,Kobe Sushi,9,8,18.51,468.6,51.0,0.02,0,0.5,0,0
14116,Kobe Sushi,12,5,25.95,428.25,54.0,0.33,0,0.5,0,0
14117,Kobe Sushi,18,8,10.0,236.64,50.0,0.09,0,8.4,0,0
14118,Kobe Sushi,91,4,13.8,124.41,45.0,0.1,0,4.9,1,0
14119,Nubori Experience,90,11,64.11,1391.18,20.0,0.59,0,14.6,1,0
14120,Kobe Sushi,56,4,24.51,243.0,41.0,0.23,0,12.1,0,1
14121,Noe Sushi Bar,90,5,49.56,751.04,39.0,0.43,1,5.3,0,0
14122,Kobe Sushi,74,6,27.85,253.57,30.0,0.23,0,4.7,0,0
14123,Noe Sushi Bar,58,4,45.58,564.57,37.0,0.8,0,4.8,0,0
14124,Kobe Sushi,81,7,14.92,330.95,54.0,0.39,0,3.9,0,1
14125,Noe Sushi Bar,51,4,35.16,532.12,61.0,0.05,0,15.2,0,0
14126,Noe Sushi Bar,32,5,67.18,898.66,27.0,0.39,1,19.9,1,0
14127,Noe Sushi Bar,88,5,30.99,436.82,26.0,0.21,0,2.8,0,0
14128,Kobe Sushi,107,11,13.7,430.14,33.0,0.33,0,2.5,0,1
14129,Noe Sushi Bar,48,7,58.16,1520.93,42.0,0.25,0,5.3,0,1
14130,Kobe Sushi,8,2,12.5,86.11,50.0,0.87,0,13.5,0,0
14131,Kobe Sushi,30,7,19.11,341.44,49.0,0.26,0,8.8,0,0
14132,Noe Sushi Bar,26,9,30.04,615.7,21.0,0.25,0,12.8,0,1
14133,Noe Sushi Bar,24,7,48.15,578.3,54.0,0.34,0,1.0,0,1
14134,Noe Sushi Bar,27,3,44.57,457.15,53.0,0.24,2,5.7,0,0
14135,Noe Sushi Bar,79,12,40.37,1544.83,41.0,0.31,0,6.0,0,0
14136,Kobe Sushi,92,11,10.0,238.82,46.0,0.2,0,3.6,0,0
14137,Kobe Sushi,75,6,11.15,185.79,25.0,0.51,0,5.4,1,0
14138,Kobe Sushi,39,7,23.3,556.56,42.0,0.2,0,1.1,0,1
14139,Noe Sushi Bar,66,6,54.52,500.85,41.0,0.83,0,0.5,0,1
14140,Noe Sushi Bar,51,4,48.49,588.17,44.0,0.21,0,6.3,0,1
14141,Kobe Sushi,73,4,16.01,142.98,45.0,0.34,0,0.6,0,1
14142,Noe Sushi Bar,50,8,45.77,912.79,46.0,0.2,0,0.5,0,0
14143,Noe Sushi Bar,45,3,42.74,396.59,30.0,0.34,0,10.7,0,0
14144,Noe Sushi Bar,87,5,57.12,997.86,39.0,0.2,0,3.7,0,0
14145,Noe Sushi Bar,33,4,33.89,535.33,20.0,0.39,0,1.7,0,1
14146,Noe Sushi Bar,19,8,36.49,866.06,59.0,0.21,0,5.0,0,0
14147,Noe Sushi Bar,13,9,49.71,1035.6,28.0,0.56,0,7.4,0,0
14148,Kobe Sushi,78,5,14.89,161.64,36.0,0.47,0,15.8,0,0
14149,Kobe Sushi,96,5,11.87,196.42,25.0,0.3,0,1.6,0,0
14150,Kobe Sushi,113,5,21.37,318.21,36.0,0.28,0,9.9,1,0
14151,Noe Sushi Bar,22,8,56.16,1466.76,62.0,0.32,0,1.6,0,1
14152,Nubori Experience,20,5,69.42,954.95,50.0,0.11,0,1.8,0,1
14153,Noe Sushi Bar,97,5,48.48,434.45,45.0,0.3,1,2.4,1,0
14154,Kobe Sushi,5,5,13.76,221.03,20.0,0.28,0,5.1,0,1
14155,Chef Choy,84,2,19.6,112.72,72.0,0.28,0,1.5,0,1
14156,Nubori Experience,78,7,68.68,855.21,62.0,0.69,0,8.6,0,1
14157,Nubori Experience,91,5,58.02,524.13,44.0,0.45,0,2.9,0,1
14158,Noe Sushi Bar,90,6,24.63,513.96,39.0,0.5,0,2.8,1,0
14159,Nubori Experience,32,5,65.69,1228.34,48.0,0.52,0,9.4,0,0
14160,Kobe Sushi,30,6,15.15,361.42,46.0,0.34,1,24.9,0,0
14161,Kobe Sushi,91,6,19.02,332.01,21.0,0.19,0,0.5,1,0
14162,Kobe Sushi,26,7,14.91,223.33,20.0,0.32,0,0.9,0,0
14163,Noe Sushi Bar,82,7,55.71,1427.2,64.0,0.42,0,8.7,0,0
14164,Kobe Sushi,109,4,10.93,82.97,48.0,0.85,0,0.5,1,0
14165,Noe Sushi Bar,87,7,46.44,920.21,32.0,0.38,0,2.1,0,0
14166,Noe Sushi Bar,108,12,66.95,1395.74,39.0,0.55,0,9.4,1,0
14167,Kobe Sushi,111,6,18.74,348.59,28.0,0.19,3,30.0,1,0
14168,Nubori Experience,88,5,55.84,1080.13,47.0,0.47,0,2.8,0,1
14169,Kobe Sushi,4,9,27.76,955.29,56.0,0.53,0,3.3,0,1
14170,Kobe Sushi,105,3,16.41,152.56,67.0,0.65,0,7.5,0,0
14171,Chef Choy,67,11,36.34,915.27,59.0,0.33,0,3.4,0,1
14172,Kobe Sushi,118,6,18.81,416.78,33.0,0.17,2,0.7,0,1
14173,Noe Sushi Bar,43,8,28.4,521.73,37.0,0.08,2,16.1,0,1
14174,Nubori Experience,30,7,72.86,1047.51,28.0,0.65,0,5.1,0,1
14175,Nubori Experience,111,7,66.7,1045.56,35.0,0.21,0,0.7,0,1
14176,Nubori Experience,16,9,73.92,2507.56,33.0,0.8,2,0.5,0,1
14177,Kobe Sushi,71,4,16.57,121.37,49.0,0.68,0,3.5,1,0
14178,Noe Sushi Bar,39,5,50.33,693.37,43.0,0.46,0,0.5,0,1
14179,Kobe Sushi,86,5,22.06,316.39,68.0,0.36,0,15.9,0,0
14180,Kobe Sushi,41,5,10.0,161.19,71.0,0.13,0,5.2,0,1
14181,Kobe Sushi,31,2,26.91,136.55,45.0,0.41,0,6.6,0,1
14182,Kobe Sushi,49,7,25.48,699.49,45.0,0.15,0,13.7,0,0
14183,Nubori Experience,13,5,72.74,1221.14,51.0,0.14,0,0.8,0,0
14184,Kobe Sushi,105,6,22.57,485.78,38.0,0.21,0,0.9,0,0
14185,Noe Sushi Bar,41,7,58.01,776.53,87.0,0.17,0,2.6,0,1
14186,Noe Sushi Bar,116,7,49.31,677.69,52.0,0.25,0,3.1,0,1
14187,Noe Sushi Bar,93,6,30.11,538.66,43.0,0.57,2,11.9,1,0
14188,Nubori Experience,28,5,41.48,393.83,46.0,0.59,0,0.5,0,1
14189,Kobe Sushi,108,7,15.35,230.08,35.0,0.42,1,7.2,1,0
14190,Noe Sushi Bar,64,6,73.55,1176.64,41.0,0.5,0,4.2,1,1
14191,Noe Sushi Bar,117,4,33.56,392.29,47.0,0.16,2,4.4,1,0
14192,Kobe Sushi,19,8,12.05,300.8,40.0,0.41,0,3.6,0,0
14193,Noe Sushi Bar,87,8,34.92,1076.31,40.0,0.51,0,11.4,1,0
14194,Nubori Experience,111,6,69.44,1298.07,35.0,0.31,0,4.6,1,0
14195,Kobe Sushi,114,7,21.44,228.09,35.0,0.12,0,11.2,0,1
14196,Kobe Sushi,72,10,22.68,645.06,31.0,0.17,3,9.9,1,0
14197,Kobe Sushi,25,5,18.32,289.95,63.0,0.77,0,7.7,1,1
14198,Chef Choy,38,6,29.02,674.54,25.0,0.15,0,0.8,0,0
14199,Noe Sushi Bar,102,6,26.22,558.29,36.0,0.67,0,3.2,1,0
14200,Noe Sushi Bar,99,5,62.89,563.65,42.0,0.2,0,0.5,0,0
14201,Noe Sushi Bar,90,7,42.97,537.77,64.0,0.33,0,24.4,0,0
14202,Nubori Experience,3,5,65.79,1214.04,40.0,0.03,0,4.5,0,1
14203,Chef Choy,2,3,18.42,109.12,49.0,0.5,0,6.8,0,0
14204,Nubori Experience,5,5,66.87,939.5,49.0,0.2,0,0.6,0,1
14205,Nubori Experience,61,3,58.01,400.21,49.0,0.18,0,4.2,0,0
14206,Noe Sushi Bar,20,11,52.33,1117.13,23.0,0.02,0,2.7,0,1
14207,Noe Sushi Bar,76,7,39.02,958.63,54.0,0.2,0,1.5,0,1
14208,Nubori Experience,38,10,75.99,2229.52,48.0,0.47,0,10.6,0,0
14209,Nubori Experience,80,3,63.41,669.31,74.0,0.41,0,8.0,0,1
14210,Kobe Sushi,101,9,23.33,828.41,40.0,0.51,0,4.9,0,1
14211,Kobe Sushi,102,7,16.93,392.87,20.0,0.46,1,0.5,0,0
14212,Nubori Experience,36,9,53.53,1886.02,39.0,0.61,0,1.0,0,1
14213,Kobe Sushi,46,9,24.25,626.53,48.0,0.32,0,30.0,0,0
14214,Nubori Experience,93,4,45.46,483.21,33.0,0.31,0,2.7,0,1
14215,Kobe Sushi,99,4,16.45,138.59,53.0,0.23,0,19.3,0,0
14216,Kobe Sushi,113,5,14.65,154.47,29.0,0.28,0,9.5,0,1
14217,Kobe Sushi,37,8,14.05,333.6,67.0,0.27,0,6.0,0,0
14218,Kobe Sushi,54,7,25.1,503.08,46.0,0.36,0,1.1,0,0
14219,Kobe Sushi,21,6,12.98,303.35,35.0,0.07,0,14.1,0,0
14220,Noe Sushi Bar,21,4,25.74,332.12,36.0,0.1,0,0.8,0,0
14221,Noe Sushi Bar,92,5,17.13,296.85,67.0,0.27,2,4.2,1,0
14222,Nubori Experience,70,6,68.11,1443.4,34.0,0.23,2,4.9,1,0
14223,Noe Sushi Bar,84,7,42.56,454.55,74.0,0.14,0,5.2,0,0
14224,Noe Sushi Bar,60,10,52.81,1206.17,47.0,0.2,0,7.1,0,1
14225,Noe Sushi Bar,36,5,66.23,941.21,81.0,0.25,0,1.5,0,1
14226,Noe Sushi Bar,77,6,32.99,328.99,65.0,0.27,0,0.6,0,1
14227,Noe Sushi Bar,104,5,58.13,757.35,62.0,0.28,0,8.2,0,1
14228,Kobe Sushi,11,6,18.08,335.78,51.0,0.07,1,1.2,0,0
14229,Kobe Sushi,88,2,17.76,142.01,49.0,0.15,0,0.6,0,0
14230,Kobe Sushi,83,6,26.82,612.14,44.0,0.28,1,2.5,1,0
14231,Kobe Sushi,87,6,17.49,416.63,37.0,0.44,0,3.9,0,1
14232,Noe Sushi Bar,31,5,60.97,710.02,25.0,0.41,0,4.6,0,0
14233,Kobe Sushi,101,8,17.07,342.07,24.0,0.56,0,1.7,0,0
14234,Nubori Experience,37,6,50.73,1121.65,24.0,0.5,0,16.9,0,0
14235,Nubori Experience,60,3,73.07,375.48,73.0,0.51,0,5.6,1,0
14236,Nubori Experience,61,6,56.77,1001.68,31.0,0.14,0,1.3,0,1
14237,Nubori Experience,67,7,75.2,1388.33,32.0,0.07,3,7.2,1,0
14238,Kobe Sushi,98,5,24.82,349.93,53.0,0.33,0,1.1,0,0
14239,Noe Sushi Bar,29,3,41.11,232.45,41.0,0.2,0,7.2,0,0
14240,Kobe Sushi,67,7,15.58,377.99,33.0,0.12,2,4.3,1,0
14241,Nubori Experience,79,13,52.05,1499.68,31.0,0.44,2,4.0,1,0
14242,Nubori Experience,71,4,61.32,802.26,64.0,0.42,1,2.2,1,0
14243,Nubori Experience,67,9,78.83,2612.34,70.0,0.37,0,9.6,0,1
14244,Noe Sushi Bar,111,9,58.57,1541.31,51.0,0.1,0,0.5,1,1
14245,Chef Choy,107,7,30.44,454.9,55.0,0.62,0,6.6,0,0
14246,Kobe Sushi,16,8,18.8,349.18,38.0,0.46,2,14.3,1,0
14247,Kobe Sushi,45,8,12.87,298.92,53.0,0.13,0,2.0,1,0
14248,Chef Choy,34,8,24.41,459.41,22.0,0.9,0,3.8,0,0
14249,Noe Sushi Bar,84,2,44.34,345.61,41.0,0.09,0,4.7,0,0
14250,Nubori Experience,44,4,63.02,636.55,43.0,0.55,0,15.7,0,1
14251,Kobe Sushi,117,7,14.82,173.83,45.0,0.69,0,7.9,0,1
14252,Nubori Experience,103,7,61.7,981.7,66.0,0.09,1,4.0,1,0
14253,Noe Sushi Bar,97,3,74.54,595.35,56.0,0.2,0,4.4,0,1
14254,Nubori Experience,78,7,66.71,1361.79,43.0,0.07,0,6.9,0,1
14255,Nubori Experience,120,3,62.49,602.32,58.0,0.03,0,7.5,1,0
14256,Nubori Experience,42,4,99.18,1300.77,49.0,0.37,1,12.0,0,1
14257,Kobe Sushi,35,6,16.71,228.12,52.0,0.02,0,2.3,1,0
14258,Nubori Experience,75,9,69.78,2349.32,51.0,0.56,0,3.4,0,1
14259,Kobe Sushi,118,3,13.41,79.47,50.0,0.53,1,9.7,0,1
14260,Kobe Sushi,84,3,23.65,130.32,36.0,0.16,0,6.9,0,0
14261,Noe Sushi Bar,30,5,43.71,833.46,37.0,0.19,0,3.9,0,0
14262,Nubori Experience,53,8,61.83,985.32,34.0,0.16,0,0.5,0,1
14263,Noe Sushi Bar,58,6,50.26,753.02,52.0,0.24,0,0.5,1,0
14264,Nubori Experience,28,7,66.16,1365.7,51.0,0.07,0,9.9,1,0
14265,Noe Sushi Bar,15,8,59.06,1277.26,41.0,0.09,1,9.4,0,1
14266,Kobe Sushi,38,6,28.23,664.71,78.0,0.15,0,12.9,0,0
14267,Nubori Experience,50,5,64.12,946.39,32.0,0.26,1,0.5,0,0
14268,Kobe Sushi,13,8,14.62,383.38,72.0,0.27,0,1.1,0,0
14269,Nubori Experience,111,6,75.75,1291.27,34.0,0.05,0,4.3,0,0
14270,Kobe Sushi,35,7,16.09,404.54,37.0,0.29,0,3.5,0,0
14271,Noe Sushi Bar,111,3,33.17,259.96,62.0,0.16,0,13.5,0,0
14272,Noe Sushi Bar,24,4,55.06,484.21,36.0,0.6,0,1.0,0,0
14273,Kobe Sushi,120,3,23.69,214.84,41.0,0.42,0,0.5,0,0
14274,Kobe Sushi,65,5,23.03,353.94,20.0,0.6,0,10.1,1,0
14275,Kobe Sushi,106,5,17.62,273.22,52.0,0.21,0,11.3,0,1
14276,Kobe Sushi,88,6,15.83,259.62,38.0,0.57,0,2.1,0,1
14277,Kobe Sushi,91,5,13.75,257.74,68.0,0.09,0,3.5,1,0
14278,Noe Sushi Bar,18,3,36.24,169.97,72.0,0.63,0,0.5,0,0
14279,Chef Choy,58,5,24.93,261.65,34.0,0.01,0,10.2,0,0
14280,Noe Sushi Bar,26,3,64.37,637.43,48.0,0.47,0,7.5,1,0
14281,Nubori Experience,29,2,47.35,309.79,51.0,0.56,0,7.0,0,0
14282,Noe Sushi Bar,72,11,36.39,930.74,34.0,0.18,3,4.7,0,0
14283,Noe Sushi Bar,44,5,26.53,216.5,46.0,0.51,1,0.8,0,0
14284,Noe Sushi Bar,90,6,56.09,630.2,51.0,0.32,0,4.1,0,1
14285,Noe Sushi Bar,5,8,47.7,1074.5,52.0,0.2,1,3.4,1,0
14286,Noe Sushi Bar,33,6,46.94,491.96,48.0,0.33,0,20.4,0,0
14287,Kobe Sushi,104,7,21.83,569.28,65.0,0.26,1,3.8,1,0
14288,Nubori Experience,5,4,53.0,319.95,57.0,0.18,0,1.6,0,0
14289,Chef Choy,113,9,32.32,983.92,46.0,0.43,0,1.9,0,1
14290,Kobe Sushi,111,7,18.85,220.43,20.0,0.71,0,4.2,0,0
14291,Chef Choy,36,12,23.32,911.06,30.0,0.46,0,4.4,0,1
14292,Kobe Sushi,77,4,21.44,282.36,20.0,0.05,0,13.4,0,0
14293,Kobe Sushi,81,2,18.37,86.86,45.0,0.55,0,2.6,0,1
14294,Kobe Sushi,13,5,20.34,196.46,20.0,0.31,1,14.1,0,0
14295,Chef Choy,25,5,21.35,339.28,33.0,0.17,0,7.0,0,0
14296,Chef Choy,58,5,22.1,377.08,38.0,0.5,0,1.4,1,0
14297,Nubori Experience,2,7,67.41,1498.33,56.0,0.27,2,0.5,0,1
14298,Kobe Sushi,88,7,16.66,331.22,64.0,0.48,0,3.1,0,0
14299,Noe Sushi Bar,36,8,39.6,766.17,28.0,0.2,0,3.9,1,0
14300,Noe Sushi Bar,25,6,52.17,686.09,39.0,0.33,0,7.7,0,0
14301,Kobe Sushi,34,4,16.58,256.48,35.0,0.24,1,0.5,0,1
14302,Noe Sushi Bar,12,10,36.92,1292.84,46.0,0.17,0,1.4,0,1
14303,Kobe Sushi,19,7,20.67,316.73,67.0,0.39,0,0.9,1,0
14304,Kobe Sushi,114,6,20.32,269.68,34.0,0.52,0,0.5,0,0
14305,Noe Sushi Bar,106,7,59.12,1600.56,26.0,0.39,0,12.2,0,1
14306,Noe Sushi Bar,94,4,46.54,584.71,42.0,0.28,0,4.2,1,0
14307,Kobe Sushi,37,1,23.12,41.37,74.0,0.09,0,5.3,0,0
14308,Kobe Sushi,107,6,22.52,211.71,20.0,0.48,0,2.1,1,0
14309,Kobe Sushi,1,7,10.0,109.38,35.0,0.46,3,10.9,0,0
14310,Kobe Sushi,60,5,17.35,279.01,54.0,0.23,0,7.7,0,0
14311,Kobe Sushi,67,6,18.98,417.71,54.0,0.62,3,0.6,0,1
14312,Kobe Sushi,49,7,10.0,138.15,56.0,0.37,0,7.9,0,0
14313,Noe Sushi Bar,90,5,50.52,438.49,51.0,0.25,1,12.8,0,0
14314,Noe Sushi Bar,79,6,63.84,681.01,35.0,0.22,0,1.9,0,1
14315,Chef Choy,46,6,33.86,694.36,55.0,0.22,0,7.1,0,0
14316,Noe Sushi Bar,120,4,36.2,543.17,64.0,0.47,0,30.0,0,0
14317,Kobe Sushi,111,2,18.82,75.11,32.0,0.25,0,11.1,0,0
14318,Kobe Sushi,48,1,17.26,26.36,43.0,0.63,1,11.1,0,0
14319,Nubori Experience,92,10,58.73,1014.79,73.0,0.58,0,5.5,1,0
14320,Kobe Sushi,68,12,10.89,439.47,34.0,0.48,0,4.5,1,0
14321,Kobe Sushi,19,6,11.13,116.79,41.0,0.52,0,3.4,0,0
14322,Kobe Sushi,88,7,15.44,258.82,40.0,0.22,0,4.7,0,1
14323,Noe Sushi Bar,40,6,50.89,726.29,40.0,0.15,0,1.0,0,1
14324,Noe Sushi Bar,6,6,34.1,410.53,61.0,0.59,0,8.5,0,1
14325,Nubori Experience,80,5,58.0,1123.5,50.0,0.16,2,11.4,1,0
14326,Nubori Experience,96,7,64.73,1076.37,77.0,0.59,0,15.5,1,0
14327,Noe Sushi Bar,94,14,48.78,2320.95,56.0,0.27,0,8.4,0,0
14328,Kobe Sushi,63,13,18.48,886.25,44.0,0.42,0,15.6,1,0
14329,Kobe Sushi,35,5,20.3,332.94,28.0,0.23,0,8.4,0,1
14330,Kobe Sushi,72,6,21.31,248.8,72.0,0.12,0,0.7,0,0
14331,Kobe Sushi,61,6,15.9,371.89,20.0,0.65,0,5.8,0,0
14332,Kobe Sushi,5,7,28.86,712.8,22.0,0.32,0,4.0,0,1
14333,Kobe Sushi,37,7,27.67,580.52,62.0,0.13,0,9.5,0,0
14334,Kobe Sushi,76,6,15.68,201.11,31.0,0.12,0,9.4,0,1
14335,Kobe Sushi,89,5,18.95,162.7,24.0,0.32,1,2.3,0,1
14336,Nubori Experience,97,7,84.65,1788.81,39.0,0.34,0,5.0,1,0
14337,Noe Sushi Bar,103,5,31.63,542.34,33.0,0.6,0,2.0,0,1
14338,Nubori Experience,88,8,62.48,1140.96,32.0,0.25,0,18.4,0,1
14339,Kobe Sushi,11,4,15.49,112.73,46.0,0.18,1,5.8,0,0
14340,Noe Sushi Bar,106,6,34.4,405.09,48.0,0.1,0,1.3,1,0
14341,Kobe Sushi,99,6,12.48,250.63,43.0,0.41,1,2.5,0,1
14342,Kobe Sushi,40,4,10.0,148.11,51.0,0.5,3,0.5,1,0
14343,Kobe Sushi,65,5,14.78,289.89,20.0,0.55,0,2.0,1,0
14344,Nubori Experience,8,1,88.8,263.68,44.0,0.13,0,0.7,0,1
14345,Nubori Experience,87,10,66.87,2273.54,54.0,0.37,0,9.3,0,1
14346,Kobe Sushi,84,4,21.72,210.57,57.0,0.16,1,10.7,1,0
14347,Kobe Sushi,96,5,10.0,172.38,20.0,0.23,0,14.8,0,0
14348,Noe Sushi Bar,11,3,53.49,465.16,54.0,0.09,0,3.2,0,0
14349,Kobe Sushi,71,3,21.04,238.31,60.0,0.35,0,2.3,1,0
14350,Kobe Sushi,58,3,25.47,156.37,67.0,0.13,0,1.3,1,0
14351,Kobe Sushi,94,9,25.66,769.21,43.0,0.14,0,15.8,0,1
14352,Noe Sushi Bar,48,5,45.92,699.75,48.0,0.39,0,1.7,0,1
14353,Kobe Sushi,103,3,24.75,267.64,37.0,0.45,0,30.0,1,0
14354,Kobe Sushi,13,8,18.05,463.11,45.0,0.24,2,7.5,0,0
14355,Kobe Sushi,106,5,27.79,330.18,23.0,0.61,0,4.3,1,0
14356,Noe Sushi Bar,60,7,36.69,931.49,20.0,0.33,0,1.5,1,0
14357,Nubori Experience,49,5,81.69,624.94,62.0,0.54,0,11.6,0,1
14358,Kobe Sushi,67,7,18.71,421.5,43.0,0.33,0,11.9,0,1
14359,Nubori Experience,7,7,41.9,547.95,32.0,0.1,0,3.3,0,0
14360,Nubori Experience,107,7,70.47,1167.85,59.0,0.46,1,9.3,1,0
14361,Nubori Experience,77,10,72.69,2541.19,50.0,0.16,1,6.6,0,1
14362,Chef Choy,101,4,29.51,450.04,62.0,0.49,0,1.6,0,1
14363,Noe Sushi Bar,25,7,53.65,1198.42,54.0,0.18,0,3.8,0,1
14364,Nubori Experience,23,6,64.76,792.44,27.0,0.06,0,2.9,0,1
14365,Kobe Sushi,51,3,10.0,89.7,40.0,0.12,0,11.4,1,0
14366,Noe Sushi Bar,47,10,12.94,202.08,55.0,0.54,0,3.0,1,0
14367,Nubori Experience,97,7,63.09,826.61,57.0,0.2,0,1.8,0,0
14368,Chef Choy,5,5,28.76,275.27,74.0,0.45,1,6.2,0,0
14369,Nubori Experience,96,5,54.7,487.42,58.0,0.66,3,5.5,1,0
14370,Chef Choy,94,6,21.14,245.24,50.0,0.43,0,2.1,1,0
14371,Nubori Experience,95,3,53.43,627.83,56.0,0.19,0,2.8,0,0
14372,Noe Sushi Bar,13,8,33.92,594.43,34.0,0.4,0,12.8,0,0
14373,Chef Choy,42,6,27.74,596.0,32.0,0.25,0,10.4,0,1
14374,Noe Sushi Bar,5,10,51.83,1208.12,32.0,0.17,1,4.5,0,1
14375,Nubori Experience,23,5,49.89,903.51,52.0,0.37,0,13.1,0,1
14376,Nubori Experience,62,7,44.45,830.76,45.0,0.23,0,0.5,0,1
14377,Nubori Experience,1,7,47.6,715.79,42.0,0.16,0,0.8,0,0
14378,Noe Sushi Bar,74,3,47.61,345.74,29.0,0.28,0,1.0,0,1
14379,Kobe Sushi,114,8,22.08,542.96,74.0,0.11,0,4.4,1,0
14380,Kobe Sushi,91,6,11.19,146.36,68.0,0.25,2,3.3,1,0
14381,Nubori Experience,54,2,48.96,152.78,54.0,0.47,0,5.8,0,0
14382,Noe Sushi Bar,72,5,52.93,741.9,40.0,0.2,0,15.1,1,0
14383,Kobe Sushi,116,7,21.08,454.24,25.0,0.45,0,15.2,1,0
14384,Kobe Sushi,3,8,10.0,264.59,20.0,0.45,1,8.3,0,1
14385,Nubori Experience,83,6,61.55,749.31,26.0,0.4,0,8.7,0,1
14386,Nubori Experience,64,7,52.41,1124.86,45.0,0.03,1,0.5,1,0
14387,Nubori Experience,51,8,78.97,2015.67,73.0,0.51,1,2.0,0,1
14388,Noe Sushi Bar,2,7,41.97,603.36,37.0,0.11,1,3.5,0,1
14389,Kobe Sushi,49,6,21.9,448.12,66.0,0.23,1,0.5,1,0
14390,Kobe Sushi,31,6,19.79,463.18,28.0,0.23,0,30.0,0,0
14391,Kobe Sushi,112,6,15.61,365.57,62.0,0.26,0,0.5,1,0
14392,Nubori Experience,117,5,67.41,1131.75,42.0,0.16,0,8.1,0,1
14393,Kobe Sushi,74,6,17.02,242.54,32.0,0.25,0,0.8,1,0
14394,Noe Sushi Bar,117,5,49.7,720.96,56.0,0.35,0,0.5,0,0
14395,Noe Sushi Bar,80,6,35.43,355.75,40.0,0.34,0,1.1,0,1
14396,Noe Sushi Bar,101,9,25.58,567.99,53.0,0.38,0,7.5,1,0
14397,Nubori Experience,84,5,83.32,1253.43,42.0,0.29,0,19.2,0,0
14398,Kobe Sushi,3,5,24.56,315.37,32.0,0.41,0,2.6,1,0
14399,Chef Choy,35,5,19.37,382.76,58.0,0.54,0,0.5,1,0
14400,Kobe Sushi,98,5,10.0,92.08,40.0,0.17,0,4.3,1,0
14401,Kobe Sushi,85,10,16.19,505.48,49.0,0.55,0,2.7,1,0
14402,Noe Sushi Bar,36,5,17.87,250.85,20.0,0.23,0,2.4,0,0
14403,Kobe Sushi,64,10,12.18,237.54,36.0,0.72,0,6.8,0,0
14404,Chef Choy,32,5,31.02,324.77,47.0,0.68,0,10.0,0,0
14405,Noe Sushi Bar,118,8,49.18,1184.54,57.0,0.52,0,10.2,1,0
14406,Kobe Sushi,18,4,15.51,128.59,43.0,0.31,0,0.5,0,0
14407,Kobe Sushi,34,4,16.92,216.13,22.0,0.33,0,8.0,0,0
14408,Noe Sushi Bar,56,7,45.58,1011.8,43.0,0.49,1,6.2,0,1
14409,Nubori Experience,102,6,63.54,1016.42,67.0,0.24,2,6.9,1,0
14410,Noe Sushi Bar,67,7,45.38,1092.75,42.0,0.43,0,4.4,0,0
14411,Noe Sushi Bar,53,5,45.24,864.73,53.0,0.63,1,1.8,0,1
14412,Chef Choy,67,5,22.11,375.12,58.0,0.33,0,0.5,1,1
14413,Noe Sushi Bar,91,4,31.47,498.82,46.0,0.39,1,0.5,1,0
14414,Kobe Sushi,66,6,14.99,321.74,70.0,0.52,0,18.8,1,0
14415,Noe Sushi Bar,64,5,30.25,469.84,71.0,0.11,0,4.6,0,0
14416,Noe Sushi Bar,67,9,64.12,954.5,61.0,0.2,0,13.7,0,0
14417,Noe Sushi Bar,81,6,29.74,648.13,59.0,0.52,1,10.2,0,0
14418,Noe Sushi Bar,110,8,66.42,1327.19,42.0,0.36,0,0.5,0,0
14419,Nubori Experience,39,9,55.04,1890.86,31.0,0.43,0,5.2,0,0
14420,Kobe Sushi,118,3,12.49,96.77,43.0,0.4,0,4.2,1,0
14421,Nubori Experience,117,8,62.09,1415.28,76.0,0.1,0,2.8,0,0
14422,Noe Sushi Bar,38,10,42.85,1301.61,41.0,0.37,0,0.7,1,0
14423,Noe Sushi Bar,40,5,35.49,366.03,27.0,0.11,0,1.9,0,0
14424,Kobe Sushi,19,5,19.02,337.99,56.0,0.62,1,0.7,1,0
14425,Kobe Sushi,83,2,18.37,55.33,63.0,0.37,3,0.5,0,1
14426,Chef Choy,108,7,30.18,578.47,41.0,0.34,0,0.5,0,1
14427,Noe Sushi Bar,5,5,42.99,406.79,44.0,0.34,0,2.6,0,1
14428,Kobe Sushi,69,6,25.47,451.28,48.0,0.4,0,5.0,1,0
14429,Noe Sushi Bar,14,6,43.61,605.2,43.0,0.66,0,30.0,0,0
14430,Kobe Sushi,91,6,13.15,146.54,45.0,0.46,0,11.8,0,0
14431,Nubori Experience,49,8,68.38,1224.2,42.0,0.49,0,2.3,1,0
14432,Nubori Experience,64,3,77.34,676.69,20.0,0.62,0,6.6,1,0
14433,Kobe Sushi,112,5,12.25,231.91,62.0,0.36,3,8.6,1,0
14434,Nubori Experience,100,5,70.05,732.33,46.0,0.27,0,16.7,0,1
14435,Nubori Experience,57,6,44.49,753.58,38.0,0.59,0,1.1,1,0
14436,Kobe Sushi,104,6,16.32,179.64,45.0,0.36,0,17.2,0,0
14437,Noe Sushi Bar,35,5,31.05,346.68,57.0,0.17,0,2.0,0,1
14438,Noe Sushi Bar,85,4,32.52,302.26,45.0,0.44,0,6.6,0,1
14439,Noe Sushi Bar,5,5,24.66,248.31,72.0,0.29,1,1.1,0,0
14440,Kobe Sushi,119,6,19.3,345.37,37.0,0.54,0,4.4,0,0
14441,Kobe Sushi,88,7,24.14,384.24,48.0,0.23,0,6.9,0,1
14442,Noe Sushi Bar,39,7,50.53,1075.8,49.0,0.53,0,10.5,1,0
14443,Kobe Sushi,114,7,16.12,199.65,71.0,0.13,1,16.5,0,0
14444,Nubori Experience,24,5,68.36,525.45,53.0,0.28,1,0.5,0,0
14445,Kobe Sushi,40,3,12.51,102.79,56.0,0.36,0,8.3,0,1
14446,Noe Sushi Bar,107,5,38.13,315.42,20.0,0.43,0,16.6,1,0
14447,Nubori Experience,110,4,62.05,617.93,46.0,0.61,0,2.1,1,0
14448,Noe Sushi Bar,50,9,45.24,1017.21,52.0,0.05,0,1.5,0,1
14449,Noe Sushi Bar,77,7,48.96,1230.88,70.0,0.24,1,0.8,0,1
14450,Nubori Experience,102,5,82.74,1441.34,20.0,0.43,0,7.7,1,0
14451,Nubori Experience,109,5,77.62,845.86,29.0,0.13,0,6.3,0,1
14452,Kobe Sushi,58,10,18.0,376.29,46.0,0.19,0,3.5,1,0
14453,Noe Sushi Bar,1,5,43.53,725.82,73.0,0.27,0,3.8,1,0
14454,Nubori Experience,43,4,53.99,687.38,52.0,0.26,0,0.5,1,0
14455,Kobe Sushi,39,5,13.74,136.42,60.0,0.15,0,1.6,0,0
14456,Kobe Sushi,10,4,12.64,190.22,67.0,0.3,0,1.3,0,0
14457,Kobe Sushi,2,9,22.06,777.13,36.0,0.32,2,0.5,0,0
14458,Kobe Sushi,63,5,19.11,360.85,54.0,0.17,0,2.9,0,0
14459,Noe Sushi Bar,16,7,13.34,180.58,20.0,0.52,1,0.5,0,0
14460,Chef Choy,37,3,20.28,209.88,72.0,0.33,0,12.9,0,1
14461,Nubori Experience,16,8,47.03,1338.07,41.0,0.29,0,1.6,0,0
14462,Chef Choy,87,3,10.0,93.2,65.0,0.1,0,13.2,0,1
14463,Kobe Sushi,90,5,24.7,452.02,37.0,0.24,0,10.2,0,0
14464,Kobe Sushi,80,10,20.93,587.32,56.0,0.14,0,0.7,0,0
14465,Nubori Experience,27,6,36.78,357.59,23.0,0.37,0,0.5,0,1
14466,Kobe Sushi,63,2,10.39,51.47,52.0,0.2,1,17.0,0,1
14467,Kobe Sushi,111,5,19.1,167.06,42.0,0.16,0,16.3,0,0
14468,Nubori Experience,105,5,52.57,946.83,53.0,0.32,0,3.1,1,0
14469,Noe Sushi Bar,94,6,52.16,791.18,54.0,0.24,0,8.9,0,1
14470,Kobe Sushi,64,10,19.47,331.75,62.0,0.02,0,8.0,1,0
14471,Nubori Experience,97,9,53.99,1885.5,53.0,0.23,3,0.7,0,1
14472,Nubori Experience,32,3,56.12,659.98,20.0,0.16,1,0.5,0,1
14473,Kobe Sushi,9,4,10.0,131.19,35.0,0.25,1,7.1,0,1
14474,Nubori Experience,11,4,67.18,1028.21,44.0,0.34,1,6.0,0,1
14475,Kobe Sushi,101,5,16.54,175.49,32.0,0.27,0,0.5,1,0
14476,Noe Sushi Bar,70,6,47.71,536.92,67.0,0.51,0,1.4,1,0
14477,Nubori Experience,30,5,93.82,782.62,29.0,0.61,0,2.0,0,0
14478,Nubori Experience,104,7,58.24,909.74,45.0,0.39,0,21.8,1,0
14479,Kobe Sushi,15,4,19.37,277.74,59.0,0.4,1,3.5,0,1
14480,Kobe Sushi,59,8,20.0,498.01,35.0,0.23,0,0.5,0,1
14481,Kobe Sushi,48,4,29.6,196.08,54.0,0.02,0,1.1,1,0
14482,Noe Sushi Bar,94,4,43.2,384.74,29.0,0.54,1,10.9,1,0
14483,Kobe Sushi,82,5,23.85,199.19,60.0,0.34,0,3.9,0,0
14484,Noe Sushi Bar,76,6,45.03,470.98,35.0,0.38,0,0.6,0,1
14485,Kobe Sushi,119,4,13.96,161.04,74.0,0.18,0,8.7,1,0
14486,Noe Sushi Bar,60,9,35.51,740.93,51.0,0.2,0,10.6,0,1
14487,Kobe Sushi,68,2,18.77,105.95,53.0,0.36,0,6.6,0,0
14488,Nubori Experience,57,6,48.33,694.38,31.0,0.46,0,3.5,1,0
14489,Kobe Sushi,64,8,27.42,733.4,45.0,0.31,1,11.5,1,0
14490,Kobe Sushi,54,7,12.51,141.36,57.0,0.54,2,3.7,0,1
14491,Nubori Experience,80,4,67.33,696.65,30.0,0.18,0,6.6,1,0
14492,Noe Sushi Bar,87,2,48.25,204.19,49.0,0.51,0,3.3,0,1
14493,Kobe Sushi,75,5,17.83,306.85,37.0,0.13,0,12.2,0,0
14494,Kobe Sushi,54,7,17.7,290.9,46.0,0.33,1,7.7,1,0
14495,Noe Sushi Bar,59,4,56.35,466.07,59.0,0.27,0,12.0,0,1
14496,Kobe Sushi,88,7,18.55,272.45,42.0,0.47,0,11.0,1,0
14497,Chef Choy,86,4,19.77,150.16,57.0,0.24,0,6.7,1,0
14498,Noe Sushi Bar,39,3,51.59,421.99,24.0,0.36,0,5.6,0,0
14499,Kobe Sushi,120,7,21.51,282.05,46.0,0.18,0,6.6,0,0
14500,Noe Sushi Bar,15,6,37.89,344.5,40.0,0.28,0,12.7,0,0
14501,Noe Sushi Bar,113,5,33.92,558.31,32.0,0.66,0,9.4,0,0
14502,Nubori Experience,79,2,55.24,399.63,61.0,0.18,0,2.8,1,0
14503,Kobe Sushi,74,8,17.83,326.97,45.0,0.13,1,6.0,0,0
14504,Noe Sushi Bar,28,6,48.5,922.84,71.0,0.39,0,3.6,0,1
14505,Kobe Sushi,36,6,11.95,143.54,36.0,0.49,0,2.9,1,0
14506,Noe Sushi Bar,54,8,44.07,1291.7,34.0,0.12,0,2.8,0,0
14507,Nubori Experience,17,6,75.9,1092.11,43.0,0.16,1,2.2,0,1
14508,Kobe Sushi,100,9,17.92,377.4,33.0,0.29,0,10.7,0,1
14509,Nubori Experience,86,8,40.39,1105.85,41.0,0.48,0,1.6,1,0
14510,Noe Sushi Bar,87,11,52.43,1437.95,37.0,0.35,0,8.3,0,1
14511,Nubori Experience,93,9,33.82,903.85,37.0,0.17,0,1.1,1,0
14512,Chef Choy,22,6,30.48,644.31,37.0,0.19,1,9.1,0,1
14513,Kobe Sushi,75,11,12.67,458.59,39.0,0.15,1,14.5,0,1
14514,Kobe Sushi,36,8,11.03,342.81,20.0,0.44,0,19.4,1,0
14515,Kobe Sushi,108,7,16.27,313.1,25.0,0.64,0,9.3,0,1
14516,Kobe Sushi,29,6,19.82,261.34,20.0,0.24,0,5.9,0,1
14517,Noe Sushi Bar,55,5,22.74,365.56,56.0,0.14,1,0.5,1,0
14518,Noe Sushi Bar,42,11,35.36,1453.86,52.0,0.31,1,1.1,0,1
14519,Nubori Experience,32,9,57.44,1242.65,57.0,0.68,0,0.6,0,1
14520,Noe Sushi Bar,14,6,51.32,926.29,55.0,0.45,0,4.2,1,0
14521,Chef Choy,18,3,23.57,165.57,50.0,0.37,0,4.9,0,1
14522,Nubori Experience,38,6,67.42,1173.69,25.0,0.56,0,0.5,0,0
14523,Nubori Experience,101,5,77.92,1533.52,61.0,0.27,0,0.6,1,0
14524,Kobe Sushi,34,4,17.8,272.28,49.0,0.38,0,2.8,1,0
14525,Noe Sushi Bar,45,1,58.63,193.3,44.0,0.46,0,1.5,0,1
14526,Kobe Sushi,87,4,18.69,230.61,29.0,0.32,0,13.4,0,1
14527,Kobe Sushi,32,6,12.76,211.71,51.0,0.32,0,0.5,0,1
14528,Kobe Sushi,110,5,18.96,221.68,61.0,0.77,1,2.0,0,1
14529,Nubori Experience,67,6,56.88,769.61,54.0,0.2,0,1.9,0,1
14530,Noe Sushi Bar,63,9,27.31,702.33,24.0,0.56,1,2.1,1,0
14531,Noe Sushi Bar,55,5,32.14,285.37,62.0,0.46,0,0.9,0,0
14532,Nubori Experience,43,5,56.88,938.12,54.0,0.09,3,0.5,0,0
14533,Kobe Sushi,22,4,26.87,384.67,35.0,0.49,0,16.0,0,0
14534,Noe Sushi Bar,87,5,44.95,809.48,54.0,0.82,0,1.9,0,1
14535,Chef Choy,68,7,15.66,357.72,52.0,0.44,0,0.5,0,1
14536,Kobe Sushi,77,5,17.05,257.66,68.0,0.31,3,2.6,0,1
14537,Noe Sushi Bar,96,10,59.3,1346.13,72.0,0.61,0,13.2,1,0
14538,Kobe Sushi,29,7,16.79,392.59,38.0,0.61,0,0.5,0,1
14539,Nubori Experience,40,3,71.74,740.09,55.0,0.27,0,0.5,0,1
14540,Kobe Sushi,104,8,18.35,381.53,47.0,0.35,0,2.7,1,0
14541,Kobe Sushi,119,4,12.91,185.96,43.0,0.23,2,2.0,0,0
14542,Noe Sushi Bar,45,5,57.52,1112.96,27.0,0.34,0,3.2,0,1
14543,Kobe Sushi,119,8,25.1,469.22,21.0,0.26,0,17.7,0,0
14544,Kobe Sushi,10,3,15.53,85.08,49.0,0.17,3,2.9,0,0
14545,Noe Sushi Bar,77,12,35.76,775.79,62.0,0.26,2,3.2,1,0
14546,Kobe Sushi,45,6,21.31,202.82,36.0,0.05,0,4.7,0,0
14547,Noe Sushi Bar,120,6,43.93,584.05,31.0,0.42,1,9.2,1,0
14548,Noe Sushi Bar,17,10,35.81,739.21,34.0,0.2,0,8.5,0,1
14549,Noe Sushi Bar,102,8,31.42,1001.43,20.0,0.3,2,4.2,1,0
14550,Noe Sushi Bar,2,4,42.26,552.61,20.0,0.48,0,4.8,0,1
14551,Kobe Sushi,17,5,18.13,360.73,64.0,0.28,1,10.5,0,0
14552,Kobe Sushi,108,6,18.34,430.6,42.0,0.57,0,11.3,0,0
14553,Chef Choy,90,6,20.61,479.64,66.0,0.75,0,14.1,1,0
14554,Nubori Experience,119,6,51.94,630.63,54.0,0.27,0,3.1,0,0
14555,Kobe Sushi,38,3,10.0,112.32,48.0,0.3,0,4.2,0,0
14556,Noe Sushi Bar,37,4,34.16,270.2,49.0,0.17,0,0.5,0,0
14557,Noe Sushi Bar,63,2,56.52,221.62,38.0,0.46,2,11.2,1,0
14558,Noe Sushi Bar,5,6,30.28,290.96,36.0,0.12,0,4.2,0,1
14559,Noe Sushi Bar,25,6,26.65,522.93,31.0,0.13,0,7.9,0,0
14560,Kobe Sushi,73,6,24.12,346.97,45.0,0.14,1,12.0,0,1
14561,Noe Sushi Bar,92,5,47.47,359.81,57.0,0.17,3,4.0,1,0
14562,Kobe Sushi,22,9,15.87,451.72,70.0,0.2,0,5.8,0,1
14563,Noe Sushi Bar,93,6,52.39,659.9,24.0,0.68,0,30.0,0,0
14564,Nubori Experience,63,5,37.22,519.93,41.0,0.23,0,10.0,0,1
14565,Noe Sushi Bar,35,4,18.78,242.54,62.0,0.23,0,8.5,0,1
14566,Kobe Sushi,55,8,23.17,522.65,30.0,0.37,0,1.2,0,1
14567,Nubori Experience,20,4,49.89,394.9,67.0,0.32,0,0.5,0,1
14568,Nubori Experience,5,8,67.53,1212.94,24.0,0.61,3,8.5,1,0
14569,Chef Choy,39,9,10.26,340.95,53.0,0.71,0,1.4,0,1
14570,Noe Sushi Bar,63,3,52.99,398.04,52.0,0.22,0,5.4,0,0
14571,Kobe Sushi,108,8,18.05,268.61,67.0,0.47,0,0.5,1,0
14572,Nubori Experience,32,5,31.19,540.1,60.0,0.12,0,3.8,0,1
14573,Noe Sushi Bar,103,2,33.89,223.13,62.0,0.15,1,8.1,1,0
14574,Nubori Experience,63,10,57.44,1334.38,41.0,0.46,0,0.5,0,1
14575,Kobe Sushi,74,8,20.79,331.75,54.0,0.48,0,3.2,0,0
14576,Kobe Sushi,40,7,20.11,219.57,51.0,0.2,0,8.8,0,1
14577,Nubori Experience,17,5,54.24,981.64,53.0,0.39,0,13.0,0,1
14578,Noe Sushi Bar,101,3,44.17,326.81,30.0,0.42,1,11.4,0,0
14579,Kobe Sushi,79,11,10.67,445.95,20.0,0.42,0,8.9,0,1
14580,Kobe Sushi,73,10,20.04,791.0,49.0,0.36,1,7.4,0,1
14581,Noe Sushi Bar,32,3,39.65,246.95,36.0,0.32,0,2.6,0,0
14582,Kobe Sushi,23,10,14.71,437.13,54.0,0.42,0,0.9,0,1
14583,Noe Sushi Bar,75,3,25.94,205.78,79.0,0.5,0,1.6,0,0
14584,Noe Sushi Bar,60,5,36.85,715.02,76.0,0.79,0,0.5,0,1
14585,Chef Choy,77,6,28.92,433.78,21.0,0.48,3,1.1,1,0
14586,Kobe Sushi,82,5,11.27,222.96,47.0,0.06,0,4.1,0,0
14587,Nubori Experience,113,11,57.1,2504.65,40.0,0.2,0,6.4,1,0
14588,Kobe Sushi,56,6,11.14,216.69,45.0,0.58,0,0.5,1,0
14589,Noe Sushi Bar,9,4,64.86,967.1,64.0,0.45,0,20.4,0,0
14590,Kobe Sushi,106,4,16.12,248.33,37.0,0.16,0,2.1,1,0
14591,Noe Sushi Bar,69,4,56.14,762.52,51.0,0.15,0,14.4,0,0
14592,Nubori Experience,62,3,73.76,340.6,62.0,0.2,0,3.5,0,1
14593,Nubori Experience,64,8,92.05,2531.51,20.0,0.19,0,0.6,1,0
14594,Noe Sushi Bar,107,5,50.33,847.32,20.0,0.1,1,4.9,1,0
14595,Noe Sushi Bar,22,5,54.26,1076.94,67.0,0.61,0,8.1,1,0
14596,Nubori Experience,32,5,71.67,934.39,62.0,0.12,0,5.1,1,0
14597,Nubori Experience,47,2,73.19,541.98,21.0,0.58,0,10.6,0,1
14598,Nubori Experience,2,6,76.34,1220.75,63.0,0.72,0,3.3,0,0
14599,Kobe Sushi,85,3,18.63,172.47,52.0,0.5,0,0.5,1,0
14600,Nubori Experience,92,6,63.62,1293.04,20.0,0.58,0,0.5,1,0
14601,Kobe Sushi,52,8,15.4,303.61,54.0,0.66,0,1.5,0,1
14602,Kobe Sushi,88,4,10.0,136.93,58.0,0.71,1,5.8,0,1
14603,Kobe Sushi,88,7,22.1,289.05,26.0,0.24,0,15.2,0,0
14604,Kobe Sushi,14,7,13.45,176.55,33.0,0.25,3,3.8,0,0
14605,Chef Choy,37,3,18.74,103.65,50.0,0.2,0,1.8,0,1
14606,Nubori Experience,27,7,48.62,988.0,57.0,0.45,0,7.9,1,0
14607,Chef Choy,24,2,30.74,226.51,32.0,0.65,0,1.4,0,0
14608,Noe Sushi Bar,64,3,82.64,665.2,49.0,0.14,0,3.8,0,1
14609,Noe Sushi Bar,70,6,55.26,1083.23,25.0,0.43,0,3.2,0,1
14610,Noe Sushi Bar,26,5,37.42,670.64,22.0,0.44,0,3.7,0,0
14611,Kobe Sushi,54,3,15.98,82.43,40.0,0.52,0,8.6,1,0
14612,Nubori Experience,15,5,49.59,613.35,42.0,0.66,0,7.7,1,1
14613,Noe Sushi Bar,29,4,44.29,287.41,31.0,0.36,0,12.6,0,0
14614,Noe Sushi Bar,100,6,54.25,1179.47,28.0,0.13,0,2.7,0,0
14615,Noe Sushi Bar,74,9,45.18,1175.94,37.0,0.34,0,12.0,0,0
14616,Nubori Experience,28,5,65.62,1108.17,55.0,0.44,0,2.7,0,1
14617,Kobe Sushi,59,9,23.53,835.19,44.0,0.12,0,11.2,0,0
14618,Kobe Sushi,115,11,13.89,332.45,20.0,0.17,0,5.2,0,1
14619,Chef Choy,73,6,10.0,223.69,45.0,0.49,0,9.7,0,0
14620,Noe Sushi Bar,21,7,56.49,657.37,66.0,0.62,0,2.1,0,1
14621,Nubori Experience,10,6,93.56,945.17,47.0,0.05,0,0.5,0,1
14622,Kobe Sushi,4,6,24.0,324.09,26.0,0.13,1,6.1,0,0
14623,Kobe Sushi,118,5,10.0,132.98,45.0,0.12,1,1.0,0,0
14624,Nubori Experience,62,5,72.78,940.26,54.0,0.08,0,9.1,0,1
14625,Noe Sushi Bar,4,7,50.22,1302.71,56.0,0.28,1,1.2,1,0
14626,Noe Sushi Bar,6,8,35.55,924.15,59.0,0.27,0,3.5,0,1
14627,Kobe Sushi,90,5,11.23,127.89,58.0,0.69,0,4.4,0,1
14628,Kobe Sushi,104,4,20.35,268.59,41.0,0.19,1,19.1,0,0
14629,Noe Sushi Bar,80,5,38.74,524.6,64.0,0.46,1,11.3,1,0
14630,Kobe Sushi,72,7,16.46,215.03,39.0,0.41,0,23.7,1,0
14631,Nubori Experience,92,3,63.35,625.61,53.0,0.07,0,1.2,0,1
14632,Chef Choy,16,11,25.81,1034.09,33.0,0.48,0,21.4,0,0
14633,Kobe Sushi,38,8,10.29,229.7,38.0,0.13,0,0.5,0,0
14634,Noe Sushi Bar,49,5,37.0,328.43,42.0,0.06,3,4.0,1,0
14635,Noe Sushi Bar,61,5,49.39,847.91,54.0,0.73,1,3.6,0,1
14636,Kobe Sushi,65,4,16.41,145.52,20.0,0.57,0,0.5,0,0
14637,Kobe Sushi,83,7,17.07,195.79,56.0,0.48,1,5.3,0,1
14638,Noe Sushi Bar,50,4,58.0,526.86,61.0,0.6,0,0.9,0,0
14639,Noe Sushi Bar,17,7,43.42,465.25,47.0,0.52,0,6.6,0,0
14640,Noe Sushi Bar,113,7,35.0,565.04,53.0,0.45,1,1.6,0,1
14641,Noe Sushi Bar,28,5,70.38,558.95,27.0,0.21,0,2.0,0,0
14642,Chef Choy,44,4,33.84,345.06,48.0,0.13,0,7.9,0,1
14643,Chef Choy,12,5,19.11,334.44,39.0,0.51,1,0.5,0,0
14644,Noe Sushi Bar,70,6,63.33,582.25,57.0,0.52,0,5.7,0,0
14645,Chef Choy,71,4,32.76,490.67,39.0,0.14,2,2.3,0,1
14646,Kobe Sushi,72,3,19.36,153.18,62.0,0.73,0,1.9,0,1
14647,Nubori Experience,3,2,64.39,283.41,20.0,0.38,0,0.5,0,1
14648,Noe Sushi Bar,49,7,43.0,821.33,36.0,0.06,0,9.9,0,0
14649,Nubori Experience,21,4,67.44,1070.11,62.0,0.18,0,6.9,0,1
14650,Noe Sushi Bar,8,5,44.95,653.08,49.0,0.47,0,3.1,0,1
14651,Kobe Sushi,64,7,17.77,372.0,68.0,0.12,0,8.4,1,0
14652,Noe Sushi Bar,92,6,49.34,485.55,44.0,0.18,0,7.8,0,1
14653,Kobe Sushi,59,8,17.06,519.51,49.0,0.29,1,3.9,1,0
14654,Noe Sushi Bar,30,5,62.72,667.59,44.0,0.75,0,2.9,0,0
14655,Noe Sushi Bar,32,5,43.45,847.66,46.0,0.35,0,0.5,0,1
14656,Nubori Experience,75,6,68.13,742.39,52.0,0.09,0,1.1,1,0
14657,Noe Sushi Bar,20,3,50.38,249.62,31.0,0.47,0,2.8,1,0
14658,Noe Sushi Bar,114,6,58.3,994.62,38.0,0.24,0,0.5,0,0
14659,Kobe Sushi,16,6,17.21,185.97,23.0,0.13,0,2.0,0,0
14660,Nubori Experience,25,3,54.03,606.51,23.0,0.09,0,7.0,0,1
14661,Nubori Experience,60,5,67.3,1066.9,33.0,0.17,0,10.7,0,1
14662,Chef Choy,45,4,11.31,146.11,37.0,0.12,0,4.9,0,0
14663,Kobe Sushi,9,4,13.34,145.53,32.0,0.26,0,0.9,1,0
14664,Noe Sushi Bar,51,5,42.35,589.83,66.0,0.74,0,8.3,1,0
14665,Kobe Sushi,103,4,17.0,263.38,48.0,0.57,0,11.8,0,0
14666,Noe Sushi Bar,61,8,31.15,856.61,51.0,0.33,0,5.6,0,1
14667,Kobe Sushi,113,6,12.28,277.99,27.0,0.45,0,5.2,1,0
14668,Noe Sushi Bar,40,3,37.72,368.26,50.0,0.45,0,11.2,1,0
14669,Noe Sushi Bar,104,4,53.22,721.09,29.0,0.26,0,7.6,1,0
14670,Kobe Sushi,61,6,15.28,167.23,49.0,0.2,1,0.5,1,0
14671,Noe Sushi Bar,67,5,18.75,356.24,51.0,0.32,0,9.8,0,0
14672,Nubori Experience,80,4,91.95,837.03,65.0,0.48,1,2.1,0,1
14673,Kobe Sushi,76,8,14.47,366.28,48.0,0.25,0,1.7,0,0
14674,Chef Choy,15,5,15.02,203.23,68.0,0.25,0,5.4,0,0
14675,Kobe Sushi,53,3,27.91,156.28,28.0,0.64,3,4.1,1,0
14676,Kobe Sushi,4,8,11.81,176.84,36.0,0.18,0,3.8,1,0
14677,Kobe Sushi,23,4,21.42,242.71,30.0,0.03,0,0.7,0,0
14678,Chef Choy,27,8,32.21,854.53,33.0,0.43,0,4.0,0,1
14679,Noe Sushi Bar,103,6,71.69,1530.83,20.0,0.59,0,3.3,1,0
14680,Nubori Experience,107,4,46.8,694.24,68.0,0.33,0,0.5,0,0
14681,Noe Sushi Bar,120,4,42.08,304.54,34.0,0.24,0,9.7,1,0
14682,Kobe Sushi,37,7,10.0,201.6,61.0,0.43,0,0.5,0,0
14683,Noe Sushi Bar,77,7,28.54,341.3,59.0,0.17,0,1.8,1,0
14684,Kobe Sushi,43,6,11.48,126.62,55.0,0.2,0,9.7,0,1
14685,Chef Choy,37,10,32.53,797.8,72.0,0.74,0,6.1,0,1
14686,Kobe Sushi,104,6,18.0,232.42,44.0,0.3,1,11.4,0,1
14687,Kobe Sushi,85,5,10.69,180.4,39.0,0.58,0,7.4,0,0
14688,Chef Choy,29,9,21.61,379.84,26.0,0.15,0,11.7,0,0
14689,Nubori Experience,29,7,85.12,2005.13,28.0,0.47,3,21.4,1,0
14690,Kobe Sushi,49,5,23.63,406.01,36.0,0.21,0,20.0,0,0
14691,Nubori Experience,75,4,71.81,516.37,28.0,0.16,0,1.8,0,0
14692,Kobe Sushi,51,7,13.84,190.6,40.0,0.41,0,21.5,0,0
14693,Nubori Experience,50,5,47.02,600.57,29.0,0.39,0,6.5,0,1
14694,Noe Sushi Bar,28,2,54.99,240.43,64.0,0.35,0,0.5,0,1
14695,Kobe Sushi,74,5,20.6,309.94,47.0,0.49,0,4.7,1,0
14696,Kobe Sushi,5,9,20.32,730.99,56.0,0.54,1,4.2,0,0
14697,Kobe Sushi,56,4,25.29,277.04,58.0,0.24,0,5.1,0,0
14698,Kobe Sushi,64,4,11.66,165.38,62.0,0.43,3,1.1,0,0
14699,Kobe Sushi,89,7,18.97,350.05,49.0,0.42,0,3.5,0,1
14700,Noe Sushi Bar,97,8,49.6,1264.56,42.0,0.48,0,6.0,1,0
14701,Nubori Experience,17,6,58.81,608.67,69.0,0.47,0,21.6,0,1
14702,Kobe Sushi,113,5,15.18,246.84,63.0,0.14,1,3.6,1,0
14703,Noe Sushi Bar,97,8,10.0,196.7,50.0,0.17,0,4.4,0,1
14704,Noe Sushi Bar,89,3,67.81,506.87,55.0,0.45,0,2.8,0,0
14705,Nubori Experience,97,4,81.89,558.58,51.0,0.63,0,0.8,1,0
14706,Noe Sushi Bar,55,12,59.77,2086.65,51.0,0.37,0,2.2,0,1
14707,Noe Sushi Bar,118,3,57.49,625.84,41.0,0.55,0,1.6,1,0
14708,Noe Sushi Bar,9,3,59.4,276.5,20.0,0.23,0,6.3,0,1
14709,Kobe Sushi,91,6,12.26,174.35,57.0,0.27,0,4.6,1,0
14710,Kobe Sushi,89,6,22.74,269.52,56.0,0.3,0,5.9,0,0
14711,Noe Sushi Bar,68,7,60.59,733.11,61.0,0.19,3,4.9,0,0
14712,Kobe Sushi,73,3,15.42,183.57,57.0,0.14,2,4.6,1,0
14713,Noe Sushi Bar,110,9,51.57,1642.92,75.0,0.34,0,8.5,1,0
14714,Kobe Sushi,79,8,17.81,298.45,29.0,0.24,0,9.6,1,0
14715,Noe Sushi Bar,16,10,39.4,846.27,42.0,0.51,0,19.7,0,0
14716,Kobe Sushi,16,4,14.36,200.9,65.0,0.28,0,11.2,0,0
14717,Nubori Experience,13,6,64.31,974.9,45.0,0.13,3,1.0,1,0
14718,Nubori Experience,78,7,93.08,2455.12,41.0,0.58,0,3.2,1,0
14719,Kobe Sushi,86,5,16.24,247.63,38.0,0.79,0,9.1,0,1
14720,Kobe Sushi,85,5,16.62,160.18,41.0,0.52,3,0.6,1,0
14721,Noe Sushi Bar,73,13,32.13,694.4,34.0,0.28,0,6.0,0,0
14722,Kobe Sushi,63,5,18.5,263.78,38.0,0.31,0,5.6,0,1
14723,Kobe Sushi,119,6,21.95,248.39,53.0,0.31,0,2.5,1,0
14724,Kobe Sushi,41,8,22.81,603.95,38.0,0.36,0,20.7,0,0
14725,Nubori Experience,53,7,68.82,1665.12,37.0,0.5,0,2.2,0,1
14726,Nubori Experience,68,4,41.67,317.17,44.0,0.2,0,7.6,1,0
14727,Noe Sushi Bar,74,2,32.86,131.91,20.0,0.6,1,8.1,0,0
14728,Noe Sushi Bar,99,8,45.44,836.71,70.0,0.4,0,10.2,0,1
14729,Nubori Experience,117,10,67.42,2049.1,32.0,0.36,1,0.5,0,1
14730,Nubori Experience,9,4,67.47,659.98,43.0,0.48,1,2.5,0,0
14731,Nubori Experience,51,11,68.97,2884.49,60.0,0.3,0,0.5,0,1
14732,Kobe Sushi,48,9,10.0,147.04,66.0,0.4,0,5.7,1,0
14733,Kobe Sushi,80,8,19.65,535.03,43.0,0.64,0,9.5,0,0
14734,Noe Sushi Bar,49,4,62.67,834.38,51.0,0.34,0,28.2,0,0
14735,Noe Sushi Bar,18,10,41.62,984.5,35.0,0.38,0,8.6,0,0
14736,Kobe Sushi,10,7,22.35,345.51,64.0,0.24,0,1.7,0,1
14737,Kobe Sushi,85,8,28.55,383.99,42.0,0.21,1,1.7,0,1
14738,Nubori Experience,115,6,58.45,1075.05,22.0,0.16,0,12.2,0,0
14739,Nubori Experience,54,7,69.18,764.73,34.0,0.55,0,11.4,0,0
14740,Kobe Sushi,79,9,19.94,714.87,41.0,0.35,0,3.1,0,0
14741,Nubori Experience,15,5,60.16,802.22,38.0,0.46,0,23.0,0,0
14742,Noe Sushi Bar,11,5,42.92,328.2,57.0,0.12,0,4.5,0,0
14743,Nubori Experience,40,5,53.76,761.9,59.0,0.36,0,10.7,0,0
14744,Noe Sushi Bar,118,5,57.1,714.13,69.0,0.08,0,0.8,0,0
14745,Kobe Sushi,112,3,19.02,143.88,24.0,0.28,0,30.0,0,0
14746,Noe Sushi Bar,106,6,52.82,768.61,29.0,0.23,0,1.9,1,0
14747,Noe Sushi Bar,105,3,56.85,314.88,53.0,0.36,0,4.1,0,0
14748,Noe Sushi Bar,47,3,49.0,421.01,34.0,0.43,1,4.2,0,1
14749,Kobe Sushi,118,5,19.29,310.97,54.0,0.18,0,17.9,0,0
14750,Nubori Experience,101,13,83.68,2352.14,72.0,0.65,0,8.2,1,0
14751,Kobe Sushi,20,7,10.0,119.61,54.0,0.19,0,3.9,0,1
14752,Kobe Sushi,98,8,23.46,497.6,49.0,0.89,0,2.5,0,1
14753,Noe Sushi Bar,22,3,41.87,207.71,49.0,0.53,0,2.0,0,0
14754,Noe Sushi Bar,48,5,39.65,591.78,52.0,0.17,0,3.8,0,1
14755,Noe Sushi Bar,82,4,33.54,269.86,60.0,0.18,0,24.9,0,0
14756,Chef Choy,16,3,23.83,112.08,49.0,0.59,0,2.9,0,1
14757,Noe Sushi Bar,5,3,48.96,512.28,51.0,0.24,0,11.6,0,0
14758,Noe Sushi Bar,65,6,41.3,643.52,43.0,0.08,0,7.9,1,0
14759,Noe Sushi Bar,83,8,22.27,443.95,64.0,0.11,0,1.7,0,1
14760,Kobe Sushi,74,8,26.32,595.03,45.0,0.43,0,5.4,1,1
14761,Noe Sushi Bar,21,5,47.49,481.63,29.0,0.16,2,0.5,0,0
14762,Nubori Experience,61,9,44.99,748.3,44.0,0.31,0,4.5,1,0
14763,Kobe Sushi,77,7,12.44,251.52,46.0,0.43,0,2.0,1,0
14764,Noe Sushi Bar,55,5,32.09,510.31,49.0,0.22,0,2.6,0,1
14765,Nubori Experience,24,7,69.83,1567.59,47.0,0.44,0,10.1,1,0
14766,Kobe Sushi,23,1,16.67,34.64,50.0,0.54,0,1.8,1,0
14767,Noe Sushi Bar,87,6,35.67,346.85,49.0,0.78,0,21.0,0,1
14768,Nubori Experience,11,8,46.03,934.67,44.0,0.04,0,7.5,1,1
14769,Kobe Sushi,47,3,17.13,142.16,58.0,0.36,0,1.9,0,1
14770,Kobe Sushi,2,4,25.95,403.42,23.0,0.29,0,4.8,0,1
14771,Nubori Experience,70,4,76.32,483.12,75.0,0.46,0,8.3,1,0
14772,Nubori Experience,53,4,50.89,419.58,68.0,0.36,0,6.6,1,1
14773,Noe Sushi Bar,11,9,19.75,598.3,43.0,0.38,0,8.5,0,0
14774,Noe Sushi Bar,15,3,46.15,472.7,62.0,0.56,0,1.0,0,0
14775,Nubori Experience,73,4,71.05,865.88,69.0,0.32,0,3.6,0,1
14776,Noe Sushi Bar,12,8,34.48,487.78,26.0,0.53,1,3.8,0,1
14777,Kobe Sushi,36,8,10.22,246.5,46.0,0.54,0,10.8,0,1
14778,Kobe Sushi,92,5,25.45,394.01,66.0,0.45,0,2.3,0,0
14779,Noe Sushi Bar,23,8,25.84,596.33,27.0,0.52,1,0.5,0,1
14780,Nubori Experience,27,6,66.16,1273.53,50.0,0.53,0,6.1,0,0
14781,Nubori Experience,88,7,62.55,1444.2,44.0,0.28,0,7.2,1,0
14782,Nubori Experience,14,5,83.55,1522.79,64.0,0.7,1,7.4,0,1
14783,Nubori Experience,54,5,64.91,873.27,40.0,0.6,0,0.5,0,1
14784,Noe Sushi Bar,99,6,28.87,647.74,49.0,0.06,0,4.4,1,0
14785,Noe Sushi Bar,27,10,44.79,1262.7,34.0,0.31,0,0.5,0,0
14786,Chef Choy,21,5,25.38,347.4,79.0,0.32,0,0.8,0,1
14787,Noe Sushi Bar,49,9,47.57,789.1,34.0,0.2,0,7.6,0,0
14788,Noe Sushi Bar,62,5,51.91,448.96,56.0,0.56,0,4.5,0,1
14789,Kobe Sushi,77,2,22.24,126.53,57.0,0.13,0,0.7,0,1
14790,Nubori Experience,72,4,49.88,315.87,20.0,0.3,0,5.7,1,0
14791,Noe Sushi Bar,44,7,42.79,1014.62,24.0,0.24,0,8.8,0,1
14792,Kobe Sushi,108,5,10.0,158.4,20.0,0.04,0,0.5,0,1
14793,Noe Sushi Bar,44,3,44.25,477.84,37.0,0.11,0,0.5,0,0
14794,Noe Sushi Bar,98,5,53.61,944.85,51.0,0.48,0,11.4,0,0
14795,Kobe Sushi,61,4,17.73,120.42,38.0,0.42,0,15.5,0,0
14796,Nubori Experience,42,3,91.05,548.33,65.0,0.15,0,2.8,0,1
14797,Kobe Sushi,23,4,15.03,102.78,39.0,0.34,0,5.0,1,0
14798,Kobe Sushi,73,9,25.61,393.59,32.0,0.22,1,1.5,0,0
14799,Noe Sushi Bar,1,9,41.8,1496.46,31.0,0.46,0,4.8,0,0
14800,Noe Sushi Bar,36,7,47.32,1047.44,27.0,0.52,1,0.5,0,0
14801,Nubori Experience,55,4,65.94,398.89,30.0,0.4,0,8.7,1,1
14802,Nubori Experience,110,5,67.87,764.18,38.0,0.02,0,1.5,0,1
14803,Nubori Experience,16,4,61.03,510.08,66.0,0.43,3,15.0,0,1
14804,Kobe Sushi,89,6,24.53,409.96,71.0,0.22,0,1.8,0,1
14805,Kobe Sushi,18,10,10.0,205.39,43.0,0.43,0,3.4,0,0
14806,Noe Sushi Bar,98,3,50.9,365.7,28.0,0.64,0,24.0,1,0
14807,Kobe Sushi,38,7,13.52,239.46,54.0,0.06,1,1.2,1,1
14808,Nubori Experience,67,6,92.75,1653.16,72.0,0.37,0,5.4,0,0
14809,Noe Sushi Bar,20,9,67.89,1227.8,20.0,0.04,0,1.1,0,0
14810,Nubori Experience,19,8,47.55,1168.27,36.0,0.48,0,8.9,0,0
14811,Kobe Sushi,13,9,30.72,682.55,20.0,0.15,2,10.3,0,1
14812,Noe Sushi Bar,17,7,63.98,827.1,52.0,0.06,0,3.3,1,0
14813,Noe Sushi Bar,78,8,33.71,568.01,34.0,0.43,0,11.8,0,0
14814,Kobe Sushi,30,10,20.89,570.86,43.0,0.22,0,1.2,0,1
14815,Noe Sushi Bar,86,3,30.96,328.74,37.0,0.34,0,0.5,0,1
14816,Noe Sushi Bar,43,6,43.5,1016.3,33.0,0.49,0,2.4,0,0
14817,Noe Sushi Bar,48,10,43.79,929.57,39.0,0.38,0,1.7,0,1
14818,Kobe Sushi,43,7,17.19,447.52,28.0,0.28,0,15.5,0,0
14819,Kobe Sushi,93,9,17.31,596.45,29.0,0.86,0,2.1,1,0
14820,Noe Sushi Bar,114,5,54.41,893.44,39.0,0.11,0,3.4,0,1
14821,Kobe Sushi,66,5,16.92,302.61,21.0,0.16,0,10.5,0,0
14822,Kobe Sushi,119,6,19.01,245.98,57.0,0.46,0,0.5,1,0
14823,Kobe Sushi,53,6,14.96,351.08,47.0,0.24,0,5.4,0,1
14824,Kobe Sushi,72,9,21.34,476.17,24.0,0.4,0,26.6,0,0
14825,Kobe Sushi,78,9,16.22,515.16,72.0,0.38,0,0.9,0,1
14826,Kobe Sushi,34,7,25.4,344.89,24.0,0.15,0,14.9,0,0
14827,Noe Sushi Bar,77,6,45.28,430.96,27.0,0.39,0,5.5,0,0
14828,Noe Sushi Bar,74,6,40.05,850.94,40.0,0.2,1,9.4,1,0
14829,Noe Sushi Bar,72,5,31.25,296.67,51.0,0.49,0,13.0,0,0
14830,Nubori Experience,71,11,51.6,1527.23,52.0,0.23,0,6.9,1,0
14831,Noe Sushi Bar,13,5,35.13,693.16,37.0,0.09,0,1.9,0,0
14832,Noe Sushi Bar,90,6,43.58,955.75,49.0,0.07,0,0.5,0,1
14833,Nubori Experience,56,13,70.69,2461.84,27.0,0.37,0,2.6,0,0
14834,Noe Sushi Bar,59,2,43.49,233.88,54.0,0.24,0,13.3,0,0
14835,Noe Sushi Bar,32,5,34.48,666.89,50.0,0.35,0,4.7,0,1
14836,Noe Sushi Bar,83,9,49.25,1683.2,38.0,0.21,0,28.1,0,0
14837,Noe Sushi Bar,120,6,49.79,583.61,48.0,0.15,0,6.5,1,0
14838,Chef Choy,79,5,18.85,329.32,37.0,0.3,0,1.3,0,1
14839,Kobe Sushi,54,4,15.46,229.55,29.0,0.39,0,10.4,0,0
14840,Kobe Sushi,2,5,22.16,233.32,57.0,0.21,1,2.5,0,0
14841,Kobe Sushi,118,7,10.0,187.7,27.0,0.24,0,12.4,1,0
14842,Kobe Sushi,37,9,14.74,393.35,38.0,0.35,0,0.5,0,1
14843,Kobe Sushi,83,4,22.05,178.8,65.0,0.48,0,4.9,1,0
14844,Noe Sushi Bar,97,6,64.6,1212.12,49.0,0.12,0,6.9,1,0
14845,Chef Choy,103,5,33.77,653.94,44.0,0.39,0,30.0,1,0
14846,Chef Choy,114,7,29.49,431.83,30.0,0.66,0,4.9,1,0
14847,Kobe Sushi,33,5,12.0,174.62,33.0,0.22,0,5.6,0,0
14848,Nubori Experience,1,5,65.76,956.72,50.0,0.44,0,14.8,1,0
14849,Noe Sushi Bar,103,5,52.9,401.73,58.0,0.06,0,0.5,1,0
14850,Kobe Sushi,28,6,10.69,256.37,29.0,0.55,0,12.4,0,0
14851,Nubori Experience,17,9,72.1,993.11,21.0,0.63,0,2.0,0,0
14852,Noe Sushi Bar,57,4,62.78,656.38,56.0,0.54,0,4.4,0,1
14853,Noe Sushi Bar,70,5,32.56,582.22,79.0,0.48,0,2.6,0,1
14854,Kobe Sushi,52,5,19.83,176.54,40.0,0.48,0,3.1,0,0
14855,Noe Sushi Bar,44,3,46.2,426.64,31.0,0.36,0,14.3,1,0
14856,Nubori Experience,84,6,56.74,1105.23,48.0,0.46,0,0.5,0,1
14857,Noe Sushi Bar,47,3,34.84,371.28,53.0,0.12,0,8.2,0,0
14858,Noe Sushi Bar,13,6,49.19,840.92,20.0,0.28,0,8.6,0,1
14859,Noe Sushi Bar,76,4,42.37,530.29,35.0,0.41,0,7.9,0,0
14860,Nubori Experience,30,5,39.74,731.99,33.0,0.21,0,19.3,0,1
14861,Kobe Sushi,85,4,16.87,265.79,42.0,0.18,0,9.9,0,0
14862,Noe Sushi Bar,66,7,37.04,920.77,52.0,0.23,0,1.9,1,1
14863,Kobe Sushi,53,2,17.89,107.01,59.0,0.61,0,13.8,1,0
14864,Noe Sushi Bar,18,11,58.57,1115.86,46.0,0.15,0,3.8,0,1
14865,Noe Sushi Bar,28,6,48.54,675.99,44.0,0.18,0,5.6,1,0
14866,Kobe Sushi,4,8,23.59,509.03,73.0,0.36,0,5.1,0,0
14867,Noe Sushi Bar,42,4,54.3,781.92,57.0,0.24,0,8.3,0,0
14868,Noe Sushi Bar,107,4,73.45,604.24,20.0,0.34,1,7.7,1,0
14869,Kobe Sushi,117,10,26.42,955.49,51.0,0.38,0,3.2,0,0
14870,Noe Sushi Bar,6,8,42.03,904.83,46.0,0.24,0,3.2,0,0
14871,Kobe Sushi,102,4,13.19,172.09,24.0,0.03,0,0.6,0,1
14872,Noe Sushi Bar,9,3,34.67,221.18,38.0,0.06,0,16.5,0,0
14873,Kobe Sushi,20,6,15.52,170.72,64.0,0.2,0,15.2,0,1
14874,Noe Sushi Bar,109,9,51.04,1241.74,32.0,0.22,0,7.2,0,0
14875,Chef Choy,94,5,19.86,161.17,60.0,0.17,0,0.5,1,0
14876,Noe Sushi Bar,101,5,56.52,1108.17,64.0,0.22,3,11.3,1,0
14877,Kobe Sushi,38,4,21.16,133.84,27.0,0.41,0,2.2,1,0
14878,Nubori Experience,68,4,77.62,576.56,55.0,0.18,0,19.9,0,0
14879,Noe Sushi Bar,102,5,26.97,348.34,26.0,0.29,0,17.2,0,0
14880,Kobe Sushi,50,4,19.79,245.19,49.0,0.08,0,13.8,0,0
14881,Nubori Experience,60,7,78.46,1658.66,20.0,0.46,0,0.5,0,0
14882,Kobe Sushi,13,6,25.18,352.46,20.0,0.19,0,0.5,0,1
14883,Noe Sushi Bar,119,12,54.04,1477.44,32.0,0.26,2,7.6,1,0
14884,Noe Sushi Bar,99,6,50.27,1075.92,53.0,0.37,0,7.7,0,1
14885,Noe Sushi Bar,94,7,66.7,837.2,41.0,0.56,0,3.0,0,0
14886,Nubori Experience,42,4,71.36,954.33,60.0,0.31,0,16.2,0,0
14887,Noe Sushi Bar,68,6,38.2,358.4,22.0,0.67,0,0.5,0,0
14888,Kobe Sushi,25,5,19.22,217.17,62.0,0.38,0,4.3,0,1
14889,Nubori Experience,31,2,61.29,345.35,42.0,0.25,0,3.2,0,0
14890,Nubori Experience,111,5,60.29,886.36,37.0,0.14,0,4.2,0,0
14891,Noe Sushi Bar,12,3,63.79,662.57,39.0,0.42,1,5.5,1,1
14892,Noe Sushi Bar,64,2,35.33,277.52,49.0,0.03,0,2.6,0,1
14893,Kobe Sushi,79,4,11.49,151.57,31.0,0.16,0,15.6,0,0
14894,Chef Choy,61,6,31.53,379.32,91.0,0.76,0,4.3,0,0
14895,Kobe Sushi,53,7,11.69,262.79,46.0,0.24,0,0.5,0,0
14896,Kobe Sushi,26,5,14.13,173.8,35.0,0.22,1,2.1,1,0
14897,Noe Sushi Bar,61,9,47.92,817.01,50.0,0.66,0,6.4,0,1
14898,Kobe Sushi,10,4,24.66,149.89,54.0,0.26,0,2.6,0,1
14899,Kobe Sushi,12,6,16.22,184.49,29.0,0.17,1,2.1,0,0
14900,Noe Sushi Bar,22,5,42.1,809.73,47.0,0.22,0,3.7,0,0
14901,Kobe Sushi,104,2,23.74,166.35,32.0,0.34,0,1.9,0,1
14902,Kobe Sushi,53,7,14.23,319.79,43.0,0.51,0,1.9,0,1
14903,Kobe Sushi,21,6,14.28,132.45,32.0,0.1,0,12.6,0,0
14904,Kobe Sushi,35,4,24.04,189.51,48.0,0.4,0,6.5,0,1
14905,Noe Sushi Bar,71,1,43.3,170.91,66.0,0.32,0,10.3,0,0
14906,Nubori Experience,82,7,62.18,1703.25,39.0,0.04,1,0.5,1,0
14907,Noe Sushi Bar,27,5,59.57,868.38,27.0,0.18,0,5.6,0,1
14908,Noe Sushi Bar,60,8,59.05,1735.08,57.0,0.24,0,5.2,1,0
14909,Kobe Sushi,99,7,14.94,375.51,55.0,0.39,0,25.8,1,0
14910,Kobe Sushi,47,10,13.08,223.72,65.0,0.2,0,2.0,1,0
14911,Kobe Sushi,66,6,16.63,195.19,60.0,0.28,0,4.1,1,0
14912,Noe Sushi Bar,96,8,43.03,927.14,60.0,0.44,0,1.8,0,0
14913,Noe Sushi Bar,15,5,55.95,1000.63,65.0,0.17,2,3.5,0,1
14914,Noe Sushi Bar,109,5,60.36,1082.86,49.0,0.36,0,0.5,1,0
14915,Kobe Sushi,24,5,20.92,166.43,32.0,0.52,0,1.9,0,0
14916,Kobe Sushi,84,6,17.2,294.99,28.0,0.42,0,0.6,1,0
14917,Chef Choy,10,8,19.93,525.64,66.0,0.29,0,9.1,0,0
14918,Kobe Sushi,120,8,12.84,170.22,54.0,0.14,0,2.1,0,0
14919,Noe Sushi Bar,88,9,61.0,1063.39,32.0,0.45,1,3.1,0,0
14920,Noe Sushi Bar,24,5,69.39,882.98,32.0,0.43,0,2.0,0,0
14921,Noe Sushi Bar,88,5,32.89,573.19,21.0,0.32,0,30.0,1,0
14922,Nubori Experience,104,6,54.78,712.78,52.0,0.35,0,11.5,1,0
14923,Nubori Experience,112,5,56.88,1053.69,60.0,0.44,0,30.0,0,0
14924,Noe Sushi Bar,57,8,50.61,1568.87,66.0,0.29,1,22.7,0,1
14925,Noe Sushi Bar,112,7,36.36,640.2,28.0,0.23,0,1.7,0,1
14926,Kobe Sushi,34,10,15.52,499.08,48.0,0.47,1,4.0,1,0
14927,Nubori Experience,41,9,72.02,2497.22,36.0,0.37,0,7.5,0,1
14928,Noe Sushi Bar,40,11,31.23,1160.24,39.0,0.57,0,4.1,0,1
14929,Kobe Sushi,11,4,17.88,239.22,40.0,0.38,0,3.2,0,0
14930,Noe Sushi Bar,90,5,43.13,516.14,34.0,0.77,0,5.8,0,1
14931,Kobe Sushi,1,8,10.0,294.7,54.0,0.64,0,19.3,0,0
14932,Noe Sushi Bar,30,12,47.87,2263.33,33.0,0.24,0,3.6,0,0
14933,Noe Sushi Bar,117,3,38.87,314.44,48.0,0.16,0,0.8,0,1
14934,Kobe Sushi,43,9,23.52,381.84,23.0,0.45,0,0.5,0,1
14935,Kobe Sushi,82,10,14.49,469.69,50.0,0.28,0,1.8,0,0
14936,Nubori Experience,26,10,34.34,1356.74,48.0,0.55,0,1.4,1,0
14937,Chef Choy,53,7,17.04,406.82,62.0,0.35,0,6.4,0,1
14938,Nubori Experience,47,6,77.56,1375.44,57.0,0.34,0,8.9,1,0
14939,Kobe Sushi,120,7,16.72,212.37,62.0,0.42,0,2.6,0,1
14940,Chef Choy,9,4,13.15,189.68,62.0,0.4,0,0.5,0,1
14941,Noe Sushi Bar,9,4,35.46,303.09,66.0,0.17,0,4.5,0,0
14942,Kobe Sushi,1,3,18.44,168.3,30.0,0.74,0,0.5,0,1
14943,Kobe Sushi,71,5,24.93,204.88,39.0,0.31,0,14.2,1,0
14944,Kobe Sushi,44,9,19.47,537.15,40.0,0.56,0,5.8,0,0
14945,Kobe Sushi,59,6,30.81,546.69,63.0,0.24,0,2.7,1,0
14946,Nubori Experience,56,9,60.7,1097.93,37.0,0.34,0,2.6,0,1
14947,Kobe Sushi,106,5,22.14,257.0,26.0,0.54,2,12.6,1,0
14948,Noe Sushi Bar,51,5,39.51,773.24,62.0,0.45,0,13.6,0,0
14949,Noe Sushi Bar,16,10,37.25,574.66,41.0,0.27,0,3.0,0,1
14950,Kobe Sushi,38,4,21.13,176.2,52.0,0.39,0,10.0,0,0
14951,Noe Sushi Bar,11,6,39.89,517.99,58.0,0.14,0,8.1,1,0
14952,Kobe Sushi,115,6,13.54,315.52,40.0,0.39,0,1.8,1,0
14953,Chef Choy,25,4,40.3,465.72,21.0,0.55,0,0.5,0,0
14954,Kobe Sushi,93,5,18.76,168.21,54.0,0.43,0,7.7,0,0
14955,Noe Sushi Bar,83,8,53.53,796.93,46.0,0.47,0,1.7,0,1
14956,Noe Sushi Bar,82,11,55.77,1762.01,34.0,0.38,0,3.7,1,0
14957,Nubori Experience,111,8,92.7,2105.72,41.0,0.59,0,4.6,1,0
14958,Nubori Experience,59,8,43.13,1202.33,53.0,0.29,0,11.1,1,0
14959,Noe Sushi Bar,29,7,50.56,829.89,33.0,0.19,0,11.2,1,0
14960,Kobe Sushi,80,8,22.46,327.22,22.0,0.32,0,6.1,0,1
14961,Noe Sushi Bar,110,4,44.26,281.92,38.0,0.37,1,8.4,0,0
14962,Chef Choy,40,8,29.87,770.76,22.0,0.36,0,6.4,0,0
14963,Nubori Experience,8,4,96.0,627.0,57.0,0.38,0,2.2,1,0
14964,Kobe Sushi,98,3,13.13,70.53,37.0,0.55,0,7.9,0,1
14965,Kobe Sushi,6,7,10.0,189.54,60.0,0.34,0,15.6,0,0
14966,Chef Choy,45,5,13.1,158.87,49.0,0.28,1,8.2,0,1
14967,Noe Sushi Bar,109,7,57.22,1253.79,70.0,0.5,0,0.5,1,0
14968,Kobe Sushi,53,2,23.05,142.5,61.0,0.44,0,2.9,0,1
14969,Noe Sushi Bar,94,2,40.4,314.23,27.0,0.39,0,7.6,1,0
14970,Noe Sushi Bar,108,4,33.6,296.6,33.0,0.13,0,20.9,1,0
14971,Nubori Experience,98,9,44.74,1162.15,59.0,0.1,0,5.2,0,0
14972,Noe Sushi Bar,21,4,47.61,634.15,73.0,0.27,2,5.7,0,0
14973,Kobe Sushi,116,6,18.25,207.03,56.0,0.15,0,11.0,1,0
14974,Kobe Sushi,57,7,21.65,599.08,81.0,0.73,0,0.9,0,0
14975,Kobe Sushi,76,6,11.69,251.26,62.0,0.43,0,3.0,0,1
14976,Noe Sushi Bar,113,4,60.34,472.18,67.0,0.02,0,1.5,0,1
14977,Noe Sushi Bar,6,9,35.9,1091.56,46.0,0.17,0,2.8,0,0
14978,Kobe Sushi,103,7,16.3,426.8,30.0,0.11,0,4.9,0,1
14979,Noe Sushi Bar,63,7,34.54,373.13,58.0,0.48,0,1.8,1,0
14980,Noe Sushi Bar,6,8,50.01,624.58,67.0,0.33,1,12.9,0,0
14981,Kobe Sushi,53,4,17.95,144.77,24.0,0.43,1,3.3,1,0
14982,Kobe Sushi,4,6,25.68,528.49,35.0,0.16,0,2.8,0,0
14983,Nubori Experience,117,7,43.7,893.68,59.0,0.16,0,1.4,0,1
14984,Kobe Sushi,9,6,15.02,165.85,39.0,0.17,0,0.5,0,0
14985,Chef Choy,69,6,21.5,403.61,82.0,0.32,3,20.9,1,0
14986,Noe Sushi Bar,74,5,55.32,529.54,20.0,0.53,0,0.6,1,0
14987,Chef Choy,111,5,18.55,180.48,37.0,0.88,0,12.3,0,0
14988,Chef Choy,72,5,38.41,678.82,21.0,0.07,0,8.0,0,0
14989,Noe Sushi Bar,87,6,23.76,433.91,28.0,0.45,0,15.3,0,1
14990,Nubori Experience,4,8,81.76,1680.37,54.0,0.38,0,0.7,0,1
14991,Nubori Experience,58,8,62.06,1808.58,47.0,0.63,0,13.7,1,0
14992,Noe Sushi Bar,37,4,53.61,353.7,53.0,0.36,0,0.7,0,0
14993,Kobe Sushi,71,6,18.39,306.85,44.0,0.51,0,0.7,0,1
14994,Kobe Sushi,6,6,22.19,369.49,57.0,0.38,0,0.8,0,1
14995,Chef Choy,109,3,25.33,236.42,59.0,0.04,0,8.2,0,0
14996,Noe Sushi Bar,51,3,22.9,179.47,78.0,0.21,0,1.6,1,1
14997,Kobe Sushi,106,7,19.86,214.17,28.0,0.11,0,4.6,0,1
14998,Kobe Sushi,79,18,16.93,540.76,26.0,0.49,0,0.8,0,1
14999,Noe Sushi Bar,99,5,54.92,689.99,20.0,0.33,0,16.4,0,0
15000,Kobe Sushi,50,4,13.34,81.36,50.0,0.08,0,6.8,1,0
